source_run,model_label,serving_mode,source_file,model,isl,osl,prefix,concurrency,request_rate,bs,global_bs,ttft,tpot,request_latency,seq/s,seq/s/gpu,tokens/s,tokens/s/gpu,tokens/s/user,num_total_gpus,tp,pp,dp,moe_tp,moe_ep,parallel,gemm,kvcache,fmha,moe,comm,memory,balance_score,num_ctx_reqs,num_gen_reqs,num_tokens,ctx_tokens,gen_tokens,backend,version,system,power_w,tokens/s/gpu_cluster,(p)bs,(p)global_bs,(p)workers,(d)bs,(d)global_bs,(d)workers,(p)seq/s/worker,(d)seq/s/worker,(p)tp,(p)pp,(p)dp,(p)moe_tp,(p)moe_ep,(p)parallel,(p)gemm,(p)kvcache,(p)fmha,(p)moe,(p)comm,(p)memory,(p)backend,(p)version,(p)system,(d)tp,(d)pp,(d)dp,(d)moe_tp,(d)moe_ep,(d)parallel,(d)gemm,(d)kvcache,(d)fmha,(d)moe,(d)comm,(d)memory,(d)backend,(d)version,(d)system,(e)workers,(e)tp,(e)pp,(e)parallel,(e)memory,backend_label,satisfies_sla,cluster_total_gpus,raw_candidate_tps,cluster_tps_72gpu,output_token_throughput_72gpu,per_gpu_throughput_72gpu,per_gpu_output_token_throughput,per_user_tps,plot_label,is_model_pareto_frontier
glm_trtllm,GLM-5 NVFP4,agg,glm_trtllm/nvidia/GLM-5-NVFP4_gb300_trtllm_isl4000_osl1000_ttft2000_tpot30_444043/agg/pareto.csv,nvidia/GLM-5-NVFP4,4000,1000,0,2048,6.971,512.0,1024.0,1977.541,293.18,294864.17,6.971,1.743,6964.151,1741.038,3.411,4,1.0,2.0,2.0,1.0,2.0,tp1pp2dp2etp1ep2,nvfp4,fp8,bfloat16,nvfp4,half,255.193,0.512,1.0,511.0,4511.0,4000.0,511.0,trtllm,1.3.0rc10,gb300,0.0,1741.038,,,,,,,,,,,,,,,,,,,,,,,,,,,,,,,,,,,,,,,,,,,,trtllm,False,72,6964.151,125354.736,125354.736,1741.038,1741.038,3.411,GLM-5 NVFP4 / trtllm / agg,False
glm_trtllm,GLM-5 NVFP4,agg,glm_trtllm/nvidia/GLM-5-NVFP4_gb300_trtllm_isl4000_osl1000_ttft2000_tpot30_444043/agg/pareto.csv,nvidia/GLM-5-NVFP4,4000,1000,0,1920,6.928,480.0,960.0,1963.019,276.503,278189.914,6.928,1.732,6920.825,1730.206,3.617,4,1.0,2.0,2.0,1.0,2.0,tp1pp2dp2etp1ep2,nvfp4,fp8,bfloat16,nvfp4,half,246.22,0.48,1.0,479.0,4479.0,4000.0,479.0,trtllm,1.3.0rc10,gb300,0.0,1730.206,,,,,,,,,,,,,,,,,,,,,,,,,,,,,,,,,,,,,,,,,,,,trtllm,False,72,6920.825,124574.832,124574.832,1730.206,1730.206,3.617,GLM-5 NVFP4 / trtllm / agg,False
glm_trtllm,GLM-5 NVFP4,agg,glm_trtllm/nvidia/GLM-5-NVFP4_gb300_trtllm_isl4000_osl1000_ttft2000_tpot30_444043/agg/pareto.csv,nvidia/GLM-5-NVFP4,4000,1000,0,1792,6.878,448.0,896.0,1948.497,259.845,261533.842,6.878,1.72,6871.487,1717.872,3.848,4,1.0,2.0,2.0,1.0,2.0,tp1pp2dp2etp1ep2,nvfp4,fp8,bfloat16,nvfp4,half,237.247,0.448,1.0,447.0,4447.0,4000.0,447.0,trtllm,1.3.0rc10,gb300,0.0,1717.872,,,,,,,,,,,,,,,,,,,,,,,,,,,,,,,,,,,,,,,,,,,,trtllm,False,72,6871.487,123686.784,123686.784,1717.872,1717.872,3.848,GLM-5 NVFP4 / trtllm / agg,False
glm_trtllm,GLM-5 NVFP4,agg,glm_trtllm/nvidia/GLM-5-NVFP4_gb300_trtllm_isl4000_osl1000_ttft2000_tpot30_444043/agg/pareto.csv,nvidia/GLM-5-NVFP4,4000,1000,0,1664,6.822,416.0,832.0,1933.975,243.205,244895.952,6.822,1.705,6814.918,1703.729,4.112,4,1.0,2.0,2.0,1.0,2.0,tp1pp2dp2etp1ep2,nvfp4,fp8,bfloat16,nvfp4,half,228.274,0.416,1.0,415.0,4415.0,4000.0,415.0,trtllm,1.3.0rc10,gb300,0.0,1703.729,,,,,,,,,,,,,,,,,,,,,,,,,,,,,,,,,,,,,,,,,,,,trtllm,False,72,6814.918,122668.488,122668.488,1703.729,1703.729,4.112,GLM-5 NVFP4 / trtllm / agg,False
glm_trtllm,GLM-5 NVFP4,agg,glm_trtllm/nvidia/GLM-5-NVFP4_gb300_trtllm_isl4000_osl1000_ttft2000_tpot30_444043/agg/pareto.csv,nvidia/GLM-5-NVFP4,4000,1000,0,1536,6.754,384.0,768.0,1919.453,226.654,228346.726,6.754,1.689,6747.461,1686.865,4.412,4,1.0,2.0,2.0,1.0,2.0,tp1pp2dp2etp1ep2,nvfp4,fp8,bfloat16,nvfp4,half,219.301,0.384,1.0,383.0,4383.0,4000.0,383.0,trtllm,1.3.0rc10,gb300,0.0,1686.865,,,,,,,,,,,,,,,,,,,,,,,,,,,,,,,,,,,,,,,,,,,,trtllm,False,72,6747.461,121454.28,121454.28,1686.865,1686.865,4.412,GLM-5 NVFP4 / trtllm / agg,False
glm_trtllm,GLM-5 NVFP4,agg,glm_trtllm/nvidia/GLM-5-NVFP4_gb300_trtllm_isl4000_osl1000_ttft2000_tpot30_444043/agg/pareto.csv,nvidia/GLM-5-NVFP4,4000,1000,0,1408,6.688,352.0,704.0,1905.15,209.727,211422.47,6.688,1.672,6681.299,1670.325,4.768,4,1.0,2.0,2.0,1.0,2.0,tp1pp2dp2etp1ep2,nvfp4,fp8,bfloat16,nvfp4,half,210.328,0.352,1.0,351.0,4351.0,4000.0,351.0,trtllm,1.3.0rc10,gb300,0.0,1670.325,,,,,,,,,,,,,,,,,,,,,,,,,,,,,,,,,,,,,,,,,,,,trtllm,False,72,6681.299,120263.40000000001,120263.40000000001,1670.325,1670.325,4.768,GLM-5 NVFP4 / trtllm / agg,False
glm_trtllm,GLM-5 NVFP4,agg,glm_trtllm/nvidia/GLM-5-NVFP4_gb300_trtllm_isl4000_osl1000_ttft2000_tpot30_444043/agg/pareto.csv,nvidia/GLM-5-NVFP4,4000,1000,0,1280,6.611,320.0,640.0,1890.674,192.769,194466.781,6.611,1.653,6604.666,1651.167,5.188,4,1.0,2.0,2.0,1.0,2.0,tp1pp2dp2etp1ep2,nvfp4,fp8,bfloat16,nvfp4,half,201.356,0.32,1.0,319.0,4319.0,4000.0,319.0,trtllm,1.3.0rc10,gb300,0.0,1651.167,,,,,,,,,,,,,,,,,,,,,,,,,,,,,,,,,,,,,,,,,,,,trtllm,False,72,6604.666,118884.02399999999,118884.02399999999,1651.167,1651.167,5.188,GLM-5 NVFP4 / trtllm / agg,False
glm_trtllm,GLM-5 NVFP4,agg,glm_trtllm/nvidia/GLM-5-NVFP4_gb300_trtllm_isl4000_osl1000_ttft2000_tpot30_444043/agg/pareto.csv,nvidia/GLM-5-NVFP4,4000,1000,0,1152,6.52,288.0,576.0,1876.197,175.795,177495.653,6.52,1.63,6513.926,1628.482,5.688,4,1.0,2.0,2.0,1.0,2.0,tp1pp2dp2etp1ep2,nvfp4,fp8,bfloat16,nvfp4,half,192.383,0.288,1.0,287.0,4287.0,4000.0,287.0,trtllm,1.3.0rc10,gb300,0.0,1628.482,,,,,,,,,,,,,,,,,,,,,,,,,,,,,,,,,,,,,,,,,,,,trtllm,False,72,6513.926,117250.704,117250.704,1628.482,1628.482,5.688,GLM-5 NVFP4 / trtllm / agg,False
glm_trtllm,GLM-5 NVFP4,agg,glm_trtllm/nvidia/GLM-5-NVFP4_gb300_trtllm_isl4000_osl1000_ttft2000_tpot30_444043/agg/pareto.csv,nvidia/GLM-5-NVFP4,4000,1000,0,1024,6.414,256.0,512.0,1861.722,158.738,160440.592,6.414,1.603,6407.308,1601.827,6.3,4,1.0,2.0,2.0,1.0,2.0,tp1pp2dp2etp1ep2,nvfp4,fp8,bfloat16,nvfp4,half,183.41,0.256,1.0,255.0,4255.0,4000.0,255.0,trtllm,1.3.0rc10,gb300,0.0,1601.827,,,,,,,,,,,,,,,,,,,,,,,,,,,,,,,,,,,,,,,,,,,,trtllm,False,72,6407.308,115331.544,115331.544,1601.827,1601.827,6.3,GLM-5 NVFP4 / trtllm / agg,False
glm_trtllm,GLM-5 NVFP4,agg,glm_trtllm/nvidia/GLM-5-NVFP4_gb300_trtllm_isl4000_osl1000_ttft2000_tpot30_444043/agg/pareto.csv,nvidia/GLM-5-NVFP4,4000,1000,0,960,6.345,240.0,480.0,1854.499,150.354,152058.328,6.345,1.586,6338.917,1584.729,6.651,4,1.0,2.0,2.0,1.0,2.0,tp1pp2dp2etp1ep2,nvfp4,fp8,bfloat16,nvfp4,half,178.923,0.24,1.0,239.0,4239.0,4000.0,239.0,trtllm,1.3.0rc10,gb300,0.0,1584.729,,,,,,,,,,,,,,,,,,,,,,,,,,,,,,,,,,,,,,,,,,,,trtllm,False,72,6338.917,114100.488,114100.488,1584.729,1584.729,6.651,GLM-5 NVFP4 / trtllm / agg,False
glm_trtllm,GLM-5 NVFP4,agg,glm_trtllm/nvidia/GLM-5-NVFP4_gb300_trtllm_isl4000_osl1000_ttft2000_tpot30_444043/agg/pareto.csv,nvidia/GLM-5-NVFP4,4000,1000,0,896,6.269,224.0,448.0,1847.276,141.972,143676.812,6.269,1.567,6262.488,1565.622,7.044,4,1.0,2.0,2.0,1.0,2.0,tp1pp2dp2etp1ep2,nvfp4,fp8,bfloat16,nvfp4,half,174.437,0.224,1.0,223.0,4223.0,4000.0,223.0,trtllm,1.3.0rc10,gb300,0.0,1565.622,,,,,,,,,,,,,,,,,,,,,,,,,,,,,,,,,,,,,,,,,,,,trtllm,False,72,6262.488,112724.784,112724.784,1565.622,1565.622,7.044,GLM-5 NVFP4 / trtllm / agg,False
glm_trtllm,GLM-5 NVFP4,agg,glm_trtllm/nvidia/GLM-5-NVFP4_gb300_trtllm_isl4000_osl1000_ttft2000_tpot30_444043/agg/pareto.csv,nvidia/GLM-5-NVFP4,4000,1000,0,416,3.092,208.0,416.0,1839.784,133.569,135275.11,3.092,1.546,3088.741,1544.37,7.487,2,1.0,1.0,2.0,1.0,2.0,tp1pp1dp2etp1ep2,nvfp4,fp8,bfloat16,nvfp4,half,271.327,0.208,1.0,207.0,4207.0,4000.0,207.0,trtllm,1.3.0rc10,gb300,0.0,1544.37,,,,,,,,,,,,,,,,,,,,,,,,,,,,,,,,,,,,,,,,,,,,trtllm,False,72,3088.741,111194.63999999998,111194.63999999998,1544.37,1544.37,7.487,GLM-5 NVFP4 / trtllm / agg,False
glm_trtllm,GLM-5 NVFP4,agg,glm_trtllm/nvidia/GLM-5-NVFP4_gb300_trtllm_isl4000_osl1000_ttft2000_tpot30_444043/agg/pareto.csv,nvidia/GLM-5-NVFP4,4000,1000,0,384,3.043,192.0,384.0,1832.562,125.189,126896.27,3.043,1.522,3040.041,1520.021,7.988,2,1.0,1.0,2.0,1.0,2.0,tp1pp1dp2etp1ep2,nvfp4,fp8,bfloat16,nvfp4,half,266.841,0.192,1.0,191.0,4191.0,4000.0,191.0,trtllm,1.3.0rc10,gb300,0.0,1520.021,,,,,,,,,,,,,,,,,,,,,,,,,,,,,,,,,,,,,,,,,,,,trtllm,False,72,3040.041,109441.512,109441.512,1520.021,1520.021,7.988,GLM-5 NVFP4 / trtllm / agg,False
glm_trtllm,GLM-5 NVFP4,agg,glm_trtllm/nvidia/GLM-5-NVFP4_gb300_trtllm_isl4000_osl1000_ttft2000_tpot30_444043/agg/pareto.csv,nvidia/GLM-5-NVFP4,4000,1000,0,352,2.991,176.0,352.0,1825.34,116.685,118393.508,2.991,1.495,2987.567,1493.784,8.57,2,1.0,1.0,2.0,1.0,2.0,tp1pp1dp2etp1ep2,nvfp4,fp8,bfloat16,nvfp4,half,262.354,0.176,1.0,175.0,4175.0,4000.0,175.0,trtllm,1.3.0rc10,gb300,0.0,1493.784,,,,,,,,,,,,,,,,,,,,,,,,,,,,,,,,,,,,,,,,,,,,trtllm,False,72,2987.567,107552.448,107552.448,1493.784,1493.784,8.57,GLM-5 NVFP4 / trtllm / agg,False
glm_trtllm,GLM-5 NVFP4,agg,glm_trtllm/nvidia/GLM-5-NVFP4_gb300_trtllm_isl4000_osl1000_ttft2000_tpot30_444043/agg/pareto.csv,nvidia/GLM-5-NVFP4,4000,1000,0,320,2.931,160.0,320.0,1818.118,108.154,109864.235,2.931,1.465,2927.65,1463.825,9.246,2,1.0,1.0,2.0,1.0,2.0,tp1pp1dp2etp1ep2,nvfp4,fp8,bfloat16,nvfp4,half,257.868,0.16,1.0,159.0,4159.0,4000.0,159.0,trtllm,1.3.0rc10,gb300,0.0,1463.825,,,,,,,,,,,,,,,,,,,,,,,,,,,,,,,,,,,,,,,,,,,,trtllm,False,72,2927.65,105395.40000000001,105395.40000000001,1463.825,1463.825,9.246,GLM-5 NVFP4 / trtllm / agg,False
glm_trtllm,GLM-5 NVFP4,agg,glm_trtllm/nvidia/GLM-5-NVFP4_gb300_trtllm_isl4000_osl1000_ttft2000_tpot30_444043/agg/pareto.csv,nvidia/GLM-5-NVFP4,4000,1000,0,576,5.73,144.0,576.0,1914.187,99.395,101209.31,5.73,1.432,5723.791,1430.948,10.061,4,1.0,1.0,4.0,1.0,4.0,tp1pp1dp4etp1ep4,nvfp4,fp8,bfloat16,nvfp4,half,154.663,0.144,1.0,143.0,4143.0,4000.0,143.0,trtllm,1.3.0rc10,gb300,0.0,1430.948,,,,,,,,,,,,,,,,,,,,,,,,,,,,,,,,,,,,,,,,,,,,trtllm,False,72,5723.791,103028.25600000001,103028.25600000001,1430.948,1430.948,10.061,GLM-5 NVFP4 / trtllm / agg,False
glm_trtllm,GLM-5 NVFP4,agg,glm_trtllm/nvidia/GLM-5-NVFP4_gb300_trtllm_isl4000_osl1000_ttft2000_tpot30_444043/agg/pareto.csv,nvidia/GLM-5-NVFP4,4000,1000,0,512,5.6,128.0,512.0,1906.012,90.269,92084.675,5.6,1.4,5594.457,1398.614,11.078,4,1.0,1.0,4.0,1.0,4.0,tp1pp1dp4etp1ep4,nvfp4,fp8,bfloat16,nvfp4,half,150.176,0.128,1.0,127.0,4127.0,4000.0,127.0,trtllm,1.3.0rc10,gb300,0.0,1398.614,,,,,,,,,,,,,,,,,,,,,,,,,,,,,,,,,,,,,,,,,,,,trtllm,False,72,5594.457,100700.208,100700.208,1398.614,1398.614,11.078,GLM-5 NVFP4 / trtllm / agg,False
glm_trtllm,GLM-5 NVFP4,agg,glm_trtllm/nvidia/GLM-5-NVFP4_gb300_trtllm_isl4000_osl1000_ttft2000_tpot30_444043/agg/pareto.csv,nvidia/GLM-5-NVFP4,4000,1000,0,448,5.416,112.0,448.0,1898.443,81.535,83351.851,5.416,1.354,5410.826,1352.707,12.265,4,1.0,1.0,4.0,1.0,4.0,tp1pp1dp4etp1ep4,nvfp4,fp8,bfloat16,nvfp4,half,145.69,0.112,1.0,111.0,4111.0,4000.0,111.0,trtllm,1.3.0rc10,gb300,0.0,1352.707,,,,,,,,,,,,,,,,,,,,,,,,,,,,,,,,,,,,,,,,,,,,trtllm,False,72,5410.826,97394.90400000001,97394.90400000001,1352.707,1352.707,12.265,GLM-5 NVFP4 / trtllm / agg,False
glm_trtllm,GLM-5 NVFP4,agg,glm_trtllm/nvidia/GLM-5-NVFP4_gb300_trtllm_isl4000_osl1000_ttft2000_tpot30_444043/agg/pareto.csv,nvidia/GLM-5-NVFP4,4000,1000,0,384,5.185,96.0,384.0,1891.697,72.856,74675.109,5.185,1.296,5180.047,1295.012,13.726,4,1.0,1.0,4.0,1.0,4.0,tp1pp1dp4etp1ep4,nvfp4,fp8,bfloat16,nvfp4,half,141.203,0.096,1.0,95.0,4095.0,4000.0,95.0,trtllm,1.3.0rc10,gb300,0.0,1295.012,,,,,,,,,,,,,,,,,,,,,,,,,,,,,,,,,,,,,,,,,,,,trtllm,False,72,5180.047,93240.864,93240.864,1295.012,1295.012,13.726,GLM-5 NVFP4 / trtllm / agg,False
glm_trtllm,GLM-5 NVFP4,agg,glm_trtllm/nvidia/GLM-5-NVFP4_gb300_trtllm_isl4000_osl1000_ttft2000_tpot30_444043/agg/pareto.csv,nvidia/GLM-5-NVFP4,4000,1000,0,320,4.953,80.0,320.0,1884.666,63.386,65207.177,4.953,1.238,4947.899,1236.975,15.776,4,1.0,1.0,4.0,1.0,4.0,tp1pp1dp4etp1ep4,nvfp4,fp8,bfloat16,nvfp4,half,136.717,0.08,1.0,79.0,4079.0,4000.0,79.0,trtllm,1.3.0rc10,gb300,0.0,1236.975,,,,,,,,,,,,,,,,,,,,,,,,,,,,,,,,,,,,,,,,,,,,trtllm,False,72,4947.899,89062.2,89062.2,1236.975,1236.975,15.776,GLM-5 NVFP4 / trtllm / agg,False
glm_trtllm,GLM-5 NVFP4,agg,glm_trtllm/nvidia/GLM-5-NVFP4_gb300_trtllm_isl4000_osl1000_ttft2000_tpot30_444043/agg/pareto.csv,nvidia/GLM-5-NVFP4,4000,1000,0,256,4.677,64.0,256.0,1877.606,53.483,55307.367,4.677,1.169,4672.745,1168.186,18.697,4,1.0,1.0,4.0,1.0,4.0,tp1pp1dp4etp1ep4,nvfp4,fp8,bfloat16,nvfp4,half,132.23,0.064,1.0,63.0,4063.0,4000.0,63.0,trtllm,1.3.0rc10,gb300,0.0,1168.186,,,,,,,,,,,,,,,,,,,,,,,,,,,,,,,,,,,,,,,,,,,,trtllm,False,72,4672.745,84109.39199999999,84109.39199999999,1168.186,1168.186,18.697,GLM-5 NVFP4 / trtllm / agg,False
glm_trtllm,GLM-5 NVFP4,agg,glm_trtllm/nvidia/GLM-5-NVFP4_gb300_trtllm_isl4000_osl1000_ttft2000_tpot30_444043/agg/pareto.csv,nvidia/GLM-5-NVFP4,4000,1000,0,224,4.481,56.0,224.0,1873.854,48.73,50555.383,4.481,1.12,4476.464,1119.116,20.521,4,1.0,1.0,4.0,1.0,4.0,tp1pp1dp4etp1ep4,nvfp4,fp8,bfloat16,nvfp4,half,129.987,0.056,1.0,55.0,4055.0,4000.0,55.0,trtllm,1.3.0rc10,gb300,0.0,1119.116,,,,,,,,,,,,,,,,,,,,,,,,,,,,,,,,,,,,,,,,,,,,trtllm,False,72,4476.464,80576.352,80576.352,1119.116,1119.116,20.521,GLM-5 NVFP4 / trtllm / agg,False
glm_trtllm,GLM-5 NVFP4,agg,glm_trtllm/nvidia/GLM-5-NVFP4_gb300_trtllm_isl4000_osl1000_ttft2000_tpot30_444043/agg/pareto.csv,nvidia/GLM-5-NVFP4,4000,1000,0,192,4.25,48.0,192.0,1870.103,43.907,45733.116,4.25,1.062,4245.627,1061.407,22.775,4,1.0,1.0,4.0,1.0,4.0,tp1pp1dp4etp1ep4,nvfp4,fp8,bfloat16,nvfp4,half,127.744,0.048,1.0,47.0,4047.0,4000.0,47.0,trtllm,1.3.0rc10,gb300,0.0,1061.407,,,,,,,,,,,,,,,,,,,,,,,,,,,,,,,,,,,,,,,,,,,,trtllm,False,72,4245.627,76421.30399999999,76421.30399999999,1061.407,1061.407,22.775,GLM-5 NVFP4 / trtllm / agg,False
glm_trtllm,GLM-5 NVFP4,agg,glm_trtllm/nvidia/GLM-5-NVFP4_gb300_trtllm_isl4000_osl1000_ttft2000_tpot30_444043/agg/pareto.csv,nvidia/GLM-5-NVFP4,4000,1000,0,160,3.925,40.0,160.0,1796.363,39.482,41239.313,3.925,0.981,3921.131,980.283,25.328,4,1.0,1.0,4.0,1.0,4.0,tp1pp1dp4etp1ep4,nvfp4,fp8,bfloat16,nvfp4,half,125.501,0.04,1.0,39.0,4039.0,4000.0,39.0,trtllm,1.3.0rc10,gb300,0.0,980.283,,,,,,,,,,,,,,,,,,,,,,,,,,,,,,,,,,,,,,,,,,,,trtllm,False,72,3921.131,70580.376,70580.376,980.283,980.283,25.328,GLM-5 NVFP4 / trtllm / agg,False
glm_trtllm,GLM-5 NVFP4,agg,glm_trtllm/nvidia/GLM-5-NVFP4_gb300_trtllm_isl4000_osl1000_ttft2000_tpot30_444043/agg/pareto.csv,nvidia/GLM-5-NVFP4,4000,1000,0,128,3.58,32.0,128.0,1606.482,34.458,36029.854,3.58,0.895,3576.699,894.175,29.021,4,1.0,1.0,4.0,1.0,4.0,tp1pp1dp4etp1ep4,nvfp4,fp8,bfloat16,nvfp4,half,123.258,0.032,1.0,31.0,4031.0,4000.0,31.0,trtllm,1.3.0rc10,gb300,0.0,894.175,,,,,,,,,,,,,,,,,,,,,,,,,,,,,,,,,,,,,,,,,,,,trtllm,False,72,3576.699,64380.6,64380.6,894.175,894.175,29.021,GLM-5 NVFP4 / trtllm / agg,False
glm_trtllm,GLM-5 NVFP4,agg,glm_trtllm/nvidia/GLM-5-NVFP4_gb300_trtllm_isl4000_osl1000_ttft2000_tpot30_444043/agg/pareto.csv,nvidia/GLM-5-NVFP4,4000,1000,0,112,3.351,28.0,112.0,1511.789,32.121,33600.172,3.351,0.838,3347.971,836.993,31.133,4,1.0,1.0,4.0,1.0,4.0,tp1pp1dp4etp1ep4,nvfp4,fp8,bfloat16,nvfp4,half,122.136,0.028,1.0,27.0,4027.0,4000.0,27.0,trtllm,1.3.0rc10,gb300,0.0,836.993,,,,,,,,,,,,,,,,,,,,,,,,,,,,,,,,,,,,,,,,,,,,trtllm,False,72,3347.971,60263.49600000001,60263.49600000001,836.993,836.993,31.133,GLM-5 NVFP4 / trtllm / agg,False
glm_trtllm,GLM-5 NVFP4,agg,glm_trtllm/nvidia/GLM-5-NVFP4_gb300_trtllm_isl4000_osl1000_ttft2000_tpot30_444043/agg/pareto.csv,nvidia/GLM-5-NVFP4,4000,1000,0,96,3.086,24.0,96.0,1417.289,29.804,31191.737,3.086,0.771,3082.848,770.712,33.552,4,1.0,1.0,4.0,1.0,4.0,tp1pp1dp4etp1ep4,nvfp4,fp8,bfloat16,nvfp4,half,121.014,0.024,1.0,23.0,4023.0,4000.0,23.0,trtllm,1.3.0rc10,gb300,0.0,770.712,,,,,,,,,,,,,,,,,,,,,,,,,,,,,,,,,,,,,,,,,,,,trtllm,True,72,3082.848,55491.263999999996,55491.263999999996,770.712,770.712,33.552,GLM-5 NVFP4 / trtllm / agg,False
glm_trtllm,GLM-5 NVFP4,agg,glm_trtllm/nvidia/GLM-5-NVFP4_gb300_trtllm_isl4000_osl1000_ttft2000_tpot30_444043/agg/pareto.csv,nvidia/GLM-5-NVFP4,4000,1000,0,192,6.127,24.0,192.0,1718.851,29.735,31424.582,6.127,0.766,6120.829,765.104,33.63,8,1.0,1.0,8.0,1.0,8.0,tp1pp1dp8etp1ep8,nvfp4,fp8,bfloat16,nvfp4,half,71.655,0.024,1.0,23.0,4023.0,4000.0,23.0,trtllm,1.3.0rc10,gb300,0.0,765.104,,,,,,,,,,,,,,,,,,,,,,,,,,,,,,,,,,,,,,,,,,,,trtllm,True,72,6120.829,55087.488000000005,55087.488000000005,765.104,765.104,33.63,GLM-5 NVFP4 / trtllm / agg,False
glm_trtllm,GLM-5 NVFP4,agg,glm_trtllm/nvidia/GLM-5-NVFP4_gb300_trtllm_isl4000_osl1000_ttft2000_tpot30_444043/agg/pareto.csv,nvidia/GLM-5-NVFP4,4000,1000,0,160,5.584,20.0,160.0,1604.391,27.043,28620.64,5.584,0.698,5578.864,697.358,36.978,8,1.0,1.0,8.0,1.0,8.0,tp1pp1dp8etp1ep8,nvfp4,fp8,bfloat16,nvfp4,half,70.533,0.02,1.0,19.0,4019.0,4000.0,19.0,trtllm,1.3.0rc10,gb300,0.0,697.358,,,,,,,,,,,,,,,,,,,,,,,,,,,,,,,,,,,,,,,,,,,,trtllm,True,72,5578.864,50209.776,50209.776,697.358,697.358,36.978,GLM-5 NVFP4 / trtllm / agg,False
glm_trtllm,GLM-5 NVFP4,agg,glm_trtllm/nvidia/GLM-5-NVFP4_gb300_trtllm_isl4000_osl1000_ttft2000_tpot30_444043/agg/pareto.csv,nvidia/GLM-5-NVFP4,4000,1000,0,128,5.059,16.0,128.0,1490.215,23.684,25150.199,5.059,0.632,5054.299,631.787,42.223,8,1.0,1.0,8.0,1.0,8.0,tp1pp1dp8etp1ep8,nvfp4,fp8,bfloat16,nvfp4,half,69.412,0.016,1.0,15.0,4015.0,4000.0,15.0,trtllm,1.3.0rc10,gb300,0.0,631.787,,,,,,,,,,,,,,,,,,,,,,,,,,,,,,,,,,,,,,,,,,,,trtllm,True,72,5054.299,45488.664000000004,45488.664000000004,631.787,631.787,42.223,GLM-5 NVFP4 / trtllm / agg,True
glm_trtllm,GLM-5 NVFP4,agg,glm_trtllm/nvidia/GLM-5-NVFP4_gb300_trtllm_isl4000_osl1000_ttft2000_tpot30_444043/agg/pareto.csv,nvidia/GLM-5-NVFP4,4000,1000,0,120,4.881,15.0,120.0,1461.736,22.965,24403.892,4.881,0.61,4876.572,609.571,43.544,8,1.0,1.0,8.0,1.0,8.0,tp1pp1dp8etp1ep8,nvfp4,fp8,bfloat16,nvfp4,half,69.131,0.015,1.0,14.0,4014.0,4000.0,14.0,trtllm,1.3.0rc10,gb300,0.0,609.571,,,,,,,,,,,,,,,,,,,,,,,,,,,,,,,,,,,,,,,,,,,,trtllm,True,72,4876.572,43889.112,43889.112,609.571,609.571,43.544,GLM-5 NVFP4 / trtllm / agg,False
glm_trtllm,GLM-5 NVFP4,agg,glm_trtllm/nvidia/GLM-5-NVFP4_gb300_trtllm_isl4000_osl1000_ttft2000_tpot30_444043/agg/pareto.csv,nvidia/GLM-5-NVFP4,4000,1000,0,112,4.693,14.0,112.0,1433.272,22.247,23657.535,4.693,0.587,4688.181,586.023,44.951,8,1.0,1.0,8.0,1.0,8.0,tp1pp1dp8etp1ep8,nvfp4,fp8,bfloat16,nvfp4,half,68.851,0.014,1.0,13.0,4013.0,4000.0,13.0,trtllm,1.3.0rc10,gb300,0.0,586.023,,,,,,,,,,,,,,,,,,,,,,,,,,,,,,,,,,,,,,,,,,,,trtllm,True,72,4688.181,42193.656,42193.656,586.023,586.023,44.951,GLM-5 NVFP4 / trtllm / agg,False
glm_trtllm,GLM-5 NVFP4,agg,glm_trtllm/nvidia/GLM-5-NVFP4_gb300_trtllm_isl4000_osl1000_ttft2000_tpot30_444043/agg/pareto.csv,nvidia/GLM-5-NVFP4,4000,1000,0,104,4.493,13.0,104.0,1404.821,21.528,22911.125,4.493,0.562,4488.135,561.017,46.451,8,1.0,1.0,8.0,1.0,8.0,tp1pp1dp8etp1ep8,nvfp4,fp8,bfloat16,nvfp4,half,68.571,0.013,1.0,12.0,4012.0,4000.0,12.0,trtllm,1.3.0rc10,gb300,0.0,561.017,,,,,,,,,,,,,,,,,,,,,,,,,,,,,,,,,,,,,,,,,,,,trtllm,True,72,4488.135,40393.224,40393.224,561.017,561.017,46.451,GLM-5 NVFP4 / trtllm / agg,False
glm_trtllm,GLM-5 NVFP4,agg,glm_trtllm/nvidia/GLM-5-NVFP4_gb300_trtllm_isl4000_osl1000_ttft2000_tpot30_444043/agg/pareto.csv,nvidia/GLM-5-NVFP4,4000,1000,0,96,4.28,12.0,96.0,1376.384,20.809,22164.665,4.28,0.535,4275.315,534.414,48.056,8,1.0,1.0,8.0,1.0,8.0,tp1pp1dp8etp1ep8,nvfp4,fp8,bfloat16,nvfp4,half,68.29,0.012,1.0,11.0,4011.0,4000.0,11.0,trtllm,1.3.0rc10,gb300,0.0,534.414,,,,,,,,,,,,,,,,,,,,,,,,,,,,,,,,,,,,,,,,,,,,trtllm,True,72,4275.315,38477.808,38477.808,534.414,534.414,48.056,GLM-5 NVFP4 / trtllm / agg,False
glm_trtllm,GLM-5 NVFP4,agg,glm_trtllm/nvidia/GLM-5-NVFP4_gb300_trtllm_isl4000_osl1000_ttft2000_tpot30_444043/agg/pareto.csv,nvidia/GLM-5-NVFP4,4000,1000,0,88,4.037,11.0,88.0,1347.962,20.173,21500.553,4.037,0.505,4033.179,504.147,49.572,8,1.0,1.0,8.0,1.0,8.0,tp1pp1dp8etp1ep8,nvfp4,fp8,bfloat16,nvfp4,half,68.01,0.011,1.0,10.0,4010.0,4000.0,10.0,trtllm,1.3.0rc10,gb300,0.0,504.1470000000001,,,,,,,,,,,,,,,,,,,,,,,,,,,,,,,,,,,,,,,,,,,,trtllm,True,72,4033.179,36298.58400000001,36298.58400000001,504.1470000000001,504.1470000000001,49.572,GLM-5 NVFP4 / trtllm / agg,False
glm_trtllm,GLM-5 NVFP4,agg,glm_trtllm/nvidia/GLM-5-NVFP4_gb300_trtllm_isl4000_osl1000_ttft2000_tpot30_444043/agg/pareto.csv,nvidia/GLM-5-NVFP4,4000,1000,0,80,3.78,10.0,80.0,1319.553,19.54,20839.893,3.78,0.472,3775.903,471.988,51.177,8,1.0,1.0,8.0,1.0,8.0,tp1pp1dp8etp1ep8,nvfp4,fp8,bfloat16,nvfp4,half,67.729,0.01,1.0,9.0,4009.0,4000.0,9.0,trtllm,1.3.0rc10,gb300,0.0,471.988,,,,,,,,,,,,,,,,,,,,,,,,,,,,,,,,,,,,,,,,,,,,trtllm,True,72,3775.903,33983.136,33983.136,471.988,471.988,51.177,GLM-5 NVFP4 / trtllm / agg,False
glm_trtllm,GLM-5 NVFP4,agg,glm_trtllm/nvidia/GLM-5-NVFP4_gb300_trtllm_isl4000_osl1000_ttft2000_tpot30_444043/agg/pareto.csv,nvidia/GLM-5-NVFP4,4000,1000,0,72,3.563,9.0,72.0,1291.158,18.581,19853.332,3.563,0.445,3559.183,444.898,53.819,8,1.0,1.0,8.0,1.0,8.0,tp1pp1dp8etp1ep8,nvfp4,fp8,bfloat16,nvfp4,half,67.449,0.009,1.0,8.0,4008.0,4000.0,8.0,trtllm,1.3.0rc10,gb300,0.0,444.898,,,,,,,,,,,,,,,,,,,,,,,,,,,,,,,,,,,,,,,,,,,,trtllm,True,72,3559.183,32032.656000000003,32032.656000000003,444.898,444.898,53.819,GLM-5 NVFP4 / trtllm / agg,False
glm_trtllm,GLM-5 NVFP4,agg,glm_trtllm/nvidia/GLM-5-NVFP4_gb300_trtllm_isl4000_osl1000_ttft2000_tpot30_444043/agg/pareto.csv,nvidia/GLM-5-NVFP4,4000,1000,0,64,3.334,8.0,64.0,1262.856,17.566,18811.512,3.334,0.417,3330.463,416.308,56.927,8,1.0,1.0,8.0,1.0,8.0,tp1pp1dp8etp1ep8,nvfp4,fp8,bfloat16,nvfp4,half,67.169,0.008,1.0,7.0,4007.0,4000.0,7.0,trtllm,1.3.0rc10,gb300,0.0,416.308,,,,,,,,,,,,,,,,,,,,,,,,,,,,,,,,,,,,,,,,,,,,trtllm,True,72,3330.463,29974.176,29974.176,416.308,416.308,56.927,GLM-5 NVFP4 / trtllm / agg,False
glm_trtllm,GLM-5 NVFP4,agg,glm_trtllm/nvidia/GLM-5-NVFP4_gb300_trtllm_isl4000_osl1000_ttft2000_tpot30_444043/agg/pareto.csv,nvidia/GLM-5-NVFP4,4000,1000,0,56,3.008,7.0,56.0,1234.564,16.983,18200.798,3.008,0.376,3005.195,375.649,58.882,8,1.0,1.0,8.0,1.0,8.0,tp1pp1dp8etp1ep8,nvfp4,fp8,bfloat16,nvfp4,half,66.888,0.007,1.0,6.0,4006.0,4000.0,6.0,trtllm,1.3.0rc10,gb300,0.0,375.649,,,,,,,,,,,,,,,,,,,,,,,,,,,,,,,,,,,,,,,,,,,,trtllm,True,72,3005.195,27046.728,27046.728,375.649,375.649,58.882,GLM-5 NVFP4 / trtllm / agg,False
glm_trtllm,GLM-5 NVFP4,agg,glm_trtllm/nvidia/GLM-5-NVFP4_gb300_trtllm_isl4000_osl1000_ttft2000_tpot30_444043/agg/pareto.csv,nvidia/GLM-5-NVFP4,4000,1000,0,48,2.665,6.0,48.0,1206.282,16.379,17569.137,2.665,0.333,2662.036,332.754,61.053,8,1.0,1.0,8.0,1.0,8.0,tp1pp1dp8etp1ep8,nvfp4,fp8,bfloat16,nvfp4,half,66.608,0.006,1.0,5.0,4005.0,4000.0,5.0,trtllm,1.3.0rc10,gb300,0.0,332.754,,,,,,,,,,,,,,,,,,,,,,,,,,,,,,,,,,,,,,,,,,,,trtllm,True,72,2662.036,23958.288,23958.288,332.754,332.754,61.053,GLM-5 NVFP4 / trtllm / agg,False
glm_trtllm,GLM-5 NVFP4,agg,glm_trtllm/nvidia/GLM-5-NVFP4_gb300_trtllm_isl4000_osl1000_ttft2000_tpot30_444043/agg/pareto.csv,nvidia/GLM-5-NVFP4,4000,1000,0,40,2.255,5.0,40.0,1178.011,16.1,17262.039,2.255,0.282,2253.21,281.651,62.111,8,1.0,1.0,8.0,1.0,8.0,tp1pp1dp8etp1ep8,nvfp4,fp8,bfloat16,nvfp4,half,66.327,0.005,1.0,4.0,4004.0,4000.0,4.0,trtllm,1.3.0rc10,gb300,0.0,281.651,,,,,,,,,,,,,,,,,,,,,,,,,,,,,,,,,,,,,,,,,,,,trtllm,True,72,2253.21,20278.872,20278.872,281.651,281.651,62.111,GLM-5 NVFP4 / trtllm / agg,False
glm_trtllm,GLM-5 NVFP4,agg,glm_trtllm/nvidia/GLM-5-NVFP4_gb300_trtllm_isl4000_osl1000_ttft2000_tpot30_444043/agg/pareto.csv,nvidia/GLM-5-NVFP4,4000,1000,0,40,2.248,5.0,40.0,1240.194,16.069,17292.828,2.248,0.281,2245.928,280.741,62.233,8,1.0,1.0,8.0,2.0,4.0,tp1pp1dp8etp2ep4,nvfp4,fp8,bfloat16,nvfp4,half,70.327,0.005,1.0,4.0,4004.0,4000.0,4.0,trtllm,1.3.0rc10,gb300,0.0,280.741,,,,,,,,,,,,,,,,,,,,,,,,,,,,,,,,,,,,,,,,,,,,trtllm,True,72,2245.928,20213.352,20213.352,280.741,280.741,62.233,GLM-5 NVFP4 / trtllm / agg,False
glm_trtllm,GLM-5 NVFP4,agg,glm_trtllm/nvidia/GLM-5-NVFP4_gb300_trtllm_isl4000_osl1000_ttft2000_tpot30_444043/agg/pareto.csv,nvidia/GLM-5-NVFP4,4000,1000,0,32,1.918,4.0,32.0,1149.755,15.043,16177.514,1.918,0.24,1916.519,239.565,66.477,8,1.0,1.0,8.0,1.0,8.0,tp1pp1dp8etp1ep8,nvfp4,fp8,bfloat16,nvfp4,half,66.047,0.004,1.0,3.0,4003.0,4000.0,3.0,trtllm,1.3.0rc10,gb300,0.0,239.565,,,,,,,,,,,,,,,,,,,,,,,,,,,,,,,,,,,,,,,,,,,,trtllm,True,72,1916.519,17248.68,17248.68,239.565,239.565,66.477,GLM-5 NVFP4 / trtllm / agg,True
glm_trtllm,GLM-5 NVFP4,agg,glm_trtllm/nvidia/GLM-5-NVFP4_gb300_trtllm_isl4000_osl1000_ttft2000_tpot30_444043/agg/pareto.csv,nvidia/GLM-5-NVFP4,4000,1000,0,14,0.874,14.0,14.0,870.636,14.869,15724.306,0.874,0.219,873.516,218.379,67.256,4,4.0,1.0,1.0,2.0,2.0,tp4pp1dp1etp2ep2,nvfp4,fp8,bfloat16,nvfp4,half,112.607,0.007,2.0,12.0,8012.0,8000.0,12.0,trtllm,1.3.0rc10,gb300,0.0,218.379,,,,,,,,,,,,,,,,,,,,,,,,,,,,,,,,,,,,,,,,,,,,trtllm,True,72,873.516,15723.287999999999,15723.287999999999,218.379,218.379,67.256,GLM-5 NVFP4 / trtllm / agg,True
glm_trtllm,GLM-5 NVFP4,agg,glm_trtllm/nvidia/GLM-5-NVFP4_gb300_trtllm_isl4000_osl1000_ttft2000_tpot30_444043/agg/pareto.csv,nvidia/GLM-5-NVFP4,4000,1000,0,13,0.822,13.0,13.0,870.498,14.664,15519.378,0.822,0.206,821.619,205.405,68.196,4,4.0,1.0,1.0,2.0,2.0,tp4pp1dp1etp2ep2,nvfp4,fp8,bfloat16,nvfp4,half,112.327,0.006,2.0,11.0,8011.0,8000.0,11.0,trtllm,1.3.0rc10,gb300,0.0,205.405,,,,,,,,,,,,,,,,,,,,,,,,,,,,,,,,,,,,,,,,,,,,trtllm,True,72,821.619,14789.16,14789.16,205.405,205.405,68.196,GLM-5 NVFP4 / trtllm / agg,False
glm_trtllm,GLM-5 NVFP4,agg,glm_trtllm/nvidia/GLM-5-NVFP4_gb300_trtllm_isl4000_osl1000_ttft2000_tpot30_444043/agg/pareto.csv,nvidia/GLM-5-NVFP4,4000,1000,0,12,0.788,12.0,12.0,850.578,14.075,14911.206,0.788,0.197,787.682,196.921,71.049,4,4.0,1.0,1.0,2.0,2.0,tp4pp1dp1etp2ep2,nvfp4,fp8,bfloat16,nvfp4,half,112.046,0.006,2.0,10.0,8010.0,8000.0,10.0,trtllm,1.3.0rc10,gb300,0.0,196.921,,,,,,,,,,,,,,,,,,,,,,,,,,,,,,,,,,,,,,,,,,,,trtllm,True,72,787.682,14178.312,14178.312,196.921,196.921,71.049,GLM-5 NVFP4 / trtllm / agg,False
glm_trtllm,GLM-5 NVFP4,agg,glm_trtllm/nvidia/GLM-5-NVFP4_gb300_trtllm_isl4000_osl1000_ttft2000_tpot30_444043/agg/pareto.csv,nvidia/GLM-5-NVFP4,4000,1000,0,11,0.733,11.0,11.0,850.443,13.87,14706.138,0.733,0.183,731.887,182.972,72.1,4,4.0,1.0,1.0,2.0,2.0,tp4pp1dp1etp2ep2,nvfp4,fp8,bfloat16,nvfp4,half,111.766,0.006,2.0,9.0,8009.0,8000.0,9.0,trtllm,1.3.0rc10,gb300,0.0,182.972,,,,,,,,,,,,,,,,,,,,,,,,,,,,,,,,,,,,,,,,,,,,trtllm,True,72,731.887,13173.984,13173.984,182.972,182.972,72.1,GLM-5 NVFP4 / trtllm / agg,False
glm_trtllm,GLM-5 NVFP4,agg,glm_trtllm/nvidia/GLM-5-NVFP4_gb300_trtllm_isl4000_osl1000_ttft2000_tpot30_444043/agg/pareto.csv,nvidia/GLM-5-NVFP4,4000,1000,0,10,0.693,10.0,10.0,830.534,13.282,14099.606,0.693,0.173,692.356,173.089,75.288,4,4.0,1.0,1.0,2.0,2.0,tp4pp1dp1etp2ep2,nvfp4,fp8,bfloat16,nvfp4,half,111.485,0.005,2.0,8.0,8008.0,8000.0,8.0,trtllm,1.3.0rc10,gb300,0.0,173.089,,,,,,,,,,,,,,,,,,,,,,,,,,,,,,,,,,,,,,,,,,,,trtllm,True,72,692.356,12462.408,12462.408,173.089,173.089,75.288,GLM-5 NVFP4 / trtllm / agg,False
glm_trtllm,GLM-5 NVFP4,agg,glm_trtllm/nvidia/GLM-5-NVFP4_gb300_trtllm_isl4000_osl1000_ttft2000_tpot30_444043/agg/pareto.csv,nvidia/GLM-5-NVFP4,4000,1000,0,9,0.633,9.0,9.0,830.499,13.08,13897.675,0.633,0.158,631.948,157.987,76.451,4,4.0,1.0,1.0,2.0,2.0,tp4pp1dp1etp2ep2,nvfp4,fp8,bfloat16,nvfp4,half,111.205,0.004,2.0,7.0,8007.0,8000.0,7.0,trtllm,1.3.0rc10,gb300,0.0,157.987,,,,,,,,,,,,,,,,,,,,,,,,,,,,,,,,,,,,,,,,,,,,trtllm,True,72,631.948,11375.064,11375.064,157.987,157.987,76.451,GLM-5 NVFP4 / trtllm / agg,False
glm_trtllm,GLM-5 NVFP4,agg,glm_trtllm/nvidia/GLM-5-NVFP4_gb300_trtllm_isl4000_osl1000_ttft2000_tpot30_444043/agg/pareto.csv,nvidia/GLM-5-NVFP4,4000,1000,0,8,0.587,8.0,8.0,810.691,12.471,13268.749,0.587,0.147,586.806,146.701,80.189,4,4.0,1.0,1.0,2.0,2.0,tp4pp1dp1etp2ep2,nvfp4,fp8,bfloat16,nvfp4,half,110.924,0.004,2.0,6.0,8006.0,8000.0,6.0,trtllm,1.3.0rc10,gb300,0.0,146.701,,,,,,,,,,,,,,,,,,,,,,,,,,,,,,,,,,,,,,,,,,,,trtllm,True,72,586.806,10562.472,10562.472,146.701,146.701,80.189,GLM-5 NVFP4 / trtllm / agg,True
glm_trtllm,GLM-5 NVFP4,agg,glm_trtllm/nvidia/GLM-5-NVFP4_gb300_trtllm_isl4000_osl1000_ttft2000_tpot30_444043/agg/pareto.csv,nvidia/GLM-5-NVFP4,4000,1000,0,7,0.526,7.0,7.0,810.656,12.152,12950.191,0.526,0.132,525.728,131.432,82.293,4,4.0,1.0,1.0,2.0,2.0,tp4pp1dp1etp2ep2,nvfp4,fp8,bfloat16,nvfp4,half,110.644,0.004,2.0,5.0,8005.0,8000.0,5.0,trtllm,1.3.0rc10,gb300,0.0,131.432,,,,,,,,,,,,,,,,,,,,,,,,,,,,,,,,,,,,,,,,,,,,trtllm,True,72,525.728,9463.104,9463.104,131.432,131.432,82.293,GLM-5 NVFP4 / trtllm / agg,False
glm_trtllm,GLM-5 NVFP4,agg,glm_trtllm/nvidia/GLM-5-NVFP4_gb300_trtllm_isl4000_osl1000_ttft2000_tpot30_444043/agg/pareto.csv,nvidia/GLM-5-NVFP4,4000,1000,0,6,0.477,6.0,6.0,790.851,11.811,12590.325,0.477,0.119,476.527,119.132,84.665,4,4.0,1.0,1.0,2.0,2.0,tp4pp1dp1etp2ep2,nvfp4,fp8,bfloat16,nvfp4,half,110.364,0.003,2.0,4.0,8004.0,8000.0,4.0,trtllm,1.3.0rc10,gb300,0.0,119.132,,,,,,,,,,,,,,,,,,,,,,,,,,,,,,,,,,,,,,,,,,,,trtllm,True,72,476.527,8577.504,8577.504,119.132,119.132,84.665,GLM-5 NVFP4 / trtllm / agg,True
glm_trtllm,GLM-5 NVFP4,agg,glm_trtllm/nvidia/GLM-5-NVFP4_gb300_trtllm_isl4000_osl1000_ttft2000_tpot30_444043/agg/pareto.csv,nvidia/GLM-5-NVFP4,4000,1000,0,11,0.863,11.0,11.0,751.29,11.73,12469.878,0.863,0.108,862.326,107.791,85.249,8,8.0,1.0,1.0,2.0,4.0,tp8pp1dp1etp2ep4,nvfp4,fp8,bfloat16,nvfp4,half,60.992,0.006,2.0,9.0,8009.0,8000.0,9.0,trtllm,1.3.0rc10,gb300,0.0,107.791,,,,,,,,,,,,,,,,,,,,,,,,,,,,,,,,,,,,,,,,,,,,trtllm,True,72,862.326,7760.951999999999,7760.951999999999,107.791,107.791,85.249,GLM-5 NVFP4 / trtllm / agg,True
glm_trtllm,GLM-5 NVFP4,agg,glm_trtllm/nvidia/GLM-5-NVFP4_gb300_trtllm_isl4000_osl1000_ttft2000_tpot30_444043/agg/pareto.csv,nvidia/GLM-5-NVFP4,4000,1000,0,5,0.411,5.0,5.0,470.275,11.518,11977.169,0.411,0.103,410.919,102.73,86.818,4,4.0,1.0,1.0,2.0,2.0,tp4pp1dp1etp2ep2,nvfp4,fp8,bfloat16,nvfp4,half,110.083,0.005,1.0,4.0,4004.0,4000.0,4.0,trtllm,1.3.0rc10,gb300,0.0,102.73,,,,,,,,,,,,,,,,,,,,,,,,,,,,,,,,,,,,,,,,,,,,trtllm,True,72,410.919,7396.56,7396.56,102.73,102.73,86.818,GLM-5 NVFP4 / trtllm / agg,True
glm_trtllm,GLM-5 NVFP4,agg,glm_trtllm/nvidia/GLM-5-NVFP4_gb300_trtllm_isl4000_osl1000_ttft2000_tpot30_444043/agg/pareto.csv,nvidia/GLM-5-NVFP4,4000,1000,0,10,0.817,10.0,10.0,733.726,11.222,11944.225,0.817,0.102,816.428,102.053,89.113,8,8.0,1.0,1.0,2.0,4.0,tp8pp1dp1etp2ep4,nvfp4,fp8,bfloat16,nvfp4,half,60.712,0.005,2.0,8.0,8008.0,8000.0,8.0,trtllm,1.3.0rc10,gb300,0.0,102.053,,,,,,,,,,,,,,,,,,,,,,,,,,,,,,,,,,,,,,,,,,,,trtllm,True,72,816.428,7347.816,7347.816,102.053,102.053,89.113,GLM-5 NVFP4 / trtllm / agg,True
glm_trtllm,GLM-5 NVFP4,agg,glm_trtllm/nvidia/GLM-5-NVFP4_gb300_trtllm_isl4000_osl1000_ttft2000_tpot30_444043/agg/pareto.csv,nvidia/GLM-5-NVFP4,4000,1000,0,9,0.746,9.0,9.0,733.538,11.054,11776.465,0.746,0.093,744.983,93.123,90.465,8,8.0,1.0,1.0,2.0,4.0,tp8pp1dp1etp2ep4,nvfp4,fp8,bfloat16,nvfp4,half,60.431,0.004,2.0,7.0,8007.0,8000.0,7.0,trtllm,1.3.0rc10,gb300,0.0,93.123,,,,,,,,,,,,,,,,,,,,,,,,,,,,,,,,,,,,,,,,,,,,trtllm,True,72,744.983,6704.856000000001,6704.856000000001,93.123,93.123,90.465,GLM-5 NVFP4 / trtllm / agg,True
glm_trtllm,GLM-5 NVFP4,agg,glm_trtllm/nvidia/GLM-5-NVFP4_gb300_trtllm_isl4000_osl1000_ttft2000_tpot30_444043/agg/pareto.csv,nvidia/GLM-5-NVFP4,4000,1000,0,8,0.693,8.0,8.0,715.889,10.524,11229.23,0.693,0.087,692.552,86.569,95.022,8,8.0,1.0,1.0,2.0,4.0,tp8pp1dp1etp2ep4,nvfp4,fp8,bfloat16,nvfp4,half,60.151,0.004,2.0,6.0,8006.0,8000.0,6.0,trtllm,1.3.0rc10,gb300,0.0,86.569,,,,,,,,,,,,,,,,,,,,,,,,,,,,,,,,,,,,,,,,,,,,trtllm,True,72,692.552,6232.968,6232.968,86.569,86.569,95.022,GLM-5 NVFP4 / trtllm / agg,True
glm_trtllm,GLM-5 NVFP4,agg,glm_trtllm/nvidia/GLM-5-NVFP4_gb300_trtllm_isl4000_osl1000_ttft2000_tpot30_444043/agg/pareto.csv,nvidia/GLM-5-NVFP4,4000,1000,0,7,0.612,7.0,7.0,715.705,10.417,11122.622,0.612,0.077,611.626,76.453,95.994,8,8.0,1.0,1.0,2.0,4.0,tp8pp1dp1etp2ep4,nvfp4,fp8,bfloat16,nvfp4,half,59.87,0.004,2.0,5.0,8005.0,8000.0,5.0,trtllm,1.3.0rc10,gb300,0.0,76.453,,,,,,,,,,,,,,,,,,,,,,,,,,,,,,,,,,,,,,,,,,,,trtllm,True,72,611.626,5504.616,5504.616,76.453,76.453,95.994,GLM-5 NVFP4 / trtllm / agg,True
glm_trtllm,GLM-5 NVFP4,agg,glm_trtllm/nvidia/GLM-5-NVFP4_gb300_trtllm_isl4000_osl1000_ttft2000_tpot30_444043/agg/pareto.csv,nvidia/GLM-5-NVFP4,4000,1000,0,6,0.547,6.0,6.0,698.07,10.289,10976.868,0.547,0.068,546.57,68.321,97.19,8,8.0,1.0,1.0,2.0,4.0,tp8pp1dp1etp2ep4,nvfp4,fp8,bfloat16,nvfp4,half,59.59,0.003,2.0,4.0,8004.0,8000.0,4.0,trtllm,1.3.0rc10,gb300,0.0,68.321,,,,,,,,,,,,,,,,,,,,,,,,,,,,,,,,,,,,,,,,,,,,trtllm,True,72,546.57,4919.112,4919.112,68.321,68.321,97.19,GLM-5 NVFP4 / trtllm / agg,True
glm_trtllm,GLM-5 NVFP4,agg,glm_trtllm/nvidia/GLM-5-NVFP4_gb300_trtllm_isl4000_osl1000_ttft2000_tpot30_444043/agg/pareto.csv,nvidia/GLM-5-NVFP4,4000,1000,0,5,0.464,5.0,5.0,441.495,10.172,10603.665,0.464,0.058,463.679,57.96,98.306,8,8.0,1.0,1.0,4.0,2.0,tp8pp1dp1etp4ep2,nvfp4,fp8,bfloat16,nvfp4,half,60.31,0.005,1.0,4.0,4004.0,4000.0,4.0,trtllm,1.3.0rc10,gb300,0.0,57.96,,,,,,,,,,,,,,,,,,,,,,,,,,,,,,,,,,,,,,,,,,,,trtllm,True,72,463.679,4173.12,4173.12,57.96,57.96,98.306,GLM-5 NVFP4 / trtllm / agg,True
glm_trtllm,GLM-5 NVFP4,agg,glm_trtllm/nvidia/GLM-5-NVFP4_gb300_trtllm_isl4000_osl1000_ttft2000_tpot30_444043/agg/pareto.csv,nvidia/GLM-5-NVFP4,4000,1000,0,5,0.461,5.0,5.0,730.159,10.126,10846.259,0.461,0.058,460.958,57.62,98.753,8,8.0,1.0,1.0,4.0,2.0,tp8pp1dp1etp4ep2,nvfp4,fp8,bfloat16,nvfp4,half,60.31,0.002,2.0,3.0,8003.0,8000.0,3.0,trtllm,1.3.0rc10,gb300,0.0,57.61999999999999,,,,,,,,,,,,,,,,,,,,,,,,,,,,,,,,,,,,,,,,,,,,trtllm,True,72,460.958,4148.639999999999,4148.639999999999,57.61999999999999,57.61999999999999,98.753,GLM-5 NVFP4 / trtllm / agg,True
glm_trtllm,GLM-5 NVFP4,agg,glm_trtllm/nvidia/GLM-5-NVFP4_gb300_trtllm_isl4000_osl1000_ttft2000_tpot30_444043/agg/pareto.csv,nvidia/GLM-5-NVFP4,4000,1000,0,4,0.392,4.0,4.0,711.776,9.848,10550.288,0.392,0.049,391.629,48.954,101.54,8,8.0,1.0,1.0,4.0,2.0,tp8pp1dp1etp4ep2,nvfp4,fp8,bfloat16,nvfp4,half,60.029,0.002,2.0,2.0,8002.0,8000.0,2.0,trtllm,1.3.0rc10,gb300,0.0,48.954,,,,,,,,,,,,,,,,,,,,,,,,,,,,,,,,,,,,,,,,,,,,trtllm,True,72,391.629,3524.688,3524.688,48.954,48.954,101.54,GLM-5 NVFP4 / trtllm / agg,True
glm_trtllm,GLM-5 NVFP4,agg,glm_trtllm/nvidia/GLM-5-NVFP4_gb300_trtllm_isl4000_osl1000_ttft2000_tpot30_444043/agg/pareto.csv,nvidia/GLM-5-NVFP4,4000,1000,0,4,0.389,4.0,4.0,430.847,9.694,10114.916,0.389,0.049,388.142,48.518,103.159,8,8.0,1.0,1.0,4.0,2.0,tp8pp1dp1etp4ep2,nvfp4,fp8,bfloat16,nvfp4,half,60.029,0.004,1.0,3.0,4003.0,4000.0,3.0,trtllm,1.3.0rc10,gb300,0.0,48.518,,,,,,,,,,,,,,,,,,,,,,,,,,,,,,,,,,,,,,,,,,,,trtllm,True,72,388.142,3493.2960000000003,3493.2960000000003,48.518,48.518,103.159,GLM-5 NVFP4 / trtllm / agg,True
glm_trtllm,GLM-5 NVFP4,agg,glm_trtllm/nvidia/GLM-5-NVFP4_gb300_trtllm_isl4000_osl1000_ttft2000_tpot30_444043/agg/pareto.csv,nvidia/GLM-5-NVFP4,4000,1000,0,3,0.314,3.0,3.0,420.205,9.145,9556.277,0.314,0.039,313.916,39.24,109.347,8,8.0,1.0,1.0,4.0,2.0,tp8pp1dp1etp4ep2,nvfp4,fp8,bfloat16,nvfp4,half,59.749,0.003,1.0,2.0,4002.0,4000.0,2.0,trtllm,1.3.0rc10,gb300,0.0,39.24,,,,,,,,,,,,,,,,,,,,,,,,,,,,,,,,,,,,,,,,,,,,trtllm,True,72,313.916,2825.28,2825.28,39.24,39.24,109.347,GLM-5 NVFP4 / trtllm / agg,True
glm_trtllm,GLM-5 NVFP4,agg,glm_trtllm/nvidia/GLM-5-NVFP4_gb300_trtllm_isl4000_osl1000_ttft2000_tpot30_444043/agg/pareto.csv,nvidia/GLM-5-NVFP4,4000,1000,0,2,0.227,2.0,2.0,409.352,8.594,8995.222,0.227,0.028,227.154,28.394,116.354,8,8.0,1.0,1.0,4.0,2.0,tp8pp1dp1etp4ep2,nvfp4,fp8,bfloat16,nvfp4,half,59.468,0.002,1.0,1.0,4001.0,4000.0,1.0,trtllm,1.3.0rc10,gb300,0.0,28.394,,,,,,,,,,,,,,,,,,,,,,,,,,,,,,,,,,,,,,,,,,,,trtllm,True,72,227.154,2044.368,2044.368,28.394,28.394,116.354,GLM-5 NVFP4 / trtllm / agg,True
glm_trtllm,GLM-5 NVFP4,agg,glm_trtllm/nvidia/GLM-5-NVFP4_gb300_trtllm_isl4000_osl1000_ttft2000_tpot30_444043/agg/pareto.csv,nvidia/GLM-5-NVFP4,4000,1000,0,1,0.127,1.0,1.0,391.276,7.679,8062.823,0.127,0.016,126.817,15.852,130.221,8,8.0,1.0,1.0,4.0,2.0,tp8pp1dp1etp4ep2,nvfp4,fp8,bfloat16,nvfp4,half,59.188,0.001,1.0,1.0,4000.0,4000.0,1.0,trtllm,1.3.0rc10,gb300,0.0,15.852,,,,,,,,,,,,,,,,,,,,,,,,,,,,,,,,,,,,,,,,,,,,trtllm,True,72,126.817,1141.344,1141.344,15.852,15.852,130.221,GLM-5 NVFP4 / trtllm / agg,True
glm_trtllm,GLM-5 NVFP4,disagg,glm_trtllm/nvidia/GLM-5-NVFP4_gb300_trtllm_isl4000_osl1000_ttft2000_tpot30_444043/disagg/pareto.csv,nvidia/GLM-5-NVFP4,4000,1000,0,8640,99.38,,,847.705,79.068,79836.637,99.38,1.38,99379.8,1380.275,12.647,72,,,,,,,,,,,,,,,,,,,,,,0.0,1380.275,1.0,1.0,26.0,432.0,1728.0,5.0,4.247,21.876,1.0,2.0,1.0,1.0,1.0,tp1pp2dp1etp1ep1,nvfp4,fp8,bfloat16,nvfp4,half,207.116,trtllm,1.3.0rc10,gb300,1.0,1.0,4.0,1.0,4.0,tp1pp1dp4etp1ep4,nvfp4,fp8,bfloat16,nvfp4,half,229.025,trtllm,1.3.0rc10,gb300,0.0,0.0,0.0,,0.0,trtllm,False,72,99379.8,99379.8,99379.8,1380.275,1380.275,12.647,GLM-5 NVFP4 / trtllm / disagg,False
glm_trtllm,GLM-5 NVFP4,disagg,glm_trtllm/nvidia/GLM-5-NVFP4_gb300_trtllm_isl4000_osl1000_ttft2000_tpot30_444043/disagg/pareto.csv,nvidia/GLM-5-NVFP4,4000,1000,0,8000,98.311,,,847.705,74.939,75711.766,98.311,1.365,98311.2,1365.433,13.344,72,,,,,,,,,,,,,,,,,,,,,,0.0,1365.433,1.0,1.0,26.0,400.0,1600.0,5.0,4.247,21.372,1.0,2.0,1.0,1.0,1.0,tp1pp2dp1etp1ep1,nvfp4,fp8,bfloat16,nvfp4,half,207.116,trtllm,1.3.0rc10,gb300,1.0,1.0,4.0,1.0,4.0,tp1pp1dp4etp1ep4,nvfp4,fp8,bfloat16,nvfp4,half,220.025,trtllm,1.3.0rc10,gb300,0.0,0.0,0.0,,0.0,trtllm,False,72,98311.2,98311.176,98311.176,1365.433,1365.433,13.344,GLM-5 NVFP4 / trtllm / disagg,False
glm_trtllm,GLM-5 NVFP4,disagg,glm_trtllm/nvidia/GLM-5-NVFP4_gb300_trtllm_isl4000_osl1000_ttft2000_tpot30_444043/disagg/pareto.csv,nvidia/GLM-5-NVFP4,4000,1000,0,1728,30.578,,,847.705,49.675,50473.03,30.578,1.274,30578.4,1274.1,20.131,24,,,,,,,,,,,,,,,,,,,,,,0.0,1274.1,1.0,1.0,8.0,216.0,864.0,2.0,4.247,17.41,1.0,2.0,1.0,1.0,1.0,tp1pp2dp1etp1ep1,nvfp4,fp8,bfloat16,nvfp4,half,207.116,trtllm,1.3.0rc10,gb300,1.0,1.0,4.0,1.0,4.0,tp1pp1dp4etp1ep4,nvfp4,fp8,bfloat16,nvfp4,half,168.28,trtllm,1.3.0rc10,gb300,0.0,0.0,0.0,,0.0,trtllm,False,72,30578.4,91735.2,91735.2,1274.1,1274.1,20.131,GLM-5 NVFP4 / trtllm / disagg,False
glm_trtllm,GLM-5 NVFP4,disagg,glm_trtllm/nvidia/GLM-5-NVFP4_gb300_trtllm_isl4000_osl1000_ttft2000_tpot30_444043/disagg/pareto.csv,nvidia/GLM-5-NVFP4,4000,1000,0,704,29.244,,,847.705,44.339,45142.366,29.244,1.219,29244.04,1218.502,22.553,24,,,,,,,,,,,,,,,,,,,,,,0.0,1218.502,1.0,1.0,8.0,176.0,704.0,1.0,4.247,31.787,1.0,2.0,1.0,1.0,1.0,tp1pp2dp1etp1ep1,nvfp4,fp8,bfloat16,nvfp4,half,207.116,trtllm,1.3.0rc10,gb300,1.0,2.0,4.0,1.0,4.0,tp1pp2dp4etp1ep4,nvfp4,fp8,bfloat16,nvfp4,half,105.013,trtllm,1.3.0rc10,gb300,0.0,0.0,0.0,,0.0,trtllm,False,72,29244.04,87732.144,87732.144,1218.502,1218.502,22.553,GLM-5 NVFP4 / trtllm / disagg,False
glm_trtllm,GLM-5 NVFP4,disagg,glm_trtllm/nvidia/GLM-5-NVFP4_gb300_trtllm_isl4000_osl1000_ttft2000_tpot30_444043/disagg/pareto.csv,nvidia/GLM-5-NVFP4,4000,1000,0,3456,76.446,,,847.705,39.69,40498.015,76.446,1.194,76446.0,1194.469,25.195,64,,,,,,,,,,,,,,,,,,,,,,0.0,1061.7502222222222,1.0,1.0,20.0,144.0,1152.0,3.0,4.247,29.054,1.0,2.0,1.0,1.0,1.0,tp1pp2dp1etp1ep1,nvfp4,fp8,bfloat16,nvfp4,half,207.116,trtllm,1.3.0rc10,gb300,1.0,1.0,8.0,1.0,8.0,tp1pp1dp8etp1ep8,nvfp4,fp8,bfloat16,nvfp4,half,98.69,trtllm,1.3.0rc10,gb300,0.0,0.0,0.0,,0.0,trtllm,False,72,76446.0,76446.016,76446.016,1061.7502222222222,1061.7502222222222,25.195,GLM-5 NVFP4 / trtllm / disagg,False
glm_trtllm,GLM-5 NVFP4,disagg,glm_trtllm/nvidia/GLM-5-NVFP4_gb300_trtllm_isl4000_osl1000_ttft2000_tpot30_444043/disagg/pareto.csv,nvidia/GLM-5-NVFP4,4000,1000,0,2432,74.785,,,847.705,29.948,30765.757,74.785,1.039,74784.96,1038.68,33.391,72,,,,,,,,,,,,,,,,,,,,,,0.0,1038.68,1.0,1.0,20.0,76.0,608.0,4.0,4.247,20.322,1.0,2.0,1.0,1.0,1.0,tp1pp2dp1etp1ep1,nvfp4,fp8,bfloat16,nvfp4,half,207.116,trtllm,1.3.0rc10,gb300,1.0,1.0,8.0,1.0,8.0,tp1pp1dp8etp1ep8,nvfp4,fp8,bfloat16,nvfp4,half,79.623,trtllm,1.3.0rc10,gb300,0.0,0.0,0.0,,0.0,trtllm,True,72,74784.96,74784.96,74784.96,1038.68,1038.68,33.391,GLM-5 NVFP4 / trtllm / disagg,True
glm_trtllm,GLM-5 NVFP4,disagg,glm_trtllm/nvidia/GLM-5-NVFP4_gb300_trtllm_isl4000_osl1000_ttft2000_tpot30_444043/disagg/pareto.csv,nvidia/GLM-5-NVFP4,4000,1000,0,816,22.934,,,847.705,29.277,30095.428,22.934,0.956,22933.8,955.575,34.157,24,,,,,,,,,,,,,,,,,,,,,,0.0,955.5750000000002,1.0,1.0,6.0,68.0,272.0,3.0,4.247,9.3,1.0,2.0,1.0,1.0,1.0,tp1pp2dp1etp1ep1,nvfp4,fp8,bfloat16,nvfp4,half,207.116,trtllm,1.3.0rc10,gb300,1.0,1.0,4.0,1.0,4.0,tp1pp1dp4etp1ep4,nvfp4,fp8,bfloat16,nvfp4,half,126.739,trtllm,1.3.0rc10,gb300,0.0,0.0,0.0,,0.0,trtllm,True,72,22933.8,68801.40000000001,68801.40000000001,955.5750000000002,955.5750000000002,34.157,GLM-5 NVFP4 / trtllm / disagg,True
glm_trtllm,GLM-5 NVFP4,disagg,glm_trtllm/nvidia/GLM-5-NVFP4_gb300_trtllm_isl4000_osl1000_ttft2000_tpot30_444043/disagg/pareto.csv,nvidia/GLM-5-NVFP4,4000,1000,0,1760,61.157,,,847.705,24.874,25696.831,61.157,0.849,61156.8,849.4,40.203,72,,,,,,,,,,,,,,,,,,,,,,0.0,849.4,1.0,1.0,16.0,44.0,352.0,5.0,4.247,14.166,1.0,2.0,1.0,1.0,1.0,tp1pp2dp1etp1ep1,nvfp4,fp8,bfloat16,nvfp4,half,207.116,trtllm,1.3.0rc10,gb300,1.0,1.0,8.0,1.0,8.0,tp1pp1dp8etp1ep8,nvfp4,fp8,bfloat16,nvfp4,half,70.65,trtllm,1.3.0rc10,gb300,0.0,0.0,0.0,,0.0,trtllm,True,72,61156.8,61156.799999999996,61156.799999999996,849.4,849.4,40.203,GLM-5 NVFP4 / trtllm / disagg,True
glm_trtllm,GLM-5 NVFP4,disagg,glm_trtllm/nvidia/GLM-5-NVFP4_gb300_trtllm_isl4000_osl1000_ttft2000_tpot30_444043/disagg/pareto.csv,nvidia/GLM-5-NVFP4,4000,1000,0,320,14.981,,,847.705,19.671,20499.034,14.981,0.624,14981.28,624.22,50.836,24,,,,,,,,,,,,,,,,,,,,,,0.0,624.22,1.0,1.0,4.0,20.0,160.0,2.0,4.247,8.142,1.0,2.0,1.0,1.0,1.0,tp1pp2dp1etp1ep1,nvfp4,fp8,bfloat16,nvfp4,half,207.116,trtllm,1.3.0rc10,gb300,1.0,1.0,8.0,2.0,4.0,tp1pp1dp8etp2ep4,nvfp4,fp8,bfloat16,nvfp4,half,63.92,trtllm,1.3.0rc10,gb300,0.0,0.0,0.0,,0.0,trtllm,True,72,14981.28,44943.840000000004,44943.840000000004,624.22,624.22,50.836,GLM-5 NVFP4 / trtllm / disagg,True
glm_trtllm,GLM-5 NVFP4,disagg,glm_trtllm/nvidia/GLM-5-NVFP4_gb300_trtllm_isl4000_osl1000_ttft2000_tpot30_444043/disagg/pareto.csv,nvidia/GLM-5-NVFP4,4000,1000,0,288,14.299,,,847.705,18.55,19379.155,14.299,0.596,14298.64,595.777,53.908,24,,,,,,,,,,,,,,,,,,,,,,0.0,595.777,1.0,1.0,4.0,18.0,144.0,2.0,4.247,7.771,1.0,2.0,1.0,1.0,1.0,tp1pp2dp1etp1ep1,nvfp4,fp8,bfloat16,nvfp4,half,207.116,trtllm,1.3.0rc10,gb300,1.0,1.0,8.0,1.0,8.0,tp1pp1dp8etp1ep8,nvfp4,fp8,bfloat16,nvfp4,half,63.359,trtllm,1.3.0rc10,gb300,0.0,0.0,0.0,,0.0,trtllm,True,72,14298.64,42895.944,42895.944,595.777,595.777,53.908,GLM-5 NVFP4 / trtllm / disagg,True
glm_trtllm,GLM-5 NVFP4,disagg,glm_trtllm/nvidia/GLM-5-NVFP4_gb300_trtllm_isl4000_osl1000_ttft2000_tpot30_444043/disagg/pareto.csv,nvidia/GLM-5-NVFP4,4000,1000,0,768,39.496,,,847.705,17.906,18735.799,39.496,0.549,39495.6,548.55,55.846,72,,,,,,,,,,,,,,,,,,,,,,0.0,548.55,1.0,1.0,12.0,16.0,128.0,6.0,4.247,7.155,1.0,2.0,1.0,1.0,1.0,tp1pp2dp1etp1ep1,nvfp4,fp8,bfloat16,nvfp4,half,207.116,trtllm,1.3.0rc10,gb300,1.0,1.0,8.0,1.0,8.0,tp1pp1dp8etp1ep8,nvfp4,fp8,bfloat16,nvfp4,half,62.798,trtllm,1.3.0rc10,gb300,0.0,0.0,0.0,,0.0,trtllm,True,72,39495.6,39495.6,39495.6,548.55,548.55,55.846,GLM-5 NVFP4 / trtllm / disagg,True
glm_trtllm,GLM-5 NVFP4,disagg,glm_trtllm/nvidia/GLM-5-NVFP4_gb300_trtllm_isl4000_osl1000_ttft2000_tpot30_444043/disagg/pareto.csv,nvidia/GLM-5-NVFP4,4000,1000,0,560,30.435,,,847.705,16.944,17774.761,30.435,0.423,30435.44,422.714,59.019,72,,,,,,,,,,,,,,,,,,,,,,0.0,422.714,1.0,1.0,8.0,80.0,80.0,7.0,4.247,4.726,1.0,2.0,1.0,1.0,1.0,tp1pp2dp1etp1ep1,nvfp4,fp8,bfloat16,nvfp4,half,207.116,trtllm,1.3.0rc10,gb300,8.0,1.0,1.0,1.0,8.0,tp8pp1dp1etp1ep8,nvfp4,fp8,bfloat16,nvfp4,half,78.226,trtllm,1.3.0rc10,gb300,0.0,0.0,0.0,,0.0,trtllm,True,72,30435.44,30435.408,30435.408,422.714,422.714,59.019,GLM-5 NVFP4 / trtllm / disagg,True
glm_trtllm,GLM-5 NVFP4,disagg,glm_trtllm/nvidia/GLM-5-NVFP4_gb300_trtllm_isl4000_osl1000_ttft2000_tpot30_444043/disagg/pareto.csv,nvidia/GLM-5-NVFP4,4000,1000,0,532,29.032,,,847.705,16.875,17705.83,29.032,0.403,29031.52,403.216,59.26,72,,,,,,,,,,,,,,,,,,,,,,0.0,403.216,1.0,1.0,8.0,76.0,76.0,7.0,4.247,4.508,1.0,2.0,1.0,1.0,1.0,tp1pp2dp1etp1ep1,nvfp4,fp8,bfloat16,nvfp4,half,207.116,trtllm,1.3.0rc10,gb300,8.0,1.0,1.0,2.0,4.0,tp8pp1dp1etp2ep4,nvfp4,fp8,bfloat16,nvfp4,half,77.105,trtllm,1.3.0rc10,gb300,0.0,0.0,0.0,,0.0,trtllm,True,72,29031.52,29031.552,29031.552,403.216,403.216,59.26,GLM-5 NVFP4 / trtllm / disagg,True
glm_trtllm,GLM-5 NVFP4,disagg,glm_trtllm/nvidia/GLM-5-NVFP4_gb300_trtllm_isl4000_osl1000_ttft2000_tpot30_444043/disagg/pareto.csv,nvidia/GLM-5-NVFP4,4000,1000,0,476,27.615,,,847.705,15.873,16704.832,27.615,0.384,27614.72,383.538,63.0,72,,,,,,,,,,,,,,,,,,,,,,0.0,383.538,1.0,1.0,8.0,68.0,68.0,7.0,4.247,4.288,1.0,2.0,1.0,1.0,1.0,tp1pp2dp1etp1ep1,nvfp4,fp8,bfloat16,nvfp4,half,207.116,trtllm,1.3.0rc10,gb300,8.0,1.0,1.0,1.0,8.0,tp8pp1dp1etp1ep8,nvfp4,fp8,bfloat16,nvfp4,half,74.862,trtllm,1.3.0rc10,gb300,0.0,0.0,0.0,,0.0,trtllm,True,72,27614.72,27614.736,27614.736,383.538,383.538,63.0,GLM-5 NVFP4 / trtllm / disagg,True
glm_trtllm,GLM-5 NVFP4,disagg,glm_trtllm/nvidia/GLM-5-NVFP4_gb300_trtllm_isl4000_osl1000_ttft2000_tpot30_444043/disagg/pareto.csv,nvidia/GLM-5-NVFP4,4000,1000,0,132,15.289,,,847.705,14.978,15810.727,15.289,0.273,15289.2,273.021,66.765,56,,,,,,,,,,,,,,,,,,,,,,0.0,212.34966666666668,1.0,1.0,4.0,44.0,44.0,3.0,4.247,5.881,1.0,2.0,1.0,1.0,1.0,tp1pp2dp1etp1ep1,nvfp4,fp8,bfloat16,nvfp4,half,207.116,trtllm,1.3.0rc10,gb300,8.0,2.0,1.0,2.0,4.0,tp8pp2dp1etp2ep4,nvfp4,fp8,bfloat16,nvfp4,half,42.245,trtllm,1.3.0rc10,gb300,0.0,0.0,0.0,,0.0,trtllm,True,72,15289.2,15289.176000000001,15289.176000000001,212.34966666666668,212.34966666666668,66.765,GLM-5 NVFP4 / trtllm / disagg,False
glm_trtllm,GLM-5 NVFP4,disagg,glm_trtllm/nvidia/GLM-5-NVFP4_gb300_trtllm_isl4000_osl1000_ttft2000_tpot30_444043/disagg/pareto.csv,nvidia/GLM-5-NVFP4,4000,1000,0,224,14.986,,,847.705,13.763,14596.942,14.986,0.234,14985.88,234.154,72.656,64,,,,,,,,,,,,,,,,,,,,,,0.0,208.13688888888888,1.0,1.0,4.0,32.0,32.0,7.0,4.247,2.327,1.0,2.0,1.0,1.0,1.0,tp1pp2dp1etp1ep1,nvfp4,fp8,bfloat16,nvfp4,half,207.116,trtllm,1.3.0rc10,gb300,8.0,1.0,1.0,1.0,8.0,tp8pp1dp1etp1ep8,nvfp4,fp8,bfloat16,nvfp4,half,64.767,trtllm,1.3.0rc10,gb300,0.0,0.0,0.0,,0.0,trtllm,True,72,14985.88,14985.856,14985.856,208.13688888888888,208.13688888888888,72.656,GLM-5 NVFP4 / trtllm / disagg,True
glm_trtllm,GLM-5 NVFP4,disagg,glm_trtllm/nvidia/GLM-5-NVFP4_gb300_trtllm_isl4000_osl1000_ttft2000_tpot30_444043/disagg/pareto.csv,nvidia/GLM-5-NVFP4,4000,1000,0,176,12.674,,,847.705,12.786,13620.919,12.674,0.176,12673.92,176.027,78.211,72,,,,,,,,,,,,,,,,,,,,,,0.0,176.027,1.0,1.0,4.0,22.0,22.0,8.0,4.247,1.722,1.0,2.0,1.0,1.0,1.0,tp1pp2dp1etp1ep1,nvfp4,fp8,bfloat16,nvfp4,half,207.116,trtllm,1.3.0rc10,gb300,8.0,1.0,1.0,1.0,8.0,tp8pp1dp1etp1ep8,nvfp4,fp8,bfloat16,nvfp4,half,61.963,trtllm,1.3.0rc10,gb300,0.0,0.0,0.0,,0.0,trtllm,True,72,12673.92,12673.944,12673.944,176.027,176.027,78.211,GLM-5 NVFP4 / trtllm / disagg,True
glm_trtllm,GLM-5 NVFP4,disagg,glm_trtllm/nvidia/GLM-5-NVFP4_gb300_trtllm_isl4000_osl1000_ttft2000_tpot30_444043/disagg/pareto.csv,nvidia/GLM-5-NVFP4,4000,1000,0,128,9.914,,,847.705,11.893,12728.812,9.914,0.138,9913.92,137.693,84.085,72,,,,,,,,,,,,,,,,,,,,,,0.0,137.693,1.0,1.0,4.0,16.0,16.0,8.0,4.247,1.347,1.0,2.0,1.0,1.0,1.0,tp1pp2dp1etp1ep1,nvfp4,fp8,bfloat16,nvfp4,half,207.116,trtllm,1.3.0rc10,gb300,8.0,1.0,1.0,1.0,8.0,tp8pp1dp1etp1ep8,nvfp4,fp8,bfloat16,nvfp4,half,60.281,trtllm,1.3.0rc10,gb300,0.0,0.0,0.0,,0.0,trtllm,True,72,9913.92,9913.896,9913.896,137.693,137.693,84.085,GLM-5 NVFP4 / trtllm / disagg,True
glm_trtllm,GLM-5 NVFP4,disagg,glm_trtllm/nvidia/GLM-5-NVFP4_gb300_trtllm_isl4000_osl1000_ttft2000_tpot30_444043/disagg/pareto.csv,nvidia/GLM-5-NVFP4,4000,1000,0,88,6.823,,,847.705,11.878,12713.827,6.823,0.095,6822.72,94.76,84.19,72,,,,,,,,,,,,,,,,,,,,,,0.0,94.76,1.0,1.0,4.0,11.0,11.0,8.0,4.247,0.927,1.0,2.0,1.0,1.0,1.0,tp1pp2dp1etp1ep1,nvfp4,fp8,bfloat16,nvfp4,half,207.116,trtllm,1.3.0rc10,gb300,8.0,1.0,1.0,4.0,2.0,tp8pp1dp1etp4ep2,nvfp4,fp8,bfloat16,nvfp4,half,58.879,trtllm,1.3.0rc10,gb300,0.0,0.0,0.0,,0.0,trtllm,True,72,6822.72,6822.72,6822.72,94.76,94.76,84.19,GLM-5 NVFP4 / trtllm / disagg,False
glm_trtllm,GLM-5 NVFP4,disagg,glm_trtllm/nvidia/GLM-5-NVFP4_gb300_trtllm_isl4000_osl1000_ttft2000_tpot30_444043/disagg/pareto.csv,nvidia/GLM-5-NVFP4,4000,1000,0,56,4.732,,,847.705,10.897,11733.808,4.732,0.066,4732.48,65.729,91.765,72,,,,,,,,,,,,,,,,,,,,,,0.0,65.729,1.0,1.0,4.0,7.0,7.0,8.0,4.247,0.643,1.0,2.0,1.0,1.0,1.0,tp1pp2dp1etp1ep1,nvfp4,fp8,bfloat16,nvfp4,half,207.116,trtllm,1.3.0rc10,gb300,8.0,1.0,1.0,2.0,4.0,tp8pp1dp1etp2ep4,nvfp4,fp8,bfloat16,nvfp4,half,57.757,trtllm,1.3.0rc10,gb300,0.0,0.0,0.0,,0.0,trtllm,True,72,4732.48,4732.488,4732.488,65.729,65.729,91.765,GLM-5 NVFP4 / trtllm / disagg,False
glm_trtllm,GLM-5 NVFP4,disagg,glm_trtllm/nvidia/GLM-5-NVFP4_gb300_trtllm_isl4000_osl1000_ttft2000_tpot30_444043/disagg/pareto.csv,nvidia/GLM-5-NVFP4,4000,1000,0,48,4.077,,,847.705,10.843,11679.862,4.077,0.057,4077.44,56.631,92.227,72,,,,,,,,,,,,,,,,,,,,,,0.0,56.631,1.0,1.0,4.0,6.0,6.0,8.0,4.247,0.554,1.0,2.0,1.0,1.0,1.0,tp1pp2dp1etp1ep1,nvfp4,fp8,bfloat16,nvfp4,half,207.116,trtllm,1.3.0rc10,gb300,8.0,1.0,1.0,4.0,2.0,tp8pp1dp1etp4ep2,nvfp4,fp8,bfloat16,nvfp4,half,57.477,trtllm,1.3.0rc10,gb300,0.0,0.0,0.0,,0.0,trtllm,True,72,4077.44,4077.432,4077.432,56.631,56.631,92.227,GLM-5 NVFP4 / trtllm / disagg,False
glm_trtllm,GLM-5 NVFP4,disagg,glm_trtllm/nvidia/GLM-5-NVFP4_gb300_trtllm_isl4000_osl1000_ttft2000_tpot30_444043/disagg/pareto.csv,nvidia/GLM-5-NVFP4,4000,1000,0,34,2.956,,,847.705,10.576,11413.129,2.956,0.041,2955.96,41.055,94.554,72,,,,,,,,,,,,,,,,,,,,,,0.0,41.055,1.0,1.0,2.0,2.0,2.0,17.0,4.247,0.189,1.0,2.0,1.0,1.0,1.0,tp1pp2dp1etp1ep1,nvfp4,fp8,bfloat16,nvfp4,half,207.116,trtllm,1.3.0rc10,gb300,4.0,1.0,1.0,2.0,2.0,tp4pp1dp1etp2ep2,nvfp4,fp8,bfloat16,nvfp4,half,106.129,trtllm,1.3.0rc10,gb300,0.0,0.0,0.0,,0.0,trtllm,True,72,2955.96,2955.96,2955.96,41.055,41.055,94.554,GLM-5 NVFP4 / trtllm / disagg,False
glm_trtllm,GLM-5 NVFP4,disagg,glm_trtllm/nvidia/GLM-5-NVFP4_gb300_trtllm_isl4000_osl1000_ttft2000_tpot30_444043/disagg/pareto.csv,nvidia/GLM-5-NVFP4,4000,1000,0,24,2.289,,,847.705,9.665,10503.04,2.289,0.032,2288.96,31.791,103.462,72,,,,,,,,,,,,,,,,,,,,,,0.0,31.791000000000004,1.0,1.0,4.0,3.0,3.0,8.0,4.247,0.311,1.0,2.0,1.0,1.0,1.0,tp1pp2dp1etp1ep1,nvfp4,fp8,bfloat16,nvfp4,half,207.116,trtllm,1.3.0rc10,gb300,8.0,1.0,1.0,4.0,2.0,tp8pp1dp1etp4ep2,nvfp4,fp8,bfloat16,nvfp4,half,56.635,trtllm,1.3.0rc10,gb300,0.0,0.0,0.0,,0.0,trtllm,True,72,2288.96,2288.952,2288.952,31.791000000000004,31.791000000000004,103.462,GLM-5 NVFP4 / trtllm / disagg,False
glm_trtllm,GLM-5 NVFP4,disagg,glm_trtllm/nvidia/GLM-5-NVFP4_gb300_trtllm_isl4000_osl1000_ttft2000_tpot30_444043/disagg/pareto.csv,nvidia/GLM-5-NVFP4,4000,1000,0,16,1.546,,,847.705,9.552,10390.153,1.546,0.021,1545.6,21.467,104.69,72,,,,,,,,,,,,,,,,,,,,,,0.0,21.467,1.0,1.0,4.0,2.0,2.0,8.0,4.247,0.21,1.0,2.0,1.0,1.0,1.0,tp1pp2dp1etp1ep1,nvfp4,fp8,bfloat16,nvfp4,half,207.116,trtllm,1.3.0rc10,gb300,8.0,1.0,1.0,8.0,1.0,tp8pp1dp1etp8ep1,nvfp4,fp8,bfloat16,nvfp4,half,56.355,trtllm,1.3.0rc10,gb300,0.0,0.0,0.0,,0.0,trtllm,True,72,1545.6,1545.6239999999998,1545.6239999999998,21.467,21.467,104.69,GLM-5 NVFP4 / trtllm / disagg,False
glm_trtllm,GLM-5 NVFP4,disagg,glm_trtllm/nvidia/GLM-5-NVFP4_gb300_trtllm_isl4000_osl1000_ttft2000_tpot30_444043/disagg/pareto.csv,nvidia/GLM-5-NVFP4,4000,1000,0,4,0.887,,,847.705,8.314,9153.391,0.887,0.012,886.88,12.318,120.278,72,,,,,,,,,,,,,,,,,,,,,,0.0,12.318,1.0,1.0,4.0,1.0,1.0,4.0,4.247,0.241,1.0,2.0,1.0,1.0,1.0,tp1pp2dp1etp1ep1,nvfp4,fp8,bfloat16,nvfp4,half,207.116,trtllm,1.3.0rc10,gb300,8.0,2.0,1.0,4.0,2.0,tp8pp2dp1etp4ep2,nvfp4,fp8,bfloat16,nvfp4,half,30.187,trtllm,1.3.0rc10,gb300,0.0,0.0,0.0,,0.0,trtllm,True,72,886.88,886.896,886.896,12.318,12.318,120.278,GLM-5 NVFP4 / trtllm / disagg,False
glm_trtllm,GLM-5 NVFP4,disagg,glm_trtllm/nvidia/GLM-5-NVFP4_gb300_trtllm_isl4000_osl1000_ttft2000_tpot30_444043/disagg/pareto.csv,nvidia/GLM-5-NVFP4,4000,1000,0,8,0.883,,,847.705,8.308,9147.397,0.883,0.012,883.2,12.267,120.364,72,,,,,,,,,,,,,,,,,,,,,,0.0,12.267,1.0,1.0,4.0,1.0,1.0,8.0,4.247,0.12,1.0,2.0,1.0,1.0,1.0,tp1pp2dp1etp1ep1,nvfp4,fp8,bfloat16,nvfp4,half,207.116,trtllm,1.3.0rc10,gb300,8.0,1.0,1.0,4.0,2.0,tp8pp1dp1etp4ep2,nvfp4,fp8,bfloat16,nvfp4,half,56.075,trtllm,1.3.0rc10,gb300,0.0,0.0,0.0,,0.0,trtllm,True,72,883.2,883.2239999999999,883.2239999999999,12.267,12.267,120.364,GLM-5 NVFP4 / trtllm / disagg,False
glm_vllm,GLM-5 NVFP4,agg,glm_vllm/nvidia/GLM-5-NVFP4_gb300_vllm_isl4000_osl1000_ttft2000_tpot30_894333/agg/pareto.csv,nvidia/GLM-5-NVFP4,4000,1000,0,2048,7.265,512.0,1024.0,1915.635,281.316,282950.188,7.265,1.816,7257.5,1814.375,3.555,4,1.0,2.0,2.0,1.0,2.0,tp1pp2dp2etp1ep2,nvfp4,fp8,bfloat16,nvfp4,half,252.16,0.512,1.0,511.0,4511.0,4000.0,511.0,vllm,0.19.0,gb300,0.0,1814.375,,,,,,,,,,,,,,,,,,,,,,,,,,,,,,,,,,,,,,,,,,,,vllm,False,72,7257.5,130635.0,130635.0,1814.375,1814.375,3.555,GLM-5 NVFP4 / vllm / agg,False
glm_vllm,GLM-5 NVFP4,agg,glm_vllm/nvidia/GLM-5-NVFP4_gb300_vllm_isl4000_osl1000_ttft2000_tpot30_894333/agg/pareto.csv,nvidia/GLM-5-NVFP4,4000,1000,0,1920,7.219,480.0,960.0,1903.456,265.324,266962.221,7.219,1.805,7212.028,1803.007,3.769,4,1.0,2.0,2.0,1.0,2.0,tp1pp2dp2etp1ep2,nvfp4,fp8,bfloat16,nvfp4,half,243.161,0.48,1.0,479.0,4479.0,4000.0,479.0,vllm,0.19.0,gb300,0.0,1803.007,,,,,,,,,,,,,,,,,,,,,,,,,,,,,,,,,,,,,,,,,,,,vllm,False,72,7212.028,129816.504,129816.504,1803.007,1803.007,3.769,GLM-5 NVFP4 / vllm / agg,False
glm_vllm,GLM-5 NVFP4,agg,glm_vllm/nvidia/GLM-5-NVFP4_gb300_vllm_isl4000_osl1000_ttft2000_tpot30_894333/agg/pareto.csv,nvidia/GLM-5-NVFP4,4000,1000,0,1792,7.168,448.0,896.0,1891.277,249.334,250975.464,7.168,1.792,7160.718,1790.18,4.011,4,1.0,2.0,2.0,1.0,2.0,tp1pp2dp2etp1ep2,nvfp4,fp8,bfloat16,nvfp4,half,234.161,0.448,1.0,447.0,4447.0,4000.0,447.0,vllm,0.19.0,gb300,0.0,1790.18,,,,,,,,,,,,,,,,,,,,,,,,,,,,,,,,,,,,,,,,,,,,vllm,False,72,7160.718,128892.96,128892.96,1790.18,1790.18,4.011,GLM-5 NVFP4 / vllm / agg,False
glm_vllm,GLM-5 NVFP4,agg,glm_vllm/nvidia/GLM-5-NVFP4_gb300_vllm_isl4000_osl1000_ttft2000_tpot30_894333/agg/pareto.csv,nvidia/GLM-5-NVFP4,4000,1000,0,1664,7.109,416.0,832.0,1879.098,233.351,234996.377,7.109,1.777,7102.182,1775.545,4.285,4,1.0,2.0,2.0,1.0,2.0,tp1pp2dp2etp1ep2,nvfp4,fp8,bfloat16,nvfp4,half,225.162,0.416,1.0,415.0,4415.0,4000.0,415.0,vllm,0.19.0,gb300,0.0,1775.545,,,,,,,,,,,,,,,,,,,,,,,,,,,,,,,,,,,,,,,,,,,,vllm,False,72,7102.182,127839.24,127839.24,1775.545,1775.545,4.285,GLM-5 NVFP4 / vllm / agg,False
glm_vllm,GLM-5 NVFP4,agg,glm_vllm/nvidia/GLM-5-NVFP4_gb300_vllm_isl4000_osl1000_ttft2000_tpot30_894333/agg/pareto.csv,nvidia/GLM-5-NVFP4,4000,1000,0,1536,7.035,384.0,768.0,1866.92,217.583,219232.364,7.035,1.759,7028.172,1757.043,4.596,4,1.0,2.0,2.0,1.0,2.0,tp1pp2dp2etp1ep2,nvfp4,fp8,bfloat16,nvfp4,half,216.163,0.384,1.0,383.0,4383.0,4000.0,383.0,vllm,0.19.0,gb300,0.0,1757.043,,,,,,,,,,,,,,,,,,,,,,,,,,,,,,,,,,,,,,,,,,,,vllm,False,72,7028.172,126507.09599999999,126507.09599999999,1757.043,1757.043,4.596,GLM-5 NVFP4 / vllm / agg,False
glm_vllm,GLM-5 NVFP4,agg,glm_vllm/nvidia/GLM-5-NVFP4_gb300_vllm_isl4000_osl1000_ttft2000_tpot30_894333/agg/pareto.csv,nvidia/GLM-5-NVFP4,4000,1000,0,1408,6.958,352.0,704.0,1854.152,201.584,203236.53,6.958,1.739,6950.601,1737.65,4.961,4,1.0,2.0,2.0,1.0,2.0,tp1pp2dp2etp1ep2,nvfp4,fp8,bfloat16,nvfp4,half,207.164,0.352,1.0,351.0,4351.0,4000.0,351.0,vllm,0.19.0,gb300,0.0,1737.65,,,,,,,,,,,,,,,,,,,,,,,,,,,,,,,,,,,,,,,,,,,,vllm,False,72,6950.601,125110.8,125110.8,1737.65,1737.65,4.961,GLM-5 NVFP4 / vllm / agg,False
glm_vllm,GLM-5 NVFP4,agg,glm_vllm/nvidia/GLM-5-NVFP4_gb300_vllm_isl4000_osl1000_ttft2000_tpot30_894333/agg/pareto.csv,nvidia/GLM-5-NVFP4,4000,1000,0,1280,6.865,320.0,640.0,1841.833,185.636,187292.17,6.865,1.716,6857.862,1714.466,5.387,4,1.0,2.0,2.0,1.0,2.0,tp1pp2dp2etp1ep2,nvfp4,fp8,bfloat16,nvfp4,half,198.164,0.32,1.0,319.0,4319.0,4000.0,319.0,vllm,0.19.0,gb300,0.0,1714.466,,,,,,,,,,,,,,,,,,,,,,,,,,,,,,,,,,,,,,,,,,,,vllm,False,72,6857.862,123441.552,123441.552,1714.466,1714.466,5.387,GLM-5 NVFP4 / vllm / agg,False
glm_vllm,GLM-5 NVFP4,agg,glm_vllm/nvidia/GLM-5-NVFP4_gb300_vllm_isl4000_osl1000_ttft2000_tpot30_894333/agg/pareto.csv,nvidia/GLM-5-NVFP4,4000,1000,0,1152,6.754,288.0,576.0,1829.514,169.695,171355.248,6.754,1.689,6747.527,1686.882,5.893,4,1.0,2.0,2.0,1.0,2.0,tp1pp2dp2etp1ep2,nvfp4,fp8,bfloat16,nvfp4,half,189.165,0.288,1.0,287.0,4287.0,4000.0,287.0,vllm,0.19.0,gb300,0.0,1686.882,,,,,,,,,,,,,,,,,,,,,,,,,,,,,,,,,,,,,,,,,,,,vllm,False,72,6747.527,121455.504,121455.504,1686.882,1686.882,5.893,GLM-5 NVFP4 / vllm / agg,False
glm_vllm,GLM-5 NVFP4,agg,glm_vllm/nvidia/GLM-5-NVFP4_gb300_vllm_isl4000_osl1000_ttft2000_tpot30_894333/agg/pareto.csv,nvidia/GLM-5-NVFP4,4000,1000,0,1024,6.626,256.0,512.0,1817.217,153.647,155310.555,6.626,1.656,6619.106,1654.777,6.508,4,1.0,2.0,2.0,1.0,2.0,tp1pp2dp2etp1ep2,nvfp4,fp8,bfloat16,nvfp4,half,180.166,0.256,1.0,255.0,4255.0,4000.0,255.0,vllm,0.19.0,gb300,0.0,1654.777,,,,,,,,,,,,,,,,,,,,,,,,,,,,,,,,,,,,,,,,,,,,vllm,False,72,6619.106,119143.944,119143.944,1654.777,1654.777,6.508,GLM-5 NVFP4 / vllm / agg,False
glm_vllm,GLM-5 NVFP4,agg,glm_vllm/nvidia/GLM-5-NVFP4_gb300_vllm_isl4000_osl1000_ttft2000_tpot30_894333/agg/pareto.csv,nvidia/GLM-5-NVFP4,4000,1000,0,480,3.275,240.0,480.0,1811.142,145.63,147295.582,3.275,1.638,3272.023,1636.012,6.867,2,1.0,1.0,2.0,1.0,2.0,tp1pp1dp2etp1ep2,nvfp4,fp8,bfloat16,nvfp4,half,277.043,0.24,1.0,239.0,4239.0,4000.0,239.0,vllm,0.19.0,gb300,0.0,1636.012,,,,,,,,,,,,,,,,,,,,,,,,,,,,,,,,,,,,,,,,,,,,vllm,False,72,3272.023,117792.864,117792.864,1636.012,1636.012,6.867,GLM-5 NVFP4 / vllm / agg,False
glm_vllm,GLM-5 NVFP4,agg,glm_vllm/nvidia/GLM-5-NVFP4_gb300_vllm_isl4000_osl1000_ttft2000_tpot30_894333/agg/pareto.csv,nvidia/GLM-5-NVFP4,4000,1000,0,448,3.233,224.0,448.0,1805.338,137.634,139301.836,3.233,1.616,3229.668,1614.834,7.266,2,1.0,1.0,2.0,1.0,2.0,tp1pp1dp2etp1ep2,nvfp4,fp8,bfloat16,nvfp4,half,272.543,0.224,1.0,223.0,4223.0,4000.0,223.0,vllm,0.19.0,gb300,0.0,1614.834,,,,,,,,,,,,,,,,,,,,,,,,,,,,,,,,,,,,,,,,,,,,vllm,False,72,3229.668,116268.04800000001,116268.04800000001,1614.834,1614.834,7.266,GLM-5 NVFP4 / vllm / agg,False
glm_vllm,GLM-5 NVFP4,agg,glm_vllm/nvidia/GLM-5-NVFP4_gb300_vllm_isl4000_osl1000_ttft2000_tpot30_894333/agg/pareto.csv,nvidia/GLM-5-NVFP4,4000,1000,0,416,3.185,208.0,416.0,1799.535,129.638,131307.957,3.185,1.593,3182.143,1591.071,7.714,2,1.0,1.0,2.0,1.0,2.0,tp1pp1dp2etp1ep2,nvfp4,fp8,bfloat16,nvfp4,half,268.044,0.208,1.0,207.0,4207.0,4000.0,207.0,vllm,0.19.0,gb300,0.0,1591.071,,,,,,,,,,,,,,,,,,,,,,,,,,,,,,,,,,,,,,,,,,,,vllm,False,72,3182.143,114557.112,114557.112,1591.071,1591.071,7.714,GLM-5 NVFP4 / vllm / agg,False
glm_vllm,GLM-5 NVFP4,agg,glm_vllm/nvidia/GLM-5-NVFP4_gb300_vllm_isl4000_osl1000_ttft2000_tpot30_894333/agg/pareto.csv,nvidia/GLM-5-NVFP4,4000,1000,0,384,3.132,192.0,384.0,1793.732,121.639,123310.961,3.132,1.566,3128.514,1564.257,8.221,2,1.0,1.0,2.0,1.0,2.0,tp1pp1dp2etp1ep2,nvfp4,fp8,bfloat16,nvfp4,half,263.544,0.192,1.0,191.0,4191.0,4000.0,191.0,vllm,0.19.0,gb300,0.0,1564.257,,,,,,,,,,,,,,,,,,,,,,,,,,,,,,,,,,,,,,,,,,,,vllm,False,72,3128.514,112626.504,112626.504,1564.257,1564.257,8.221,GLM-5 NVFP4 / vllm / agg,False
glm_vllm,GLM-5 NVFP4,agg,glm_vllm/nvidia/GLM-5-NVFP4_gb300_vllm_isl4000_osl1000_ttft2000_tpot30_894333/agg/pareto.csv,nvidia/GLM-5-NVFP4,4000,1000,0,352,3.067,176.0,352.0,1787.929,113.779,115453.263,3.067,1.533,3063.704,1531.852,8.789,2,1.0,1.0,2.0,1.0,2.0,tp1pp1dp2etp1ep2,nvfp4,fp8,bfloat16,nvfp4,half,259.044,0.176,1.0,175.0,4175.0,4000.0,175.0,vllm,0.19.0,gb300,0.0,1531.852,,,,,,,,,,,,,,,,,,,,,,,,,,,,,,,,,,,,,,,,,,,,vllm,False,72,3063.704,110293.34400000001,110293.34400000001,1531.852,1531.852,8.789,GLM-5 NVFP4 / vllm / agg,False
glm_vllm,GLM-5 NVFP4,agg,glm_vllm/nvidia/GLM-5-NVFP4_gb300_vllm_isl4000_osl1000_ttft2000_tpot30_894333/agg/pareto.csv,nvidia/GLM-5-NVFP4,4000,1000,0,320,2.993,160.0,320.0,1782.125,105.899,107575.56,2.993,1.496,2989.949,1494.974,9.443,2,1.0,1.0,2.0,1.0,2.0,tp1pp1dp2etp1ep2,nvfp4,fp8,bfloat16,nvfp4,half,254.545,0.16,1.0,159.0,4159.0,4000.0,159.0,vllm,0.19.0,gb300,0.0,1494.974,,,,,,,,,,,,,,,,,,,,,,,,,,,,,,,,,,,,,,,,,,,,vllm,False,72,2989.949,107638.128,107638.128,1494.974,1494.974,9.443,GLM-5 NVFP4 / vllm / agg,False
glm_vllm,GLM-5 NVFP4,agg,glm_vllm/nvidia/GLM-5-NVFP4_gb300_vllm_isl4000_osl1000_ttft2000_tpot30_894333/agg/pareto.csv,nvidia/GLM-5-NVFP4,4000,1000,0,288,2.908,144.0,288.0,1776.322,98.01,99687.993,2.908,1.454,2904.777,1452.388,10.203,2,1.0,1.0,2.0,1.0,2.0,tp1pp1dp2etp1ep2,nvfp4,fp8,bfloat16,nvfp4,half,250.045,0.144,1.0,143.0,4143.0,4000.0,143.0,vllm,0.19.0,gb300,0.0,1452.388,,,,,,,,,,,,,,,,,,,,,,,,,,,,,,,,,,,,,,,,,,,,vllm,False,72,2904.777,104571.93599999999,104571.93599999999,1452.388,1452.388,10.203,GLM-5 NVFP4 / vllm / agg,False
glm_vllm,GLM-5 NVFP4,agg,glm_vllm/nvidia/GLM-5-NVFP4_gb300_vllm_isl4000_osl1000_ttft2000_tpot30_894333/agg/pareto.csv,nvidia/GLM-5-NVFP4,4000,1000,0,512,5.658,128.0,512.0,1875.283,89.355,91140.635,5.658,1.414,5652.232,1413.058,11.191,4,1.0,1.0,4.0,1.0,4.0,tp1pp1dp4etp1ep4,nvfp4,fp8,bfloat16,nvfp4,half,146.827,0.128,1.0,127.0,4127.0,4000.0,127.0,vllm,0.19.0,gb300,0.0,1413.058,,,,,,,,,,,,,,,,,,,,,,,,,,,,,,,,,,,,,,,,,,,,vllm,False,72,5652.232,101740.176,101740.176,1413.058,1413.058,11.191,GLM-5 NVFP4 / vllm / agg,False
glm_vllm,GLM-5 NVFP4,agg,glm_vllm/nvidia/GLM-5-NVFP4_gb300_vllm_isl4000_osl1000_ttft2000_tpot30_894333/agg/pareto.csv,nvidia/GLM-5-NVFP4,4000,1000,0,448,5.465,112.0,448.0,1868.326,80.821,82608.295,5.465,1.366,5459.311,1364.828,12.373,4,1.0,1.0,4.0,1.0,4.0,tp1pp1dp4etp1ep4,nvfp4,fp8,bfloat16,nvfp4,half,142.327,0.112,1.0,111.0,4111.0,4000.0,111.0,vllm,0.19.0,gb300,0.0,1364.828,,,,,,,,,,,,,,,,,,,,,,,,,,,,,,,,,,,,,,,,,,,,vllm,False,72,5459.311,98267.616,98267.616,1364.828,1364.828,12.373,GLM-5 NVFP4 / vllm / agg,False
glm_vllm,GLM-5 NVFP4,agg,glm_vllm/nvidia/GLM-5-NVFP4_gb300_vllm_isl4000_osl1000_ttft2000_tpot30_894333/agg/pareto.csv,nvidia/GLM-5-NVFP4,4000,1000,0,384,5.226,96.0,384.0,1861.991,72.299,74088.635,5.226,1.307,5220.79,1305.197,13.831,4,1.0,1.0,4.0,1.0,4.0,tp1pp1dp4etp1ep4,nvfp4,fp8,bfloat16,nvfp4,half,137.827,0.096,1.0,95.0,4095.0,4000.0,95.0,vllm,0.19.0,gb300,0.0,1305.197,,,,,,,,,,,,,,,,,,,,,,,,,,,,,,,,,,,,,,,,,,,,vllm,False,72,5220.79,93974.184,93974.184,1305.197,1305.197,13.831,GLM-5 NVFP4 / vllm / agg,False
glm_vllm,GLM-5 NVFP4,agg,glm_vllm/nvidia/GLM-5-NVFP4_gb300_vllm_isl4000_osl1000_ttft2000_tpot30_894333/agg/pareto.csv,nvidia/GLM-5-NVFP4,4000,1000,0,320,4.96,80.0,320.0,1854.944,63.317,65108.734,4.96,1.24,4954.868,1238.717,15.794,4,1.0,1.0,4.0,1.0,4.0,tp1pp1dp4etp1ep4,nvfp4,fp8,bfloat16,nvfp4,half,133.328,0.08,1.0,79.0,4079.0,4000.0,79.0,vllm,0.19.0,gb300,0.0,1238.717,,,,,,,,,,,,,,,,,,,,,,,,,,,,,,,,,,,,,,,,,,,,vllm,False,72,4954.868,89187.62400000001,89187.62400000001,1238.717,1238.717,15.794,GLM-5 NVFP4 / vllm / agg,False
glm_vllm,GLM-5 NVFP4,agg,glm_vllm/nvidia/GLM-5-NVFP4_gb300_vllm_isl4000_osl1000_ttft2000_tpot30_894333/agg/pareto.csv,nvidia/GLM-5-NVFP4,4000,1000,0,256,4.647,64.0,256.0,1848.006,53.863,55656.904,4.647,1.162,4642.532,1160.633,18.566,4,1.0,1.0,4.0,1.0,4.0,tp1pp1dp4etp1ep4,nvfp4,fp8,bfloat16,nvfp4,half,128.828,0.064,1.0,63.0,4063.0,4000.0,63.0,vllm,0.19.0,gb300,0.0,1160.633,,,,,,,,,,,,,,,,,,,,,,,,,,,,,,,,,,,,,,,,,,,,vllm,False,72,4642.532,83565.576,83565.576,1160.633,1160.633,18.566,GLM-5 NVFP4 / vllm / agg,False
glm_vllm,GLM-5 NVFP4,agg,glm_vllm/nvidia/GLM-5-NVFP4_gb300_vllm_isl4000_osl1000_ttft2000_tpot30_894333/agg/pareto.csv,nvidia/GLM-5-NVFP4,4000,1000,0,224,4.422,56.0,224.0,1845.363,49.42,51216.035,4.422,1.105,4417.574,1104.394,20.235,4,1.0,1.0,4.0,1.0,4.0,tp1pp1dp4etp1ep4,nvfp4,fp8,bfloat16,nvfp4,half,126.578,0.056,1.0,55.0,4055.0,4000.0,55.0,vllm,0.19.0,gb300,0.0,1104.394,,,,,,,,,,,,,,,,,,,,,,,,,,,,,,,,,,,,,,,,,,,,vllm,False,72,4417.574,79516.368,79516.368,1104.394,1104.394,20.235,GLM-5 NVFP4 / vllm / agg,False
glm_vllm,GLM-5 NVFP4,agg,glm_vllm/nvidia/GLM-5-NVFP4_gb300_vllm_isl4000_osl1000_ttft2000_tpot30_894333/agg/pareto.csv,nvidia/GLM-5-NVFP4,4000,1000,0,192,4.16,48.0,192.0,1842.719,44.909,46707.195,4.16,1.04,4155.583,1038.896,22.267,4,1.0,1.0,4.0,1.0,4.0,tp1pp1dp4etp1ep4,nvfp4,fp8,bfloat16,nvfp4,half,124.329,0.048,1.0,47.0,4047.0,4000.0,47.0,vllm,0.19.0,gb300,0.0,1038.896,,,,,,,,,,,,,,,,,,,,,,,,,,,,,,,,,,,,,,,,,,,,vllm,False,72,4155.583,74800.512,74800.512,1038.896,1038.896,22.267,GLM-5 NVFP4 / vllm / agg,False
glm_vllm,GLM-5 NVFP4,agg,glm_vllm/nvidia/GLM-5-NVFP4_gb300_vllm_isl4000_osl1000_ttft2000_tpot30_894333/agg/pareto.csv,nvidia/GLM-5-NVFP4,4000,1000,0,160,3.831,40.0,160.0,1771.073,40.509,42239.137,3.831,0.958,3826.935,956.734,24.686,4,1.0,1.0,4.0,1.0,4.0,tp1pp1dp4etp1ep4,nvfp4,fp8,bfloat16,nvfp4,half,122.079,0.04,1.0,39.0,4039.0,4000.0,39.0,vllm,0.19.0,gb300,0.0,956.734,,,,,,,,,,,,,,,,,,,,,,,,,,,,,,,,,,,,,,,,,,,,vllm,False,72,3826.935,68884.848,68884.848,956.734,956.734,24.686,GLM-5 NVFP4 / vllm / agg,False
glm_vllm,GLM-5 NVFP4,agg,glm_vllm/nvidia/GLM-5-NVFP4_gb300_vllm_isl4000_osl1000_ttft2000_tpot30_894333/agg/pareto.csv,nvidia/GLM-5-NVFP4,4000,1000,0,128,3.418,32.0,128.0,1584.705,36.178,37726.915,3.418,0.855,3414.668,853.667,27.641,4,1.0,1.0,4.0,1.0,4.0,tp1pp1dp4etp1ep4,nvfp4,fp8,bfloat16,nvfp4,half,119.829,0.032,1.0,31.0,4031.0,4000.0,31.0,vllm,0.19.0,gb300,0.0,853.667,,,,,,,,,,,,,,,,,,,,,,,,,,,,,,,,,,,,,,,,,,,,vllm,False,72,3414.668,61464.024000000005,61464.024000000005,853.667,853.667,27.641,GLM-5 NVFP4 / vllm / agg,False
glm_vllm,GLM-5 NVFP4,agg,glm_vllm/nvidia/GLM-5-NVFP4_gb300_vllm_isl4000_osl1000_ttft2000_tpot30_894333/agg/pareto.csv,nvidia/GLM-5-NVFP4,4000,1000,0,112,3.179,28.0,112.0,1491.463,33.96,35417.312,3.179,0.795,3175.509,793.877,29.447,4,1.0,1.0,4.0,1.0,4.0,tp1pp1dp4etp1ep4,nvfp4,fp8,bfloat16,nvfp4,half,118.704,0.028,1.0,27.0,4027.0,4000.0,27.0,vllm,0.19.0,gb300,0.0,793.877,,,,,,,,,,,,,,,,,,,,,,,,,,,,,,,,,,,,,,,,,,,,vllm,False,72,3175.509,57159.144,57159.144,793.877,793.877,29.447,GLM-5 NVFP4 / vllm / agg,False
glm_vllm,GLM-5 NVFP4,agg,glm_vllm/nvidia/GLM-5-NVFP4_gb300_vllm_isl4000_osl1000_ttft2000_tpot30_894333/agg/pareto.csv,nvidia/GLM-5-NVFP4,4000,1000,0,96,2.955,24.0,96.0,1997.239,30.127,32094.601,2.955,0.739,2952.463,738.116,33.192,4,1.0,1.0,4.0,4.0,1.0,tp1pp1dp4etp4ep1,nvfp4,fp8,bfloat16,nvfp4,half,132.625,0.012,2.0,22.0,8022.0,8000.0,22.0,vllm,0.19.0,gb300,0.0,738.116,,,,,,,,,,,,,,,,,,,,,,,,,,,,,,,,,,,,,,,,,,,,vllm,False,72,2952.463,53144.352,53144.352,738.116,738.116,33.192,GLM-5 NVFP4 / vllm / agg,False
glm_vllm,GLM-5 NVFP4,agg,glm_vllm/nvidia/GLM-5-NVFP4_gb300_vllm_isl4000_osl1000_ttft2000_tpot30_894333/agg/pareto.csv,nvidia/GLM-5-NVFP4,4000,1000,0,80,2.675,20.0,80.0,1949.289,27.505,29426.69,2.675,0.669,2671.941,667.985,36.357,4,1.0,1.0,4.0,1.0,4.0,tp1pp1dp4etp1ep4,nvfp4,fp8,bfloat16,nvfp4,half,119.749,0.01,2.0,18.0,8018.0,8000.0,18.0,vllm,0.19.0,gb300,0.0,667.985,,,,,,,,,,,,,,,,,,,,,,,,,,,,,,,,,,,,,,,,,,,,vllm,True,72,2671.941,48094.92,48094.92,667.985,667.985,36.357,GLM-5 NVFP4 / vllm / agg,False
glm_vllm,GLM-5 NVFP4,agg,glm_vllm/nvidia/GLM-5-NVFP4_gb300_vllm_isl4000_osl1000_ttft2000_tpot30_894333/agg/pareto.csv,nvidia/GLM-5-NVFP4,4000,1000,0,128,4.643,16.0,128.0,1430.79,26.024,27429.258,4.643,0.58,4638.727,579.841,38.425,8,1.0,1.0,8.0,1.0,8.0,tp1pp1dp8etp1ep8,nvfp4,fp8,bfloat16,nvfp4,half,65.97,0.016,1.0,15.0,4015.0,4000.0,15.0,vllm,0.19.0,gb300,0.0,579.841,,,,,,,,,,,,,,,,,,,,,,,,,,,,,,,,,,,,,,,,,,,,vllm,True,72,4638.727,41748.552,41748.552,579.841,579.841,38.425,GLM-5 NVFP4 / vllm / agg,False
glm_vllm,GLM-5 NVFP4,agg,glm_vllm/nvidia/GLM-5-NVFP4_gb300_vllm_isl4000_osl1000_ttft2000_tpot30_894333/agg/pareto.csv,nvidia/GLM-5-NVFP4,4000,1000,0,64,2.289,16.0,64.0,1865.659,25.548,27388.475,2.289,0.572,2286.755,571.689,39.141,4,1.0,1.0,4.0,1.0,4.0,tp1pp1dp4etp1ep4,nvfp4,fp8,bfloat16,nvfp4,half,118.624,0.008,2.0,14.0,8014.0,8000.0,14.0,vllm,0.19.0,gb300,0.0,571.689,,,,,,,,,,,,,,,,,,,,,,,,,,,,,,,,,,,,,,,,,,,,vllm,True,72,2286.755,41161.608,41161.608,571.689,571.689,39.141,GLM-5 NVFP4 / vllm / agg,False
glm_vllm,GLM-5 NVFP4,agg,glm_vllm/nvidia/GLM-5-NVFP4_gb300_vllm_isl4000_osl1000_ttft2000_tpot30_894333/agg/pareto.csv,nvidia/GLM-5-NVFP4,4000,1000,0,120,4.451,15.0,120.0,1403.617,25.418,26796.315,4.451,0.556,4446.353,555.794,39.342,8,1.0,1.0,8.0,1.0,8.0,tp1pp1dp8etp1ep8,nvfp4,fp8,bfloat16,nvfp4,half,65.689,0.015,1.0,14.0,4014.0,4000.0,14.0,vllm,0.19.0,gb300,0.0,555.794,,,,,,,,,,,,,,,,,,,,,,,,,,,,,,,,,,,,,,,,,,,,vllm,True,72,4446.353,40017.168,40017.168,555.794,555.794,39.342,GLM-5 NVFP4 / vllm / agg,False
glm_vllm,GLM-5 NVFP4,agg,glm_vllm/nvidia/GLM-5-NVFP4_gb300_vllm_isl4000_osl1000_ttft2000_tpot30_894333/agg/pareto.csv,nvidia/GLM-5-NVFP4,4000,1000,0,112,4.249,14.0,112.0,1376.45,24.812,26163.346,4.249,0.531,4245.156,530.645,40.304,8,1.0,1.0,8.0,1.0,8.0,tp1pp1dp8etp1ep8,nvfp4,fp8,bfloat16,nvfp4,half,65.408,0.014,1.0,13.0,4013.0,4000.0,13.0,vllm,0.19.0,gb300,0.0,530.645,,,,,,,,,,,,,,,,,,,,,,,,,,,,,,,,,,,,,,,,,,,,vllm,True,72,4245.156,38206.44,38206.44,530.645,530.645,40.304,GLM-5 NVFP4 / vllm / agg,False
glm_vllm,GLM-5 NVFP4,agg,glm_vllm/nvidia/GLM-5-NVFP4_gb300_vllm_isl4000_osl1000_ttft2000_tpot30_894333/agg/pareto.csv,nvidia/GLM-5-NVFP4,4000,1000,0,56,2.08,14.0,56.0,1823.985,24.506,26305.41,2.08,0.52,2078.183,519.546,40.806,4,1.0,1.0,4.0,1.0,4.0,tp1pp1dp4etp1ep4,nvfp4,fp8,bfloat16,nvfp4,half,118.062,0.007,2.0,12.0,8012.0,8000.0,12.0,vllm,0.19.0,gb300,0.0,519.546,,,,,,,,,,,,,,,,,,,,,,,,,,,,,,,,,,,,,,,,,,,,vllm,True,72,2078.183,37407.312000000005,37407.312000000005,519.546,519.546,40.806,GLM-5 NVFP4 / vllm / agg,False
glm_vllm,GLM-5 NVFP4,agg,glm_vllm/nvidia/GLM-5-NVFP4_gb300_vllm_isl4000_osl1000_ttft2000_tpot30_894333/agg/pareto.csv,nvidia/GLM-5-NVFP4,4000,1000,0,104,4.039,13.0,104.0,1349.291,24.205,25530.351,4.039,0.505,4034.514,504.314,41.313,8,1.0,1.0,8.0,1.0,8.0,tp1pp1dp8etp1ep8,nvfp4,fp8,bfloat16,nvfp4,half,65.126,0.013,1.0,12.0,4012.0,4000.0,12.0,vllm,0.19.0,gb300,0.0,504.314,,,,,,,,,,,,,,,,,,,,,,,,,,,,,,,,,,,,,,,,,,,,vllm,True,72,4034.514,36310.608,36310.608,504.314,504.314,41.313,GLM-5 NVFP4 / vllm / agg,False
glm_vllm,GLM-5 NVFP4,agg,glm_vllm/nvidia/GLM-5-NVFP4_gb300_vllm_isl4000_osl1000_ttft2000_tpot30_894333/agg/pareto.csv,nvidia/GLM-5-NVFP4,4000,1000,0,96,3.818,12.0,96.0,1322.138,23.599,24897.331,3.818,0.477,3813.744,476.718,42.375,8,1.0,1.0,8.0,1.0,8.0,tp1pp1dp8etp1ep8,nvfp4,fp8,bfloat16,nvfp4,half,64.845,0.012,1.0,11.0,4011.0,4000.0,11.0,vllm,0.19.0,gb300,0.0,476.7180000000001,,,,,,,,,,,,,,,,,,,,,,,,,,,,,,,,,,,,,,,,,,,,vllm,True,72,3813.744,34323.696,34323.696,476.7180000000001,476.7180000000001,42.375,GLM-5 NVFP4 / vllm / agg,False
glm_vllm,GLM-5 NVFP4,agg,glm_vllm/nvidia/GLM-5-NVFP4_gb300_vllm_isl4000_osl1000_ttft2000_tpot30_894333/agg/pareto.csv,nvidia/GLM-5-NVFP4,4000,1000,0,48,1.855,12.0,48.0,1782.321,23.463,25222.084,1.855,0.464,1852.874,463.218,42.62,4,1.0,1.0,4.0,1.0,4.0,tp1pp1dp4etp1ep4,nvfp4,fp8,bfloat16,nvfp4,half,117.5,0.006,2.0,10.0,8010.0,8000.0,10.0,vllm,0.19.0,gb300,0.0,463.2180000000001,,,,,,,,,,,,,,,,,,,,,,,,,,,,,,,,,,,,,,,,,,,,vllm,True,72,1852.874,33351.696,33351.696,463.2180000000001,463.2180000000001,42.62,GLM-5 NVFP4 / vllm / agg,False
glm_vllm,GLM-5 NVFP4,agg,glm_vllm/nvidia/GLM-5-NVFP4_gb300_vllm_isl4000_osl1000_ttft2000_tpot30_894333/agg/pareto.csv,nvidia/GLM-5-NVFP4,4000,1000,0,88,3.592,11.0,88.0,1294.993,22.947,24218.581,3.592,0.449,3588.767,448.596,43.58,8,1.0,1.0,8.0,1.0,8.0,tp1pp1dp8etp1ep8,nvfp4,fp8,bfloat16,nvfp4,half,64.564,0.011,1.0,10.0,4010.0,4000.0,10.0,vllm,0.19.0,gb300,0.0,448.596,,,,,,,,,,,,,,,,,,,,,,,,,,,,,,,,,,,,,,,,,,,,vllm,True,72,3588.767,32298.912,32298.912,448.596,448.596,43.58,GLM-5 NVFP4 / vllm / agg,False
glm_vllm,GLM-5 NVFP4,agg,glm_vllm/nvidia/GLM-5-NVFP4_gb300_vllm_isl4000_osl1000_ttft2000_tpot30_894333/agg/pareto.csv,nvidia/GLM-5-NVFP4,4000,1000,0,80,3.354,10.0,80.0,1267.854,22.297,23543.05,3.354,0.419,3351.065,418.883,44.848,8,1.0,1.0,8.0,1.0,8.0,tp1pp1dp8etp1ep8,nvfp4,fp8,bfloat16,nvfp4,half,64.283,0.01,1.0,9.0,4009.0,4000.0,9.0,vllm,0.19.0,gb300,0.0,418.883,,,,,,,,,,,,,,,,,,,,,,,,,,,,,,,,,,,,,,,,,,,,vllm,True,72,3351.065,30159.575999999997,30159.575999999997,418.883,418.883,44.848,GLM-5 NVFP4 / vllm / agg,False
glm_vllm,GLM-5 NVFP4,agg,glm_vllm/nvidia/GLM-5-NVFP4_gb300_vllm_isl4000_osl1000_ttft2000_tpot30_894333/agg/pareto.csv,nvidia/GLM-5-NVFP4,4000,1000,0,72,3.119,9.0,72.0,1240.721,21.53,22749.533,3.119,0.39,3115.913,389.489,46.446,8,1.0,1.0,8.0,1.0,8.0,tp1pp1dp8etp1ep8,nvfp4,fp8,bfloat16,nvfp4,half,64.001,0.009,1.0,8.0,4008.0,4000.0,8.0,vllm,0.19.0,gb300,0.0,389.489,,,,,,,,,,,,,,,,,,,,,,,,,,,,,,,,,,,,,,,,,,,,vllm,True,72,3115.913,28043.208,28043.208,389.489,389.489,46.446,GLM-5 NVFP4 / vllm / agg,False
glm_vllm,GLM-5 NVFP4,agg,glm_vllm/nvidia/GLM-5-NVFP4_gb300_vllm_isl4000_osl1000_ttft2000_tpot30_894333/agg/pareto.csv,nvidia/GLM-5-NVFP4,4000,1000,0,64,2.878,8.0,64.0,1213.23,20.68,21872.134,2.878,0.36,2875.443,359.43,48.357,8,1.0,1.0,8.0,1.0,8.0,tp1pp1dp8etp1ep8,nvfp4,fp8,bfloat16,nvfp4,half,63.72,0.008,1.0,7.0,4007.0,4000.0,7.0,vllm,0.19.0,gb300,0.0,359.43,,,,,,,,,,,,,,,,,,,,,,,,,,,,,,,,,,,,,,,,,,,,vllm,True,72,2875.443,25878.96,25878.96,359.43,359.43,48.357,GLM-5 NVFP4 / vllm / agg,False
glm_vllm,GLM-5 NVFP4,agg,glm_vllm/nvidia/GLM-5-NVFP4_gb300_vllm_isl4000_osl1000_ttft2000_tpot30_894333/agg/pareto.csv,nvidia/GLM-5-NVFP4,4000,1000,0,64,2.858,8.0,64.0,1964.83,19.58,21525.366,2.858,0.357,2854.702,356.838,51.072,8,1.0,1.0,8.0,8.0,1.0,tp1pp1dp8etp8ep1,nvfp4,fp8,bfloat16,nvfp4,half,94.38,0.004,2.0,6.0,8006.0,8000.0,6.0,vllm,0.19.0,gb300,0.0,356.838,,,,,,,,,,,,,,,,,,,,,,,,,,,,,,,,,,,,,,,,,,,,vllm,True,72,2854.702,25692.336000000003,25692.336000000003,356.838,356.838,51.072,GLM-5 NVFP4 / vllm / agg,False
glm_vllm,GLM-5 NVFP4,agg,glm_vllm/nvidia/GLM-5-NVFP4_gb300_vllm_isl4000_osl1000_ttft2000_tpot30_894333/agg/pareto.csv,nvidia/GLM-5-NVFP4,4000,1000,0,56,2.54,7.0,56.0,1964.371,19.227,21172.601,2.54,0.318,2537.78,317.222,52.009,8,1.0,1.0,8.0,8.0,1.0,tp1pp1dp8etp8ep1,nvfp4,fp8,bfloat16,nvfp4,half,94.095,0.004,2.0,5.0,8005.0,8000.0,5.0,vllm,0.19.0,gb300,0.0,317.222,,,,,,,,,,,,,,,,,,,,,,,,,,,,,,,,,,,,,,,,,,,,vllm,True,72,2537.78,22839.983999999997,22839.983999999997,317.222,317.222,52.009,GLM-5 NVFP4 / vllm / agg,False
glm_vllm,GLM-5 NVFP4,agg,glm_vllm/nvidia/GLM-5-NVFP4_gb300_vllm_isl4000_osl1000_ttft2000_tpot30_894333/agg/pareto.csv,nvidia/GLM-5-NVFP4,4000,1000,0,48,2.347,6.0,48.0,1979.187,18.512,20473.034,2.347,0.293,2344.323,293.04,54.018,8,1.0,1.0,8.0,1.0,8.0,tp1pp1dp8etp1ep8,nvfp4,fp8,bfloat16,nvfp4,half,66.453,0.003,2.0,4.0,8004.0,8000.0,4.0,vllm,0.19.0,gb300,0.0,293.04,,,,,,,,,,,,,,,,,,,,,,,,,,,,,,,,,,,,,,,,,,,,vllm,True,72,2344.323,21098.88,21098.88,293.04,293.04,54.018,GLM-5 NVFP4 / vllm / agg,False
glm_vllm,GLM-5 NVFP4,agg,glm_vllm/nvidia/GLM-5-NVFP4_gb300_vllm_isl4000_osl1000_ttft2000_tpot30_894333/agg/pareto.csv,nvidia/GLM-5-NVFP4,4000,1000,0,40,1.998,5.0,40.0,1130.893,18.457,19569.296,1.998,0.25,1996.298,249.537,54.18,8,1.0,1.0,8.0,1.0,8.0,tp1pp1dp8etp1ep8,nvfp4,fp8,bfloat16,nvfp4,half,62.877,0.005,1.0,4.0,4004.0,4000.0,4.0,vllm,0.19.0,gb300,0.0,249.537,,,,,,,,,,,,,,,,,,,,,,,,,,,,,,,,,,,,,,,,,,,,vllm,True,72,1996.298,17966.664,17966.664,249.537,249.537,54.18,GLM-5 NVFP4 / vllm / agg,False
glm_vllm,GLM-5 NVFP4,agg,glm_vllm/nvidia/GLM-5-NVFP4_gb300_vllm_isl4000_osl1000_ttft2000_tpot30_894333/agg/pareto.csv,nvidia/GLM-5-NVFP4,4000,1000,0,40,1.968,5.0,40.0,1978.938,18.386,20346.064,1.968,0.246,1965.793,245.724,54.391,8,1.0,1.0,8.0,1.0,8.0,tp1pp1dp8etp1ep8,nvfp4,fp8,bfloat16,nvfp4,half,66.172,0.002,2.0,3.0,8003.0,8000.0,3.0,vllm,0.19.0,gb300,0.0,245.724,,,,,,,,,,,,,,,,,,,,,,,,,,,,,,,,,,,,,,,,,,,,vllm,True,72,1965.793,17692.128,17692.128,245.724,245.724,54.391,GLM-5 NVFP4 / vllm / agg,False
glm_vllm,GLM-5 NVFP4,agg,glm_vllm/nvidia/GLM-5-NVFP4_gb300_vllm_isl4000_osl1000_ttft2000_tpot30_894333/agg/pareto.csv,nvidia/GLM-5-NVFP4,4000,1000,0,32,1.685,4.0,32.0,1867.655,18.057,19906.273,1.685,0.211,1682.846,210.356,55.381,8,1.0,1.0,8.0,8.0,1.0,tp1pp1dp8etp8ep1,nvfp4,fp8,bfloat16,nvfp4,half,93.241,0.002,2.0,2.0,8002.0,8000.0,2.0,vllm,0.19.0,gb300,0.0,210.356,,,,,,,,,,,,,,,,,,,,,,,,,,,,,,,,,,,,,,,,,,,,vllm,True,72,1682.846,15145.632,15145.632,210.356,210.356,55.381,GLM-5 NVFP4 / vllm / agg,False
glm_vllm,GLM-5 NVFP4,agg,glm_vllm/nvidia/GLM-5-NVFP4_gb300_vllm_isl4000_osl1000_ttft2000_tpot30_894333/agg/pareto.csv,nvidia/GLM-5-NVFP4,4000,1000,0,32,1.669,4.0,32.0,1103.713,17.608,18693.727,1.669,0.209,1667.607,208.451,56.794,8,1.0,1.0,8.0,1.0,8.0,tp1pp1dp8etp1ep8,nvfp4,fp8,bfloat16,nvfp4,half,62.595,0.004,1.0,3.0,4003.0,4000.0,3.0,vllm,0.19.0,gb300,0.0,208.451,,,,,,,,,,,,,,,,,,,,,,,,,,,,,,,,,,,,,,,,,,,,vllm,True,72,1667.607,15008.472,15008.472,208.451,208.451,56.794,GLM-5 NVFP4 / vllm / agg,False
glm_vllm,GLM-5 NVFP4,agg,glm_vllm/nvidia/GLM-5-NVFP4_gb300_vllm_isl4000_osl1000_ttft2000_tpot30_894333/agg/pareto.csv,nvidia/GLM-5-NVFP4,4000,1000,0,24,1.316,3.0,24.0,1076.546,17.197,18256.696,1.316,0.164,1314.51,164.314,58.149,8,1.0,1.0,8.0,1.0,8.0,tp1pp1dp8etp1ep8,nvfp4,fp8,bfloat16,nvfp4,half,62.314,0.003,1.0,2.0,4002.0,4000.0,2.0,vllm,0.19.0,gb300,0.0,164.314,,,,,,,,,,,,,,,,,,,,,,,,,,,,,,,,,,,,,,,,,,,,vllm,True,72,1314.51,11830.608,11830.608,164.314,164.314,58.149,GLM-5 NVFP4 / vllm / agg,False
glm_vllm,GLM-5 NVFP4,agg,glm_vllm/nvidia/GLM-5-NVFP4_gb300_vllm_isl4000_osl1000_ttft2000_tpot30_894333/agg/pareto.csv,nvidia/GLM-5-NVFP4,4000,1000,0,10,0.552,10.0,10.0,1167.424,16.489,17639.878,0.552,0.138,551.713,137.928,60.647,4,4.0,1.0,1.0,4.0,1.0,tp4pp1dp1etp4ep1,nvfp4,fp8,bfloat16,nvfp4,half,113.367,0.005,2.0,8.0,8008.0,8000.0,8.0,vllm,0.19.0,gb300,0.0,137.928,,,,,,,,,,,,,,,,,,,,,,,,,,,,,,,,,,,,,,,,,,,,vllm,True,72,551.713,9930.815999999999,9930.815999999999,137.928,137.928,60.647,GLM-5 NVFP4 / vllm / agg,False
glm_vllm,GLM-5 NVFP4,agg,glm_vllm/nvidia/GLM-5-NVFP4_gb300_vllm_isl4000_osl1000_ttft2000_tpot30_894333/agg/pareto.csv,nvidia/GLM-5-NVFP4,4000,1000,0,9,0.503,9.0,9.0,1167.01,16.274,17424.793,0.503,0.126,502.504,125.626,61.447,4,4.0,1.0,1.0,4.0,1.0,tp4pp1dp1etp4ep1,nvfp4,fp8,bfloat16,nvfp4,half,113.086,0.004,2.0,7.0,8007.0,8000.0,7.0,vllm,0.19.0,gb300,0.0,125.626,,,,,,,,,,,,,,,,,,,,,,,,,,,,,,,,,,,,,,,,,,,,vllm,True,72,502.504,9045.072,9045.072,125.626,125.626,61.447,GLM-5 NVFP4 / vllm / agg,False
glm_vllm,GLM-5 NVFP4,agg,glm_vllm/nvidia/GLM-5-NVFP4_gb300_vllm_isl4000_osl1000_ttft2000_tpot30_894333/agg/pareto.csv,nvidia/GLM-5-NVFP4,4000,1000,0,4,0.238,4.0,4.0,1164.769,16.195,17343.758,0.238,0.119,238.193,119.097,61.747,2,2.0,1.0,1.0,2.0,1.0,tp2pp1dp1etp2ep1,nvfp4,fp8,bfloat16,nvfp4,half,211.546,0.002,2.0,2.0,8002.0,8000.0,2.0,vllm,0.19.0,gb300,0.0,119.097,,,,,,,,,,,,,,,,,,,,,,,,,,,,,,,,,,,,,,,,,,,,vllm,True,72,238.193,8574.984,8574.984,119.097,119.097,61.747,GLM-5 NVFP4 / vllm / agg,False
glm_vllm,GLM-5 NVFP4,agg,glm_vllm/nvidia/GLM-5-NVFP4_gb300_vllm_isl4000_osl1000_ttft2000_tpot30_894333/agg/pareto.csv,nvidia/GLM-5-NVFP4,4000,1000,0,8,0.468,8.0,8.0,1138.819,15.478,16601.434,0.468,0.117,467.417,116.854,64.607,4,4.0,1.0,1.0,4.0,1.0,tp4pp1dp1etp4ep1,nvfp4,fp8,bfloat16,nvfp4,half,112.805,0.004,2.0,6.0,8006.0,8000.0,6.0,vllm,0.19.0,gb300,0.0,116.85399999999998,,,,,,,,,,,,,,,,,,,,,,,,,,,,,,,,,,,,,,,,,,,,vllm,True,72,467.417,8413.488,8413.488,116.85399999999998,116.85399999999998,64.607,GLM-5 NVFP4 / vllm / agg,False
glm_vllm,GLM-5 NVFP4,agg,glm_vllm/nvidia/GLM-5-NVFP4_gb300_vllm_isl4000_osl1000_ttft2000_tpot30_894333/agg/pareto.csv,nvidia/GLM-5-NVFP4,4000,1000,0,7,0.42,7.0,7.0,1138.414,15.065,16188.028,0.42,0.105,419.107,104.777,66.38,4,4.0,1.0,1.0,4.0,1.0,tp4pp1dp1etp4ep1,nvfp4,fp8,bfloat16,nvfp4,half,112.524,0.004,2.0,5.0,8005.0,8000.0,5.0,vllm,0.19.0,gb300,0.0,104.777,,,,,,,,,,,,,,,,,,,,,,,,,,,,,,,,,,,,,,,,,,,,vllm,True,72,419.107,7543.944,7543.944,104.777,104.777,66.38,GLM-5 NVFP4 / vllm / agg,False
glm_vllm,GLM-5 NVFP4,agg,glm_vllm/nvidia/GLM-5-NVFP4_gb300_vllm_isl4000_osl1000_ttft2000_tpot30_894333/agg/pareto.csv,nvidia/GLM-5-NVFP4,4000,1000,0,6,0.382,6.0,6.0,1110.253,14.633,15728.858,0.382,0.095,381.438,95.359,68.338,4,4.0,1.0,1.0,4.0,1.0,tp4pp1dp1etp4ep1,nvfp4,fp8,bfloat16,nvfp4,half,112.243,0.003,2.0,4.0,8004.0,8000.0,4.0,vllm,0.19.0,gb300,0.0,95.359,,,,,,,,,,,,,,,,,,,,,,,,,,,,,,,,,,,,,,,,,,,,vllm,True,72,381.438,6865.848,6865.848,95.359,95.359,68.338,GLM-5 NVFP4 / vllm / agg,False
glm_vllm,GLM-5 NVFP4,agg,glm_vllm/nvidia/GLM-5-NVFP4_gb300_vllm_isl4000_osl1000_ttft2000_tpot30_894333/agg/pareto.csv,nvidia/GLM-5-NVFP4,4000,1000,0,5,0.328,5.0,5.0,1110.041,14.185,15281.093,0.328,0.082,327.178,81.795,70.496,4,4.0,1.0,1.0,4.0,1.0,tp4pp1dp1etp4ep1,nvfp4,fp8,bfloat16,nvfp4,half,111.962,0.002,2.0,3.0,8003.0,8000.0,3.0,vllm,0.19.0,gb300,0.0,81.795,,,,,,,,,,,,,,,,,,,,,,,,,,,,,,,,,,,,,,,,,,,,vllm,True,72,327.178,5889.24,5889.24,81.795,81.795,70.496,GLM-5 NVFP4 / vllm / agg,False
glm_vllm,GLM-5 NVFP4,agg,glm_vllm/nvidia/GLM-5-NVFP4_gb300_vllm_isl4000_osl1000_ttft2000_tpot30_894333/agg/pareto.csv,nvidia/GLM-5-NVFP4,4000,1000,0,2,0.143,1.0,1.0,812.161,13.587,14385.76,0.143,0.071,142.704,71.352,73.599,2,1.0,2.0,1.0,1.0,1.0,tp1pp2dp1etp1ep1,nvfp4,fp8,bfloat16,nvfp4,half,207.172,0.001,1.0,1.0,4000.0,4000.0,1.0,vllm,0.19.0,gb300,0.0,71.352,,,,,,,,,,,,,,,,,,,,,,,,,,,,,,,,,,,,,,,,,,,,vllm,True,72,142.704,5137.344,5137.344,71.352,71.352,73.599,GLM-5 NVFP4 / vllm / agg,False
glm_vllm,GLM-5 NVFP4,agg,glm_vllm/nvidia/GLM-5-NVFP4_gb300_vllm_isl4000_osl1000_ttft2000_tpot30_894333/agg/pareto.csv,nvidia/GLM-5-NVFP4,4000,1000,0,4,0.274,4.0,4.0,753.988,13.515,14255.937,0.274,0.069,274.106,68.526,73.989,4,4.0,1.0,1.0,4.0,1.0,tp4pp1dp1etp4ep1,nvfp4,fp8,bfloat16,nvfp4,half,109.118,0.004,1.0,3.0,4003.0,4000.0,3.0,vllm,0.19.0,gb300,0.0,68.526,,,,,,,,,,,,,,,,,,,,,,,,,,,,,,,,,,,,,,,,,,,,vllm,True,72,274.106,4933.871999999999,4933.871999999999,68.526,68.526,73.989,GLM-5 NVFP4 / vllm / agg,False
glm_vllm,GLM-5 NVFP4,agg,glm_vllm/nvidia/GLM-5-NVFP4_gb300_vllm_isl4000_osl1000_ttft2000_tpot30_894333/agg/pareto.csv,nvidia/GLM-5-NVFP4,4000,1000,0,3,0.221,3.0,3.0,735.388,12.883,13605.508,0.221,0.055,220.487,55.122,77.622,4,4.0,1.0,1.0,4.0,1.0,tp4pp1dp1etp4ep1,nvfp4,fp8,bfloat16,nvfp4,half,108.837,0.003,1.0,2.0,4002.0,4000.0,2.0,vllm,0.19.0,gb300,0.0,55.122,,,,,,,,,,,,,,,,,,,,,,,,,,,,,,,,,,,,,,,,,,,,vllm,True,72,220.487,3968.784,3968.784,55.122,55.122,77.622,GLM-5 NVFP4 / vllm / agg,False
glm_vllm,GLM-5 NVFP4,agg,glm_vllm/nvidia/GLM-5-NVFP4_gb300_vllm_isl4000_osl1000_ttft2000_tpot30_894333/agg/pareto.csv,nvidia/GLM-5-NVFP4,4000,1000,0,2,0.159,2.0,2.0,716.466,12.223,12927.641,0.159,0.04,158.841,39.71,81.81,4,4.0,1.0,1.0,4.0,1.0,tp4pp1dp1etp4ep1,nvfp4,fp8,bfloat16,nvfp4,half,108.556,0.002,1.0,1.0,4001.0,4000.0,1.0,vllm,0.19.0,gb300,0.0,39.71,,,,,,,,,,,,,,,,,,,,,,,,,,,,,,,,,,,,,,,,,,,,vllm,True,72,158.841,2859.12,2859.12,39.71,39.71,81.81,GLM-5 NVFP4 / vllm / agg,False
glm_vllm,GLM-5 NVFP4,agg,glm_vllm/nvidia/GLM-5-NVFP4_gb300_vllm_isl4000_osl1000_ttft2000_tpot30_894333/agg/pareto.csv,nvidia/GLM-5-NVFP4,4000,1000,0,1,0.079,1.0,1.0,976.704,12.129,13093.261,0.079,0.04,79.094,39.547,82.449,2,2.0,1.0,1.0,1.0,2.0,tp2pp1dp1etp1ep2,nvfp4,fp8,bfloat16,nvfp4,half,206.98,0.001,1.0,1.0,4000.0,4000.0,1.0,vllm,0.19.0,gb300,0.0,39.547,,,,,,,,,,,,,,,,,,,,,,,,,,,,,,,,,,,,,,,,,,,,vllm,True,72,79.094,2847.384,2847.384,39.547,39.547,82.449,GLM-5 NVFP4 / vllm / agg,False
glm_vllm,GLM-5 NVFP4,agg,glm_vllm/nvidia/GLM-5-NVFP4_gb300_vllm_isl4000_osl1000_ttft2000_tpot30_894333/agg/pareto.csv,nvidia/GLM-5-NVFP4,4000,1000,0,3,0.24,3.0,3.0,1008.118,12.005,13001.422,0.24,0.03,239.563,29.945,83.296,8,8.0,1.0,1.0,8.0,1.0,tp8pp1dp1etp8ep1,nvfp4,fp8,bfloat16,nvfp4,half,61.626,0.002,2.0,1.0,8001.0,8000.0,1.0,vllm,0.19.0,gb300,0.0,29.945,,,,,,,,,,,,,,,,,,,,,,,,,,,,,,,,,,,,,,,,,,,,vllm,True,72,239.563,2156.04,2156.04,29.945,29.945,83.296,GLM-5 NVFP4 / vllm / agg,False
glm_vllm,GLM-5 NVFP4,agg,glm_vllm/nvidia/GLM-5-NVFP4_gb300_vllm_isl4000_osl1000_ttft2000_tpot30_894333/agg/pareto.csv,nvidia/GLM-5-NVFP4,4000,1000,0,3,0.235,3.0,3.0,874.087,11.926,12787.877,0.235,0.029,234.581,29.323,83.852,8,8.0,1.0,1.0,8.0,1.0,tp8pp1dp1etp8ep1,nvfp4,fp8,bfloat16,nvfp4,half,59.063,0.003,1.0,2.0,4002.0,4000.0,2.0,vllm,0.19.0,gb300,0.0,29.322999999999997,,,,,,,,,,,,,,,,,,,,,,,,,,,,,,,,,,,,,,,,,,,,vllm,True,72,234.581,2111.256,2111.256,29.322999999999997,29.322999999999997,83.852,GLM-5 NVFP4 / vllm / agg,False
glm_vllm,GLM-5 NVFP4,agg,glm_vllm/nvidia/GLM-5-NVFP4_gb300_vllm_isl4000_osl1000_ttft2000_tpot30_894333/agg/pareto.csv,nvidia/GLM-5-NVFP4,4000,1000,0,1,0.091,1.0,1.0,671.653,10.701,11362.092,0.091,0.023,90.457,22.614,93.448,4,4.0,1.0,1.0,1.0,4.0,tp4pp1dp1etp1ep4,nvfp4,fp8,bfloat16,nvfp4,half,106.81,0.001,1.0,1.0,4000.0,4000.0,1.0,vllm,0.19.0,gb300,0.0,22.614,,,,,,,,,,,,,,,,,,,,,,,,,,,,,,,,,,,,,,,,,,,,vllm,True,72,90.457,1628.208,1628.208,22.614,22.614,93.448,GLM-5 NVFP4 / vllm / agg,False
glm_vllm,GLM-5 NVFP4,agg,glm_vllm/nvidia/GLM-5-NVFP4_gb300_vllm_isl4000_osl1000_ttft2000_tpot30_894333/agg/pareto.csv,nvidia/GLM-5-NVFP4,4000,1000,0,1,0.095,1.0,1.0,797.277,10.152,10939.396,0.095,0.012,94.587,11.823,98.5,8,8.0,1.0,1.0,1.0,8.0,tp8pp1dp1etp1ep8,nvfp4,fp8,bfloat16,nvfp4,half,56.792,0.001,1.0,1.0,4000.0,4000.0,1.0,vllm,0.19.0,gb300,0.0,11.823,,,,,,,,,,,,,,,,,,,,,,,,,,,,,,,,,,,,,,,,,,,,vllm,True,72,94.587,851.2560000000001,851.2560000000001,11.823,11.823,98.5,GLM-5 NVFP4 / vllm / agg,False
glm_vllm,GLM-5 NVFP4,disagg,glm_vllm/nvidia/GLM-5-NVFP4_gb300_vllm_isl4000_osl1000_ttft2000_tpot30_894333/disagg/pareto.csv,nvidia/GLM-5-NVFP4,4000,1000,0,7200,100.948,,,834.554,64.884,65653.67,100.948,1.402,100947.6,1402.05,15.412,72,,,,,,,,,,,,,,,,,,,,,,0.0,1402.05,1.0,2.0,26.0,360.0,1440.0,5.0,4.314,22.216,1.0,1.0,2.0,1.0,2.0,tp1pp1dp2etp1ep2,nvfp4,fp8,bfloat16,nvfp4,half,209.774,vllm,0.19.0,gb300,1.0,1.0,4.0,4.0,1.0,tp1pp1dp4etp4ep1,nvfp4,fp8,bfloat16,nvfp4,half,209.304,vllm,0.19.0,gb300,0.0,0.0,0.0,,0.0,vllm,False,72,100947.6,100947.59999999999,100947.59999999999,1402.05,1402.05,15.412,GLM-5 NVFP4 / vllm / disagg,False
glm_vllm,GLM-5 NVFP4,disagg,glm_vllm/nvidia/GLM-5-NVFP4_gb300_vllm_isl4000_osl1000_ttft2000_tpot30_894333/disagg/pareto.csv,nvidia/GLM-5-NVFP4,4000,1000,0,1600,31.061,,,834.554,44.716,45505.838,31.061,1.294,31060.8,1294.2,22.364,24,,,,,,,,,,,,,,,,,,,,,,0.0,1294.2,1.0,2.0,8.0,200.0,1600.0,1.0,4.314,35.818,1.0,1.0,2.0,1.0,2.0,tp1pp1dp2etp1ep2,nvfp4,fp8,bfloat16,nvfp4,half,209.774,vllm,0.19.0,gb300,1.0,1.0,8.0,1.0,8.0,tp1pp1dp8etp1ep8,nvfp4,fp8,bfloat16,nvfp4,half,114.421,vllm,0.19.0,gb300,0.0,0.0,0.0,,0.0,vllm,False,72,31060.8,93182.40000000001,93182.40000000001,1294.2,1294.2,22.364,GLM-5 NVFP4 / vllm / disagg,False
glm_vllm,GLM-5 NVFP4,disagg,glm_vllm/nvidia/GLM-5-NVFP4_gb300_vllm_isl4000_osl1000_ttft2000_tpot30_894333/disagg/pareto.csv,nvidia/GLM-5-NVFP4,4000,1000,0,2944,77.652,,,834.554,34.89,35689.664,77.652,1.078,77652.0,1078.5,28.661,72,,,,,,,,,,,,,,,,,,,,,,0.0,1078.5,1.0,2.0,20.0,92.0,736.0,4.0,4.314,21.116,1.0,1.0,2.0,1.0,2.0,tp1pp1dp2etp1ep2,nvfp4,fp8,bfloat16,nvfp4,half,209.774,vllm,0.19.0,gb300,1.0,1.0,8.0,8.0,1.0,tp1pp1dp8etp8ep1,nvfp4,fp8,bfloat16,nvfp4,half,84.363,vllm,0.19.0,gb300,0.0,0.0,0.0,,0.0,vllm,False,72,77652.0,77652.0,77652.0,1078.5,1078.5,28.661,GLM-5 NVFP4 / vllm / disagg,False
glm_vllm,GLM-5 NVFP4,disagg,glm_vllm/nvidia/GLM-5-NVFP4_gb300_vllm_isl4000_osl1000_ttft2000_tpot30_894333/disagg/pareto.csv,nvidia/GLM-5-NVFP4,4000,1000,0,2304,69.887,,,834.554,29.441,30246.113,69.887,0.971,69886.8,970.65,33.966,72,,,,,,,,,,,,,,,,,,,,,,0.0,970.65,1.0,2.0,18.0,64.0,256.0,9.0,4.314,8.704,1.0,1.0,2.0,1.0,2.0,tp1pp1dp2etp1ep2,nvfp4,fp8,bfloat16,nvfp4,half,209.774,vllm,0.19.0,gb300,1.0,1.0,4.0,1.0,4.0,tp1pp1dp4etp1ep4,nvfp4,fp8,bfloat16,nvfp4,half,125.617,vllm,0.19.0,gb300,0.0,0.0,0.0,,0.0,vllm,True,72,69886.8,69886.8,69886.8,970.65,970.65,33.966,GLM-5 NVFP4 / vllm / disagg,True
glm_vllm,GLM-5 NVFP4,disagg,glm_vllm/nvidia/GLM-5-NVFP4_gb300_vllm_isl4000_osl1000_ttft2000_tpot30_894333/disagg/pareto.csv,nvidia/GLM-5-NVFP4,4000,1000,0,960,60.439,,,834.554,29.255,30060.299,60.439,0.839,60439.4,839.436,34.182,72,,,,,,,,,,,,,,,,,,,,,,0.0,839.436,1.0,2.0,16.0,48.0,192.0,5.0,4.314,13.139,1.0,1.0,2.0,1.0,2.0,tp1pp1dp2etp1ep2,nvfp4,fp8,bfloat16,nvfp4,half,209.774,vllm,0.19.0,gb300,1.0,2.0,4.0,4.0,1.0,tp1pp2dp4etp4ep1,nvfp4,fp8,bfloat16,nvfp4,half,69.113,vllm,0.19.0,gb300,0.0,0.0,0.0,,0.0,vllm,True,72,60439.4,60439.392,60439.392,839.436,839.436,34.182,GLM-5 NVFP4 / vllm / disagg,False
glm_vllm,GLM-5 NVFP4,disagg,glm_vllm/nvidia/GLM-5-NVFP4_gb300_vllm_isl4000_osl1000_ttft2000_tpot30_894333/disagg/pareto.csv,nvidia/GLM-5-NVFP4,4000,1000,0,1728,54.356,,,834.554,29.249,30054.305,54.356,0.849,54356.4,849.319,34.19,64,,,,,,,,,,,,,,,,,,,,,,0.0,754.9502222222222,1.0,2.0,14.0,48.0,192.0,9.0,4.314,6.571,1.0,1.0,2.0,1.0,2.0,tp1pp1dp2etp1ep2,nvfp4,fp8,bfloat16,nvfp4,half,209.774,vllm,0.19.0,gb300,1.0,1.0,4.0,4.0,1.0,tp1pp1dp4etp4ep1,nvfp4,fp8,bfloat16,nvfp4,half,121.131,vllm,0.19.0,gb300,0.0,0.0,0.0,,0.0,vllm,True,72,54356.4,54356.416,54356.416,754.9502222222222,754.9502222222222,34.19,GLM-5 NVFP4 / vllm / disagg,False
glm_vllm,GLM-5 NVFP4,disagg,glm_vllm/nvidia/GLM-5-NVFP4_gb300_vllm_isl4000_osl1000_ttft2000_tpot30_894333/disagg/pareto.csv,nvidia/GLM-5-NVFP4,4000,1000,0,1280,46.591,,,834.554,24.411,25221.143,46.591,0.728,46591.2,727.988,40.965,64,,,,,,,,,,,,,,,,,,,,,,0.0,647.1004444444445,1.0,2.0,12.0,32.0,256.0,5.0,4.314,10.497,1.0,1.0,2.0,1.0,2.0,tp1pp1dp2etp1ep2,nvfp4,fp8,bfloat16,nvfp4,half,209.774,vllm,0.19.0,gb300,1.0,1.0,8.0,1.0,8.0,tp1pp1dp8etp1ep8,nvfp4,fp8,bfloat16,nvfp4,half,67.285,vllm,0.19.0,gb300,0.0,0.0,0.0,,0.0,vllm,True,72,46591.2,46591.232,46591.232,647.1004444444445,647.1004444444445,40.965,GLM-5 NVFP4 / vllm / disagg,True
glm_vllm,GLM-5 NVFP4,disagg,glm_vllm/nvidia/GLM-5-NVFP4_gb300_vllm_isl4000_osl1000_ttft2000_tpot30_894333/disagg/pareto.csv,nvidia/GLM-5-NVFP4,4000,1000,0,336,15.53,,,834.554,19.745,20559.809,15.53,0.277,15530.4,277.329,50.646,56,,,,,,,,,,,,,,,,,,,,,,0.0,215.70033333333333,1.0,2.0,4.0,7.0,56.0,6.0,4.314,2.839,1.0,1.0,2.0,1.0,2.0,tp1pp1dp2etp1ep2,nvfp4,fp8,bfloat16,nvfp4,half,209.774,vllm,0.19.0,gb300,1.0,1.0,8.0,8.0,1.0,tp1pp1dp8etp8ep1,nvfp4,fp8,bfloat16,nvfp4,half,60.275,vllm,0.19.0,gb300,0.0,0.0,0.0,,0.0,vllm,True,72,15530.4,15530.423999999999,15530.423999999999,215.70033333333333,215.70033333333333,50.646,GLM-5 NVFP4 / vllm / disagg,False
glm_vllm,GLM-5 NVFP4,disagg,glm_vllm/nvidia/GLM-5-NVFP4_gb300_vllm_isl4000_osl1000_ttft2000_tpot30_894333/disagg/pareto.csv,nvidia/GLM-5-NVFP4,4000,1000,0,320,15.53,,,834.554,18.959,19774.595,15.53,0.216,15530.4,215.7,52.745,72,,,,,,,,,,,,,,,,,,,,,,0.0,215.7,1.0,2.0,4.0,5.0,40.0,8.0,4.314,2.112,1.0,1.0,2.0,1.0,2.0,tp1pp1dp2etp1ep2,nvfp4,fp8,bfloat16,nvfp4,half,209.774,vllm,0.19.0,gb300,1.0,1.0,8.0,8.0,1.0,tp1pp1dp8etp8ep1,nvfp4,fp8,bfloat16,nvfp4,half,59.714,vllm,0.19.0,gb300,0.0,0.0,0.0,,0.0,vllm,True,72,15530.4,15530.4,15530.4,215.7,215.7,52.745,GLM-5 NVFP4 / vllm / disagg,False
glm_vllm,GLM-5 NVFP4,disagg,glm_vllm/nvidia/GLM-5-NVFP4_gb300_vllm_isl4000_osl1000_ttft2000_tpot30_894333/disagg/pareto.csv,nvidia/GLM-5-NVFP4,4000,1000,0,288,14.004,,,834.554,18.939,19754.615,14.004,0.25,14004.24,250.076,52.801,56,,,,,,,,,,,,,,,,,,,,,,0.0,194.50355555555555,1.0,2.0,4.0,6.0,48.0,6.0,4.314,2.537,1.0,1.0,2.0,1.0,2.0,tp1pp1dp2etp1ep2,nvfp4,fp8,bfloat16,nvfp4,half,209.774,vllm,0.19.0,gb300,1.0,1.0,8.0,1.0,8.0,tp1pp1dp8etp1ep8,nvfp4,fp8,bfloat16,nvfp4,half,59.994,vllm,0.19.0,gb300,0.0,0.0,0.0,,0.0,vllm,True,72,14004.24,14004.256,14004.256,194.50355555555555,194.50355555555555,52.801,GLM-5 NVFP4 / vllm / disagg,False
glm_vllm,GLM-5 NVFP4,disagg,glm_vllm/nvidia/GLM-5-NVFP4_gb300_vllm_isl4000_osl1000_ttft2000_tpot30_894333/disagg/pareto.csv,nvidia/GLM-5-NVFP4,4000,1000,0,112,11.592,,,834.554,17.8,18616.754,11.592,0.161,11592.0,161.0,56.179,72,,,,,,,,,,,,,,,,,,,,,,0.0,161.0,1.0,2.0,4.0,14.0,14.0,8.0,4.314,1.575,1.0,1.0,2.0,1.0,2.0,tp1pp1dp2etp1ep2,nvfp4,fp8,bfloat16,nvfp4,half,209.774,vllm,0.19.0,gb300,4.0,2.0,1.0,4.0,1.0,tp4pp2dp1etp4ep1,nvfp4,fp8,bfloat16,nvfp4,half,58.719,vllm,0.19.0,gb300,0.0,0.0,0.0,,0.0,vllm,True,72,11592.0,11592.0,11592.0,161.0,161.0,56.179,GLM-5 NVFP4 / vllm / disagg,False
glm_vllm,GLM-5 NVFP4,disagg,glm_vllm/nvidia/GLM-5-NVFP4_gb300_vllm_isl4000_osl1000_ttft2000_tpot30_894333/disagg/pareto.csv,nvidia/GLM-5-NVFP4,4000,1000,0,88,9.59,,,834.554,16.896,17713.658,9.59,0.133,9590.08,133.196,59.187,72,,,,,,,,,,,,,,,,,,,,,,0.0,133.196,1.0,2.0,4.0,11.0,11.0,8.0,4.314,1.303,1.0,1.0,2.0,1.0,2.0,tp1pp1dp2etp1ep2,nvfp4,fp8,bfloat16,nvfp4,half,209.774,vllm,0.19.0,gb300,4.0,2.0,1.0,4.0,1.0,tp4pp2dp1etp4ep1,nvfp4,fp8,bfloat16,nvfp4,half,57.878,vllm,0.19.0,gb300,0.0,0.0,0.0,,0.0,vllm,True,72,9590.08,9590.112,9590.112,133.196,133.196,59.187,GLM-5 NVFP4 / vllm / disagg,False
glm_vllm,GLM-5 NVFP4,disagg,glm_vllm/nvidia/GLM-5-NVFP4_gb300_vllm_isl4000_osl1000_ttft2000_tpot30_894333/disagg/pareto.csv,nvidia/GLM-5-NVFP4,4000,1000,0,72,7.905,,,834.554,16.778,17595.776,7.905,0.11,7904.64,109.787,59.601,72,,,,,,,,,,,,,,,,,,,,,,0.0,109.787,1.0,2.0,4.0,9.0,9.0,8.0,4.314,1.074,1.0,1.0,2.0,1.0,2.0,tp1pp1dp2etp1ep2,nvfp4,fp8,bfloat16,nvfp4,half,209.774,vllm,0.19.0,gb300,4.0,2.0,1.0,1.0,4.0,tp4pp2dp1etp1ep4,nvfp4,fp8,bfloat16,nvfp4,half,57.317,vllm,0.19.0,gb300,0.0,0.0,0.0,,0.0,vllm,True,72,7904.64,7904.664000000001,7904.664000000001,109.787,109.787,59.601,GLM-5 NVFP4 / vllm / disagg,False
glm_vllm,GLM-5 NVFP4,disagg,glm_vllm/nvidia/GLM-5-NVFP4_gb300_vllm_isl4000_osl1000_ttft2000_tpot30_894333/disagg/pareto.csv,nvidia/GLM-5-NVFP4,4000,1000,0,119,6.991,,,834.554,15.681,16499.873,6.991,0.097,6991.08,97.098,63.77,72,,,,,,,,,,,,,,,,,,,,,,0.0,97.098,1.0,2.0,2.0,7.0,7.0,17.0,4.314,0.447,1.0,1.0,2.0,1.0,2.0,tp1pp1dp2etp1ep2,nvfp4,fp8,bfloat16,nvfp4,half,209.774,vllm,0.19.0,gb300,4.0,1.0,1.0,4.0,1.0,tp4pp1dp1etp4ep1,nvfp4,fp8,bfloat16,nvfp4,half,107.531,vllm,0.19.0,gb300,0.0,0.0,0.0,,0.0,vllm,True,72,6991.08,6991.056,6991.056,97.098,97.098,63.77,GLM-5 NVFP4 / vllm / disagg,False
glm_vllm,GLM-5 NVFP4,disagg,glm_vllm/nvidia/GLM-5-NVFP4_gb300_vllm_isl4000_osl1000_ttft2000_tpot30_894333/disagg/pareto.csv,nvidia/GLM-5-NVFP4,4000,1000,0,85,5.318,,,834.554,14.732,15551.822,5.318,0.074,5317.6,73.856,67.881,72,,,,,,,,,,,,,,,,,,,,,,0.0,73.856,1.0,2.0,2.0,5.0,5.0,17.0,4.314,0.34,1.0,1.0,2.0,1.0,2.0,tp1pp1dp2etp1ep2,nvfp4,fp8,bfloat16,nvfp4,half,209.774,vllm,0.19.0,gb300,4.0,1.0,1.0,4.0,1.0,tp4pp1dp1etp4ep1,nvfp4,fp8,bfloat16,nvfp4,half,106.97,vllm,0.19.0,gb300,0.0,0.0,0.0,,0.0,vllm,True,72,5317.6,5317.632,5317.632,73.856,73.856,67.881,GLM-5 NVFP4 / vllm / disagg,False
glm_vllm,GLM-5 NVFP4,disagg,glm_vllm/nvidia/GLM-5-NVFP4_gb300_vllm_isl4000_osl1000_ttft2000_tpot30_894333/disagg/pareto.csv,nvidia/GLM-5-NVFP4,4000,1000,0,51,3.472,,,834.554,13.527,14348.027,3.472,0.048,3472.08,48.223,73.927,72,,,,,,,,,,,,,,,,,,,,,,0.0,48.223,1.0,2.0,2.0,3.0,3.0,17.0,4.314,0.222,1.0,1.0,2.0,1.0,2.0,tp1pp1dp2etp1ep2,nvfp4,fp8,bfloat16,nvfp4,half,209.774,vllm,0.19.0,gb300,4.0,1.0,1.0,4.0,1.0,tp4pp1dp1etp4ep1,nvfp4,fp8,bfloat16,nvfp4,half,106.409,vllm,0.19.0,gb300,0.0,0.0,0.0,,0.0,vllm,True,72,3472.08,3472.056,3472.056,48.223,48.223,73.927,GLM-5 NVFP4 / vllm / disagg,False
glm_vllm,GLM-5 NVFP4,disagg,glm_vllm/nvidia/GLM-5-NVFP4_gb300_vllm_isl4000_osl1000_ttft2000_tpot30_894333/disagg/pareto.csv,nvidia/GLM-5-NVFP4,4000,1000,0,34,2.44,,,834.554,12.814,13635.74,2.44,0.034,2439.84,33.887,78.037,72,,,,,,,,,,,,,,,,,,,,,,0.0,33.887,1.0,2.0,2.0,2.0,2.0,17.0,4.314,0.156,1.0,1.0,2.0,1.0,2.0,tp1pp1dp2etp1ep2,nvfp4,fp8,bfloat16,nvfp4,half,209.774,vllm,0.19.0,gb300,4.0,1.0,1.0,4.0,1.0,tp4pp1dp1etp4ep1,nvfp4,fp8,bfloat16,nvfp4,half,106.129,vllm,0.19.0,gb300,0.0,0.0,0.0,,0.0,vllm,True,72,2439.84,2439.864,2439.864,33.887,33.887,78.037,GLM-5 NVFP4 / vllm / disagg,False
glm_vllm,GLM-5 NVFP4,disagg,glm_vllm/nvidia/GLM-5-NVFP4_gb300_vllm_isl4000_osl1000_ttft2000_tpot30_894333/disagg/pareto.csv,nvidia/GLM-5-NVFP4,4000,1000,0,24,1.737,,,834.554,12.748,13569.806,1.737,0.024,1736.96,24.124,78.445,72,,,,,,,,,,,,,,,,,,,,,,0.0,24.124,1.0,2.0,4.0,3.0,3.0,8.0,4.314,0.236,1.0,1.0,2.0,1.0,2.0,tp1pp1dp2etp1ep2,nvfp4,fp8,bfloat16,nvfp4,half,209.774,vllm,0.19.0,gb300,8.0,1.0,1.0,1.0,8.0,tp8pp1dp1etp1ep8,nvfp4,fp8,bfloat16,nvfp4,half,56.635,vllm,0.19.0,gb300,0.0,0.0,0.0,,0.0,vllm,True,72,1736.96,1736.9279999999999,1736.9279999999999,24.124,24.124,78.445,GLM-5 NVFP4 / vllm / disagg,False
glm_vllm,GLM-5 NVFP4,disagg,glm_vllm/nvidia/GLM-5-NVFP4_gb300_vllm_isl4000_osl1000_ttft2000_tpot30_894333/disagg/pareto.csv,nvidia/GLM-5-NVFP4,4000,1000,0,17,1.361,,,834.554,11.555,12377.999,1.361,0.019,1360.68,18.898,86.546,72,,,,,,,,,,,,,,,,,,,,,,0.0,18.898,1.0,2.0,2.0,1.0,1.0,17.0,4.314,0.087,1.0,1.0,2.0,1.0,2.0,tp1pp1dp2etp1ep2,nvfp4,fp8,bfloat16,nvfp4,half,209.774,vllm,0.19.0,gb300,4.0,1.0,1.0,1.0,4.0,tp4pp1dp1etp1ep4,nvfp4,fp8,bfloat16,nvfp4,half,105.848,vllm,0.19.0,gb300,0.0,0.0,0.0,,0.0,vllm,True,72,1360.68,1360.656,1360.656,18.898,18.898,86.546,GLM-5 NVFP4 / vllm / disagg,False
glm_vllm,GLM-5 NVFP4,disagg,glm_vllm/nvidia/GLM-5-NVFP4_gb300_vllm_isl4000_osl1000_ttft2000_tpot30_894333/disagg/pareto.csv,nvidia/GLM-5-NVFP4,4000,1000,0,4,0.673,,,834.554,10.968,11791.586,0.673,0.009,673.44,9.353,91.176,72,,,,,,,,,,,,,,,,,,,,,,0.0,9.353,1.0,2.0,4.0,1.0,1.0,4.0,4.314,0.183,1.0,1.0,2.0,1.0,2.0,tp1pp1dp2etp1ep2,nvfp4,fp8,bfloat16,nvfp4,half,209.774,vllm,0.19.0,gb300,8.0,2.0,1.0,1.0,8.0,tp8pp2dp1etp1ep8,nvfp4,fp8,bfloat16,nvfp4,half,30.187,vllm,0.19.0,gb300,0.0,0.0,0.0,,0.0,vllm,True,72,673.44,673.4159999999999,673.4159999999999,9.353,9.353,91.176,GLM-5 NVFP4 / vllm / disagg,False
glm_vllm,GLM-5 NVFP4,disagg,glm_vllm/nvidia/GLM-5-NVFP4_gb300_vllm_isl4000_osl1000_ttft2000_tpot30_894333/disagg/pareto.csv,nvidia/GLM-5-NVFP4,4000,1000,0,8,0.67,,,834.554,10.962,11785.592,0.67,0.009,669.76,9.302,91.225,72,,,,,,,,,,,,,,,,,,,,,,0.0,9.302,1.0,2.0,4.0,1.0,1.0,8.0,4.314,0.091,1.0,1.0,2.0,1.0,2.0,tp1pp1dp2etp1ep2,nvfp4,fp8,bfloat16,nvfp4,half,209.774,vllm,0.19.0,gb300,8.0,1.0,1.0,1.0,8.0,tp8pp1dp1etp1ep8,nvfp4,fp8,bfloat16,nvfp4,half,56.075,vllm,0.19.0,gb300,0.0,0.0,0.0,,0.0,vllm,True,72,669.76,669.7439999999999,669.7439999999999,9.302,9.302,91.225,GLM-5 NVFP4 / vllm / disagg,False
kimi,Kimi K2.5 NVFP4,agg,kimi/nvidia/Kimi-K2.5-NVFP4_gb300_auto_isl4000_osl1000_ttft2000_tpot30_922181/agg/pareto.csv,nvidia/Kimi-K2.5-NVFP4,4000,1000,0,2048,13.543,512.0,2048.0,954.347,150.961,151764.649,13.543,3.386,13529.269,3382.317,6.624,4,1.0,1.0,4.0,1.0,4.0,tp1pp1dp4etp1ep4,nvfp4,fp8,bfloat16,nvfp4,half,242.882,0.512,1.0,511.0,4511.0,4000.0,511.0,vllm,0.19.0,gb300,0.0,3382.317,,,,,,,,,,,,,,,,,,,,,,,,,,,,,,,,,,,,,,,,,,,,vllm,False,72,13529.269,243526.824,243526.824,3382.317,3382.317,6.624,Kimi K2.5 NVFP4 / vllm / agg,False
kimi,Kimi K2.5 NVFP4,agg,kimi/nvidia/Kimi-K2.5-NVFP4_gb300_auto_isl4000_osl1000_ttft2000_tpot30_922181/agg/pareto.csv,nvidia/Kimi-K2.5-NVFP4,4000,1000,0,1920,13.357,480.0,1920.0,949.07,143.464,144269.835,13.357,3.339,13343.57,3335.892,6.97,4,1.0,1.0,4.0,1.0,4.0,tp1pp1dp4etp1ep4,nvfp4,fp8,bfloat16,nvfp4,half,237.587,0.48,1.0,479.0,4479.0,4000.0,479.0,vllm,0.19.0,gb300,0.0,3335.892,,,,,,,,,,,,,,,,,,,,,,,,,,,,,,,,,,,,,,,,,,,,vllm,False,72,13343.57,240184.224,240184.224,3335.892,3335.892,6.97,Kimi K2.5 NVFP4 / vllm / agg,False
kimi,Kimi K2.5 NVFP4,agg,kimi/nvidia/Kimi-K2.5-NVFP4_gb300_auto_isl4000_osl1000_ttft2000_tpot30_922181/agg/pareto.csv,nvidia/Kimi-K2.5-NVFP4,4000,1000,0,1792,13.162,448.0,1792.0,943.793,135.846,136653.669,13.162,3.291,13149.175,3287.294,7.361,4,1.0,1.0,4.0,1.0,4.0,tp1pp1dp4etp1ep4,nvfp4,fp8,bfloat16,nvfp4,half,232.291,0.448,1.0,447.0,4447.0,4000.0,447.0,vllm,0.19.0,gb300,0.0,3287.294,,,,,,,,,,,,,,,,,,,,,,,,,,,,,,,,,,,,,,,,,,,,vllm,False,72,13149.175,236685.168,236685.168,3287.294,3287.294,7.361,Kimi K2.5 NVFP4 / vllm / agg,False
kimi,Kimi K2.5 NVFP4,agg,kimi/nvidia/Kimi-K2.5-NVFP4_gb300_auto_isl4000_osl1000_ttft2000_tpot30_922181/agg/pareto.csv,nvidia/Kimi-K2.5-NVFP4,4000,1000,0,1664,12.946,416.0,1664.0,938.516,128.214,129024.272,12.946,3.237,12933.124,3233.281,7.799,4,1.0,1.0,4.0,1.0,4.0,tp1pp1dp4etp1ep4,nvfp4,fp8,bfloat16,nvfp4,half,226.996,0.416,1.0,415.0,4415.0,4000.0,415.0,vllm,0.19.0,gb300,0.0,3233.281,,,,,,,,,,,,,,,,,,,,,,,,,,,,,,,,,,,,,,,,,,,,vllm,False,72,12933.124,232796.232,232796.232,3233.281,3233.281,7.799,Kimi K2.5 NVFP4 / vllm / agg,False
kimi,Kimi K2.5 NVFP4,agg,kimi/nvidia/Kimi-K2.5-NVFP4_gb300_auto_isl4000_osl1000_ttft2000_tpot30_922181/agg/pareto.csv,nvidia/Kimi-K2.5-NVFP4,4000,1000,0,1536,12.683,384.0,1536.0,933.239,120.77,121581.992,12.683,3.171,12670.301,3167.575,8.28,4,1.0,1.0,4.0,1.0,4.0,tp1pp1dp4etp1ep4,nvfp4,fp8,bfloat16,nvfp4,half,221.7,0.384,1.0,383.0,4383.0,4000.0,383.0,vllm,0.19.0,gb300,0.0,3167.575,,,,,,,,,,,,,,,,,,,,,,,,,,,,,,,,,,,,,,,,,,,,vllm,False,72,12670.301,228065.4,228065.4,3167.575,3167.575,8.28,Kimi K2.5 NVFP4 / vllm / agg,False
kimi,Kimi K2.5 NVFP4,agg,kimi/nvidia/Kimi-K2.5-NVFP4_gb300_auto_isl4000_osl1000_ttft2000_tpot30_922181/agg/pareto.csv,nvidia/Kimi-K2.5-NVFP4,4000,1000,0,1408,12.453,352.0,1408.0,942.862,112.692,113522.518,12.453,3.113,12440.955,3110.239,8.874,4,1.0,1.0,4.0,1.0,4.0,tp1pp1dp4etp1ep4,nvfp4,fp8,bfloat16,nvfp4,half,219.127,0.352,1.0,351.0,4351.0,4000.0,351.0,sglang,0.5.10,gb300,0.0,3110.239,,,,,,,,,,,,,,,,,,,,,,,,,,,,,,,,,,,,,,,,,,,,sglang,False,72,12440.955,223937.208,223937.208,3110.239,3110.239,8.874,Kimi K2.5 NVFP4 / sglang / agg,False
kimi,Kimi K2.5 NVFP4,agg,kimi/nvidia/Kimi-K2.5-NVFP4_gb300_auto_isl4000_osl1000_ttft2000_tpot30_922181/agg/pareto.csv,nvidia/Kimi-K2.5-NVFP4,4000,1000,0,1280,12.227,320.0,1280.0,938.84,104.291,105125.727,12.227,3.057,12215.23,3053.807,9.589,4,1.0,1.0,4.0,1.0,4.0,tp1pp1dp4etp1ep4,nvfp4,fp8,bfloat16,nvfp4,half,213.816,0.32,1.0,319.0,4319.0,4000.0,319.0,sglang,0.5.10,gb300,0.0,3053.807,,,,,,,,,,,,,,,,,,,,,,,,,,,,,,,,,,,,,,,,,,,,sglang,False,72,12215.23,219874.104,219874.104,3053.807,3053.807,9.589,Kimi K2.5 NVFP4 / sglang / agg,False
kimi,Kimi K2.5 NVFP4,agg,kimi/nvidia/Kimi-K2.5-NVFP4_gb300_auto_isl4000_osl1000_ttft2000_tpot30_922181/agg/pareto.csv,nvidia/Kimi-K2.5-NVFP4,4000,1000,0,1152,11.977,288.0,1152.0,934.819,95.771,96610.467,11.977,2.994,11964.915,2991.229,10.442,4,1.0,1.0,4.0,1.0,4.0,tp1pp1dp4etp1ep4,nvfp4,fp8,bfloat16,nvfp4,half,208.506,0.288,1.0,287.0,4287.0,4000.0,287.0,sglang,0.5.10,gb300,0.0,2991.229,,,,,,,,,,,,,,,,,,,,,,,,,,,,,,,,,,,,,,,,,,,,sglang,False,72,11964.915,215368.48799999998,215368.48799999998,2991.229,2991.229,10.442,Kimi K2.5 NVFP4 / sglang / agg,False
kimi,Kimi K2.5 NVFP4,agg,kimi/nvidia/Kimi-K2.5-NVFP4_gb300_auto_isl4000_osl1000_ttft2000_tpot30_922181/agg/pareto.csv,nvidia/Kimi-K2.5-NVFP4,4000,1000,0,1024,11.695,256.0,1024.0,930.797,87.12,87963.438,11.695,2.924,11683.61,2920.903,11.478,4,1.0,1.0,4.0,1.0,4.0,tp1pp1dp4etp1ep4,nvfp4,fp8,bfloat16,nvfp4,half,203.196,0.256,1.0,255.0,4255.0,4000.0,255.0,sglang,0.5.10,gb300,0.0,2920.903,,,,,,,,,,,,,,,,,,,,,,,,,,,,,,,,,,,,,,,,,,,,sglang,False,72,11683.61,210305.01599999997,210305.01599999997,2920.903,2920.903,11.478,Kimi K2.5 NVFP4 / sglang / agg,False
kimi,Kimi K2.5 NVFP4,agg,kimi/nvidia/Kimi-K2.5-NVFP4_gb300_auto_isl4000_osl1000_ttft2000_tpot30_922181/agg/pareto.csv,nvidia/Kimi-K2.5-NVFP4,4000,1000,0,960,11.507,240.0,960.0,928.787,82.978,83823.478,11.507,2.877,11495.79,2873.947,12.051,4,1.0,1.0,4.0,1.0,4.0,tp1pp1dp4etp1ep4,nvfp4,fp8,bfloat16,nvfp4,half,200.54,0.24,1.0,239.0,4239.0,4000.0,239.0,sglang,0.5.10,gb300,0.0,2873.947,,,,,,,,,,,,,,,,,,,,,,,,,,,,,,,,,,,,,,,,,,,,sglang,False,72,11495.79,206924.184,206924.184,2873.947,2873.947,12.051,Kimi K2.5 NVFP4 / sglang / agg,False
kimi,Kimi K2.5 NVFP4,agg,kimi/nvidia/Kimi-K2.5-NVFP4_gb300_auto_isl4000_osl1000_ttft2000_tpot30_922181/agg/pareto.csv,nvidia/Kimi-K2.5-NVFP4,4000,1000,0,896,11.303,224.0,896.0,926.776,78.814,79662.123,11.303,2.826,11291.439,2822.86,12.688,4,1.0,1.0,4.0,1.0,4.0,tp1pp1dp4etp1ep4,nvfp4,fp8,bfloat16,nvfp4,half,197.885,0.224,1.0,223.0,4223.0,4000.0,223.0,sglang,0.5.10,gb300,0.0,2822.86,,,,,,,,,,,,,,,,,,,,,,,,,,,,,,,,,,,,,,,,,,,,sglang,False,72,11291.439,203245.92,203245.92,2822.86,2822.86,12.688,Kimi K2.5 NVFP4 / sglang / agg,False
kimi,Kimi K2.5 NVFP4,agg,kimi/nvidia/Kimi-K2.5-NVFP4_gb300_auto_isl4000_osl1000_ttft2000_tpot30_922181/agg/pareto.csv,nvidia/Kimi-K2.5-NVFP4,4000,1000,0,832,11.079,208.0,832.0,924.765,74.629,75479.371,11.079,2.77,11067.642,2766.911,13.4,4,1.0,1.0,4.0,1.0,4.0,tp1pp1dp4etp1ep4,nvfp4,fp8,bfloat16,nvfp4,half,195.23,0.208,1.0,207.0,4207.0,4000.0,207.0,sglang,0.5.10,gb300,0.0,2766.911,,,,,,,,,,,,,,,,,,,,,,,,,,,,,,,,,,,,,,,,,,,,sglang,False,72,11067.642,199217.592,199217.592,2766.911,2766.911,13.4,Kimi K2.5 NVFP4 / sglang / agg,False
kimi,Kimi K2.5 NVFP4,agg,kimi/nvidia/Kimi-K2.5-NVFP4_gb300_auto_isl4000_osl1000_ttft2000_tpot30_922181/agg/pareto.csv,nvidia/Kimi-K2.5-NVFP4,4000,1000,0,768,10.976,192.0,768.0,900.369,69.507,70337.407,10.976,2.744,10964.639,2741.16,14.387,4,1.0,1.0,4.0,1.0,4.0,tp1pp1dp4etp1ep4,nvfp4,fp8,bfloat16,nvfp4,half,189.928,0.192,1.0,191.0,4191.0,4000.0,191.0,vllm,0.19.0,gb300,0.0,2741.16,,,,,,,,,,,,,,,,,,,,,,,,,,,,,,,,,,,,,,,,,,,,vllm,False,72,10964.639,197363.52,197363.52,2741.16,2741.16,14.387,Kimi K2.5 NVFP4 / vllm / agg,False
kimi,Kimi K2.5 NVFP4,agg,kimi/nvidia/Kimi-K2.5-NVFP4_gb300_auto_isl4000_osl1000_ttft2000_tpot30_922181/agg/pareto.csv,nvidia/Kimi-K2.5-NVFP4,4000,1000,0,704,10.698,176.0,704.0,897.672,65.328,66160.366,10.698,2.675,10687.53,2671.882,15.307,4,1.0,1.0,4.0,1.0,4.0,tp1pp1dp4etp1ep4,nvfp4,fp8,bfloat16,nvfp4,half,187.28,0.176,1.0,175.0,4175.0,4000.0,175.0,vllm,0.19.0,gb300,0.0,2671.882,,,,,,,,,,,,,,,,,,,,,,,,,,,,,,,,,,,,,,,,,,,,vllm,False,72,10687.53,192375.50400000002,192375.50400000002,2671.882,2671.882,15.307,Kimi K2.5 NVFP4 / vllm / agg,False
kimi,Kimi K2.5 NVFP4,agg,kimi/nvidia/Kimi-K2.5-NVFP4_gb300_auto_isl4000_osl1000_ttft2000_tpot30_922181/agg/pareto.csv,nvidia/Kimi-K2.5-NVFP4,4000,1000,0,640,10.39,160.0,640.0,894.975,61.11,61943.459,10.39,2.598,10379.643,2594.911,16.364,4,1.0,1.0,4.0,1.0,4.0,tp1pp1dp4etp1ep4,nvfp4,fp8,bfloat16,nvfp4,half,184.632,0.16,1.0,159.0,4159.0,4000.0,159.0,vllm,0.19.0,gb300,0.0,2594.911,,,,,,,,,,,,,,,,,,,,,,,,,,,,,,,,,,,,,,,,,,,,vllm,False,72,10379.643,186833.592,186833.592,2594.911,2594.911,16.364,Kimi K2.5 NVFP4 / vllm / agg,False
kimi,Kimi K2.5 NVFP4,agg,kimi/nvidia/Kimi-K2.5-NVFP4_gb300_auto_isl4000_osl1000_ttft2000_tpot30_922181/agg/pareto.csv,nvidia/Kimi-K2.5-NVFP4,4000,1000,0,576,10.039,144.0,576.0,892.279,56.875,57710.314,10.039,2.51,10029.44,2507.36,17.582,4,1.0,1.0,4.0,1.0,4.0,tp1pp1dp4etp1ep4,nvfp4,fp8,bfloat16,nvfp4,half,181.984,0.144,1.0,143.0,4143.0,4000.0,143.0,vllm,0.19.0,gb300,0.0,2507.36,,,,,,,,,,,,,,,,,,,,,,,,,,,,,,,,,,,,,,,,,,,,vllm,False,72,10029.44,180529.92,180529.92,2507.36,2507.36,17.582,Kimi K2.5 NVFP4 / vllm / agg,False
kimi,Kimi K2.5 NVFP4,agg,kimi/nvidia/Kimi-K2.5-NVFP4_gb300_auto_isl4000_osl1000_ttft2000_tpot30_922181/agg/pareto.csv,nvidia/Kimi-K2.5-NVFP4,4000,1000,0,576,9.933,144.0,576.0,1729.036,56.861,58532.721,9.933,2.483,9923.372,2480.843,17.587,4,1.0,1.0,4.0,1.0,4.0,tp1pp1dp4etp1ep4,nvfp4,fp8,bfloat16,nvfp4,half,193.942,0.072,2.0,142.0,8142.0,8000.0,142.0,sglang,0.5.10,gb300,0.0,2480.843,,,,,,,,,,,,,,,,,,,,,,,,,,,,,,,,,,,,,,,,,,,,sglang,False,72,9923.372,178620.696,178620.696,2480.843,2480.843,17.587,Kimi K2.5 NVFP4 / sglang / agg,False
kimi,Kimi K2.5 NVFP4,agg,kimi/nvidia/Kimi-K2.5-NVFP4_gb300_auto_isl4000_osl1000_ttft2000_tpot30_922181/agg/pareto.csv,nvidia/Kimi-K2.5-NVFP4,4000,1000,0,512,9.642,128.0,512.0,889.582,52.594,53430.784,9.642,2.41,9631.962,2407.99,19.014,4,1.0,1.0,4.0,1.0,4.0,tp1pp1dp4etp1ep4,nvfp4,fp8,bfloat16,nvfp4,half,179.337,0.128,1.0,127.0,4127.0,4000.0,127.0,vllm,0.19.0,gb300,0.0,2407.99,,,,,,,,,,,,,,,,,,,,,,,,,,,,,,,,,,,,,,,,,,,,vllm,False,72,9631.962,173375.27999999997,173375.27999999997,2407.99,2407.99,19.014,Kimi K2.5 NVFP4 / vllm / agg,False
kimi,Kimi K2.5 NVFP4,agg,kimi/nvidia/Kimi-K2.5-NVFP4_gb300_auto_isl4000_osl1000_ttft2000_tpot30_922181/agg/pareto.csv,nvidia/Kimi-K2.5-NVFP4,4000,1000,0,512,9.609,128.0,512.0,1725.396,52.145,53818.547,9.609,2.402,9599.476,2399.869,19.177,4,1.0,1.0,4.0,1.0,4.0,tp1pp1dp4etp1ep4,nvfp4,fp8,bfloat16,nvfp4,half,191.287,0.064,2.0,126.0,8126.0,8000.0,126.0,sglang,0.5.10,gb300,0.0,2399.869,,,,,,,,,,,,,,,,,,,,,,,,,,,,,,,,,,,,,,,,,,,,sglang,False,72,9599.476,172790.568,172790.568,2399.869,2399.869,19.177,Kimi K2.5 NVFP4 / sglang / agg,False
kimi,Kimi K2.5 NVFP4,agg,kimi/nvidia/Kimi-K2.5-NVFP4_gb300_auto_isl4000_osl1000_ttft2000_tpot30_922181/agg/pareto.csv,nvidia/Kimi-K2.5-NVFP4,4000,1000,0,448,9.217,112.0,448.0,912.701,48.068,48932.274,9.217,2.304,9207.38,2301.845,20.804,4,1.0,1.0,4.0,1.0,4.0,tp1pp1dp4etp1ep4,nvfp4,fp8,bfloat16,nvfp4,half,179.299,0.112,1.0,111.0,4111.0,4000.0,111.0,sglang,0.5.10,gb300,0.0,2301.845,,,,,,,,,,,,,,,,,,,,,,,,,,,,,,,,,,,,,,,,,,,,sglang,False,72,9207.38,165732.84,165732.84,2301.845,2301.845,20.804,Kimi K2.5 NVFP4 / sglang / agg,False
kimi,Kimi K2.5 NVFP4,agg,kimi/nvidia/Kimi-K2.5-NVFP4_gb300_auto_isl4000_osl1000_ttft2000_tpot30_922181/agg/pareto.csv,nvidia/Kimi-K2.5-NVFP4,4000,1000,0,448,9.216,112.0,448.0,1721.756,47.462,49136.047,9.216,2.304,9206.865,2301.716,21.07,4,1.0,1.0,4.0,1.0,4.0,tp1pp1dp4etp1ep4,nvfp4,fp8,bfloat16,nvfp4,half,188.632,0.056,2.0,110.0,8110.0,8000.0,110.0,sglang,0.5.10,gb300,0.0,2301.716,,,,,,,,,,,,,,,,,,,,,,,,,,,,,,,,,,,,,,,,,,,,sglang,False,72,9206.865,165723.552,165723.552,2301.716,2301.716,21.07,Kimi K2.5 NVFP4 / sglang / agg,False
kimi,Kimi K2.5 NVFP4,agg,kimi/nvidia/Kimi-K2.5-NVFP4_gb300_auto_isl4000_osl1000_ttft2000_tpot30_922181/agg/pareto.csv,nvidia/Kimi-K2.5-NVFP4,4000,1000,0,384,8.755,96.0,384.0,906.271,43.311,44173.603,8.755,2.189,8746.292,2186.573,23.089,4,1.0,1.0,4.0,1.0,4.0,tp1pp1dp4etp1ep4,nvfp4,fp8,bfloat16,nvfp4,half,176.644,0.096,1.0,95.0,4095.0,4000.0,95.0,sglang,0.5.10,gb300,0.0,2186.573,,,,,,,,,,,,,,,,,,,,,,,,,,,,,,,,,,,,,,,,,,,,sglang,False,72,8746.292,157433.256,157433.256,2186.573,2186.573,23.089,Kimi K2.5 NVFP4 / sglang / agg,False
kimi,Kimi K2.5 NVFP4,agg,kimi/nvidia/Kimi-K2.5-NVFP4_gb300_auto_isl4000_osl1000_ttft2000_tpot30_922181/agg/pareto.csv,nvidia/Kimi-K2.5-NVFP4,4000,1000,0,384,8.747,96.0,384.0,1718.116,42.741,44416.294,8.747,2.187,8738.15,2184.538,23.397,4,1.0,1.0,4.0,1.0,4.0,tp1pp1dp4etp1ep4,nvfp4,fp8,bfloat16,nvfp4,half,185.977,0.048,2.0,94.0,8094.0,8000.0,94.0,sglang,0.5.10,gb300,0.0,2184.538,,,,,,,,,,,,,,,,,,,,,,,,,,,,,,,,,,,,,,,,,,,,sglang,False,72,8738.15,157286.736,157286.736,2184.538,2184.538,23.397,Kimi K2.5 NVFP4 / sglang / agg,False
kimi,Kimi K2.5 NVFP4,agg,kimi/nvidia/Kimi-K2.5-NVFP4_gb300_auto_isl4000_osl1000_ttft2000_tpot30_922181/agg/pareto.csv,nvidia/Kimi-K2.5-NVFP4,4000,1000,0,640,16.3,80.0,640.0,1071.094,38.575,39607.533,16.3,2.038,16284.195,2035.524,25.924,8,1.0,1.0,8.0,1.0,8.0,tp1pp1dp8etp1ep8,nvfp4,fp8,bfloat16,nvfp4,half,106.436,0.08,1.0,79.0,4079.0,4000.0,79.0,sglang,0.5.10,gb300,0.0,2035.524,,,,,,,,,,,,,,,,,,,,,,,,,,,,,,,,,,,,,,,,,,,,sglang,False,72,16284.195,146557.728,146557.728,2035.524,2035.524,25.924,Kimi K2.5 NVFP4 / sglang / agg,False
kimi,Kimi K2.5 NVFP4,agg,kimi/nvidia/Kimi-K2.5-NVFP4_gb300_auto_isl4000_osl1000_ttft2000_tpot30_922181/agg/pareto.csv,nvidia/Kimi-K2.5-NVFP4,4000,1000,0,320,8.065,80.0,320.0,1650.183,38.507,40118.383,8.065,2.016,8057.052,2014.263,25.97,4,1.0,1.0,4.0,1.0,4.0,tp1pp1dp4etp1ep4,nvfp4,fp8,bfloat16,nvfp4,half,183.322,0.04,2.0,78.0,8078.0,8000.0,78.0,sglang,0.5.10,gb300,0.0,2014.263,,,,,,,,,,,,,,,,,,,,,,,,,,,,,,,,,,,,,,,,,,,,sglang,False,72,8057.052,145026.936,145026.936,2014.263,2014.263,25.97,Kimi K2.5 NVFP4 / sglang / agg,False
kimi,Kimi K2.5 NVFP4,agg,kimi/nvidia/Kimi-K2.5-NVFP4_gb300_auto_isl4000_osl1000_ttft2000_tpot30_922181/agg/pareto.csv,nvidia/Kimi-K2.5-NVFP4,4000,1000,0,512,15.133,64.0,512.0,1067.278,33.132,34166.115,15.133,1.892,15118.007,1889.751,30.182,8,1.0,1.0,8.0,1.0,8.0,tp1pp1dp8etp1ep8,nvfp4,fp8,bfloat16,nvfp4,half,103.781,0.064,1.0,63.0,4063.0,4000.0,63.0,sglang,0.5.10,gb300,0.0,1889.7509999999995,,,,,,,,,,,,,,,,,,,,,,,,,,,,,,,,,,,,,,,,,,,,sglang,False,72,15118.007,136062.07199999996,136062.07199999996,1889.7509999999995,1889.7509999999995,30.182,Kimi K2.5 NVFP4 / sglang / agg,False
kimi,Kimi K2.5 NVFP4,agg,kimi/nvidia/Kimi-K2.5-NVFP4_gb300_auto_isl4000_osl1000_ttft2000_tpot30_922181/agg/pareto.csv,nvidia/Kimi-K2.5-NVFP4,4000,1000,0,448,14.34,56.0,448.0,1065.37,30.535,31569.504,14.34,1.792,14325.289,1790.661,32.75,8,1.0,1.0,8.0,1.0,8.0,tp1pp1dp8etp1ep8,nvfp4,fp8,bfloat16,nvfp4,half,102.453,0.056,1.0,55.0,4055.0,4000.0,55.0,sglang,0.5.10,gb300,0.0,1790.661,,,,,,,,,,,,,,,,,,,,,,,,,,,,,,,,,,,,,,,,,,,,sglang,False,72,14325.289,128927.592,128927.592,1790.661,1790.661,32.75,Kimi K2.5 NVFP4 / sglang / agg,False
kimi,Kimi K2.5 NVFP4,agg,kimi/nvidia/Kimi-K2.5-NVFP4_gb300_auto_isl4000_osl1000_ttft2000_tpot30_922181/agg/pareto.csv,nvidia/Kimi-K2.5-NVFP4,4000,1000,0,448,13.968,56.0,448.0,1771.522,30.53,32270.855,13.968,1.746,13953.939,1744.242,32.755,8,1.0,1.0,8.0,1.0,8.0,tp1pp1dp8etp1ep8,nvfp4,fp8,bfloat16,nvfp4,half,111.786,0.028,2.0,54.0,8054.0,8000.0,54.0,sglang,0.5.10,gb300,0.0,1744.242,,,,,,,,,,,,,,,,,,,,,,,,,,,,,,,,,,,,,,,,,,,,sglang,False,72,13953.939,125585.424,125585.424,1744.242,1744.242,32.755,Kimi K2.5 NVFP4 / sglang / agg,False
kimi,Kimi K2.5 NVFP4,agg,kimi/nvidia/Kimi-K2.5-NVFP4_gb300_auto_isl4000_osl1000_ttft2000_tpot30_922181/agg/pareto.csv,nvidia/Kimi-K2.5-NVFP4,4000,1000,0,384,13.455,48.0,384.0,1063.463,27.826,28861.336,13.455,1.682,13441.431,1680.179,35.938,8,1.0,1.0,8.0,1.0,8.0,tp1pp1dp8etp1ep8,nvfp4,fp8,bfloat16,nvfp4,half,101.125,0.048,1.0,47.0,4047.0,4000.0,47.0,sglang,0.5.10,gb300,0.0,1680.179,,,,,,,,,,,,,,,,,,,,,,,,,,,,,,,,,,,,,,,,,,,,sglang,True,72,13441.431,120972.888,120972.888,1680.179,1680.179,35.938,Kimi K2.5 NVFP4 / sglang / agg,False
kimi,Kimi K2.5 NVFP4,agg,kimi/nvidia/Kimi-K2.5-NVFP4_gb300_auto_isl4000_osl1000_ttft2000_tpot30_922181/agg/pareto.csv,nvidia/Kimi-K2.5-NVFP4,4000,1000,0,384,13.131,48.0,384.0,1660.763,27.694,29326.95,13.131,1.641,13117.617,1639.702,36.109,8,1.0,1.0,8.0,1.0,8.0,tp1pp1dp8etp1ep8,nvfp4,fp8,bfloat16,nvfp4,half,110.458,0.024,2.0,46.0,8046.0,8000.0,46.0,sglang,0.5.10,gb300,0.0,1639.702,,,,,,,,,,,,,,,,,,,,,,,,,,,,,,,,,,,,,,,,,,,,sglang,True,72,13117.617,118058.544,118058.544,1639.702,1639.702,36.109,Kimi K2.5 NVFP4 / sglang / agg,False
kimi,Kimi K2.5 NVFP4,agg,kimi/nvidia/Kimi-K2.5-NVFP4_gb300_auto_isl4000_osl1000_ttft2000_tpot30_922181/agg/pareto.csv,nvidia/Kimi-K2.5-NVFP4,4000,1000,0,320,12.468,40.0,320.0,1021.746,24.944,25940.496,12.468,1.559,12455.86,1556.983,40.09,8,1.0,1.0,8.0,1.0,8.0,tp1pp1dp8etp1ep8,nvfp4,fp8,bfloat16,nvfp4,half,99.798,0.04,1.0,39.0,4039.0,4000.0,39.0,sglang,0.5.10,gb300,0.0,1556.983,,,,,,,,,,,,,,,,,,,,,,,,,,,,,,,,,,,,,,,,,,,,sglang,True,72,12455.86,112102.776,112102.776,1556.983,1556.983,40.09,Kimi K2.5 NVFP4 / sglang / agg,False
kimi,Kimi K2.5 NVFP4,agg,kimi/nvidia/Kimi-K2.5-NVFP4_gb300_auto_isl4000_osl1000_ttft2000_tpot30_922181/agg/pareto.csv,nvidia/Kimi-K2.5-NVFP4,4000,1000,0,320,12.194,40.0,320.0,1550.232,24.684,26209.608,12.194,1.524,12182.077,1522.76,40.512,8,1.0,1.0,8.0,1.0,8.0,tp1pp1dp8etp1ep8,nvfp4,fp8,bfloat16,nvfp4,half,109.131,0.02,2.0,38.0,8038.0,8000.0,38.0,sglang,0.5.10,gb300,0.0,1522.76,,,,,,,,,,,,,,,,,,,,,,,,,,,,,,,,,,,,,,,,,,,,sglang,True,72,12182.077,109638.72,109638.72,1522.76,1522.76,40.512,Kimi K2.5 NVFP4 / sglang / agg,False
kimi,Kimi K2.5 NVFP4,agg,kimi/nvidia/Kimi-K2.5-NVFP4_gb300_auto_isl4000_osl1000_ttft2000_tpot30_922181/agg/pareto.csv,nvidia/Kimi-K2.5-NVFP4,4000,1000,0,256,11.41,32.0,256.0,913.945,21.708,22599.773,11.41,1.426,11398.24,1424.78,46.067,8,1.0,1.0,8.0,1.0,8.0,tp1pp1dp8etp1ep8,nvfp4,fp8,bfloat16,nvfp4,half,98.47,0.032,1.0,31.0,4031.0,4000.0,31.0,sglang,0.5.10,gb300,0.0,1424.78,,,,,,,,,,,,,,,,,,,,,,,,,,,,,,,,,,,,,,,,,,,,sglang,True,72,11398.24,102584.16,102584.16,1424.78,1424.78,46.067,Kimi K2.5 NVFP4 / sglang / agg,False
kimi,Kimi K2.5 NVFP4,agg,kimi/nvidia/Kimi-K2.5-NVFP4_gb300_auto_isl4000_osl1000_ttft2000_tpot30_922181/agg/pareto.csv,nvidia/Kimi-K2.5-NVFP4,4000,1000,0,256,11.187,32.0,256.0,1439.929,21.318,22737.087,11.187,1.398,11175.361,1396.92,46.908,8,1.0,1.0,8.0,1.0,8.0,tp1pp1dp8etp1ep8,nvfp4,fp8,bfloat16,nvfp4,half,107.803,0.016,2.0,30.0,8030.0,8000.0,30.0,sglang,0.5.10,gb300,0.0,1396.92,,,,,,,,,,,,,,,,,,,,,,,,,,,,,,,,,,,,,,,,,,,,sglang,True,72,11175.361,100578.24,100578.24,1396.92,1396.92,46.908,Kimi K2.5 NVFP4 / sglang / agg,False
kimi,Kimi K2.5 NVFP4,agg,kimi/nvidia/Kimi-K2.5-NVFP4_gb300_auto_isl4000_osl1000_ttft2000_tpot30_922181/agg/pareto.csv,nvidia/Kimi-K2.5-NVFP4,4000,1000,0,224,10.727,28.0,224.0,860.188,20.149,20988.657,10.727,1.341,10716.117,1339.515,49.631,8,1.0,1.0,8.0,1.0,8.0,tp1pp1dp8etp1ep8,nvfp4,fp8,bfloat16,nvfp4,half,97.807,0.028,1.0,27.0,4027.0,4000.0,27.0,sglang,0.5.10,gb300,0.0,1339.515,,,,,,,,,,,,,,,,,,,,,,,,,,,,,,,,,,,,,,,,,,,,sglang,True,72,10716.117,96445.08,96445.08,1339.515,1339.515,49.631,Kimi K2.5 NVFP4 / sglang / agg,False
kimi,Kimi K2.5 NVFP4,agg,kimi/nvidia/Kimi-K2.5-NVFP4_gb300_auto_isl4000_osl1000_ttft2000_tpot30_922181/agg/pareto.csv,nvidia/Kimi-K2.5-NVFP4,4000,1000,0,224,10.532,28.0,224.0,1384.863,19.698,21063.557,10.532,1.316,10521.452,1315.181,50.766,8,1.0,1.0,8.0,1.0,8.0,tp1pp1dp8etp1ep8,nvfp4,fp8,bfloat16,nvfp4,half,107.14,0.014,2.0,26.0,8026.0,8000.0,26.0,sglang,0.5.10,gb300,0.0,1315.181,,,,,,,,,,,,,,,,,,,,,,,,,,,,,,,,,,,,,,,,,,,,sglang,True,72,10521.452,94693.032,94693.032,1315.181,1315.181,50.766,Kimi K2.5 NVFP4 / sglang / agg,True
kimi,Kimi K2.5 NVFP4,agg,kimi/nvidia/Kimi-K2.5-NVFP4_gb300_auto_isl4000_osl1000_ttft2000_tpot30_922181/agg/pareto.csv,nvidia/Kimi-K2.5-NVFP4,4000,1000,0,192,9.97,24.0,192.0,806.526,18.52,19307.913,9.97,1.246,9960.093,1245.012,53.996,8,1.0,1.0,8.0,1.0,8.0,tp1pp1dp8etp1ep8,nvfp4,fp8,bfloat16,nvfp4,half,97.143,0.024,1.0,23.0,4023.0,4000.0,23.0,sglang,0.5.10,gb300,0.0,1245.012,,,,,,,,,,,,,,,,,,,,,,,,,,,,,,,,,,,,,,,,,,,,sglang,True,72,9960.093,89640.864,89640.864,1245.012,1245.012,53.996,Kimi K2.5 NVFP4 / sglang / agg,True
kimi,Kimi K2.5 NVFP4,agg,kimi/nvidia/Kimi-K2.5-NVFP4_gb300_auto_isl4000_osl1000_ttft2000_tpot30_922181/agg/pareto.csv,nvidia/Kimi-K2.5-NVFP4,4000,1000,0,192,9.804,24.0,192.0,1329.855,18.009,19321.02,9.804,1.226,9794.347,1224.293,55.527,8,1.0,1.0,8.0,1.0,8.0,tp1pp1dp8etp1ep8,nvfp4,fp8,bfloat16,nvfp4,half,106.476,0.012,2.0,22.0,8022.0,8000.0,22.0,sglang,0.5.10,gb300,0.0,1224.293,,,,,,,,,,,,,,,,,,,,,,,,,,,,,,,,,,,,,,,,,,,,sglang,True,72,9794.347,88149.09599999999,88149.09599999999,1224.293,1224.293,55.527,Kimi K2.5 NVFP4 / sglang / agg,False
kimi,Kimi K2.5 NVFP4,agg,kimi/nvidia/Kimi-K2.5-NVFP4_gb300_auto_isl4000_osl1000_ttft2000_tpot30_922181/agg/pareto.csv,nvidia/Kimi-K2.5-NVFP4,4000,1000,0,160,9.131,20.0,160.0,752.959,16.781,17517.593,9.131,1.141,9121.382,1140.173,59.59,8,1.0,1.0,8.0,1.0,8.0,tp1pp1dp8etp1ep8,nvfp4,fp8,bfloat16,nvfp4,half,96.479,0.02,1.0,19.0,4019.0,4000.0,19.0,sglang,0.5.10,gb300,0.0,1140.173,,,,,,,,,,,,,,,,,,,,,,,,,,,,,,,,,,,,,,,,,,,,sglang,True,72,9121.382,82092.456,82092.456,1140.173,1140.173,59.59,Kimi K2.5 NVFP4 / sglang / agg,False
kimi,Kimi K2.5 NVFP4,agg,kimi/nvidia/Kimi-K2.5-NVFP4_gb300_auto_isl4000_osl1000_ttft2000_tpot30_922181/agg/pareto.csv,nvidia/Kimi-K2.5-NVFP4,4000,1000,0,160,8.994,20.0,160.0,1274.904,16.211,17469.544,8.994,1.124,8984.947,1123.118,61.687,8,1.0,1.0,8.0,1.0,8.0,tp1pp1dp8etp1ep8,nvfp4,fp8,bfloat16,nvfp4,half,105.812,0.01,2.0,18.0,8018.0,8000.0,18.0,sglang,0.5.10,gb300,0.0,1123.118,,,,,,,,,,,,,,,,,,,,,,,,,,,,,,,,,,,,,,,,,,,,sglang,True,72,8984.947,80864.496,80864.496,1123.118,1123.118,61.687,Kimi K2.5 NVFP4 / sglang / agg,False
kimi,Kimi K2.5 NVFP4,agg,kimi/nvidia/Kimi-K2.5-NVFP4_gb300_auto_isl4000_osl1000_ttft2000_tpot30_922181/agg/pareto.csv,nvidia/Kimi-K2.5-NVFP4,4000,1000,0,80,4.464,20.0,80.0,1607.001,15.917,17508.485,4.464,1.116,4459.538,1114.884,62.824,4,1.0,1.0,4.0,4.0,1.0,tp1pp1dp4etp4ep1,nvfp4,fp8,bfloat16,nvfp4,half,208.82,0.01,2.0,18.0,8018.0,8000.0,18.0,sglang,0.5.10,gb300,0.0,1114.884,,,,,,,,,,,,,,,,,,,,,,,,,,,,,,,,,,,,,,,,,,,,sglang,True,72,4459.538,80271.648,80271.648,1114.884,1114.884,62.824,Kimi K2.5 NVFP4 / sglang / agg,False
kimi,Kimi K2.5 NVFP4,agg,kimi/nvidia/Kimi-K2.5-NVFP4_gb300_auto_isl4000_osl1000_ttft2000_tpot30_922181/agg/pareto.csv,nvidia/Kimi-K2.5-NVFP4,4000,1000,0,64,4.268,16.0,64.0,1538.069,12.985,14509.894,4.268,1.067,4263.362,1065.841,77.013,4,1.0,1.0,4.0,4.0,1.0,tp1pp1dp4etp4ep1,nvfp4,fp8,bfloat16,nvfp4,half,208.139,0.008,2.0,14.0,8014.0,8000.0,14.0,sglang,0.5.10,gb300,0.0,1065.841,,,,,,,,,,,,,,,,,,,,,,,,,,,,,,,,,,,,,,,,,,,,sglang,True,72,4263.362,76740.552,76740.552,1065.841,1065.841,77.013,Kimi K2.5 NVFP4 / sglang / agg,True
kimi,Kimi K2.5 NVFP4,agg,kimi/nvidia/Kimi-K2.5-NVFP4_gb300_auto_isl4000_osl1000_ttft2000_tpot30_922181/agg/pareto.csv,nvidia/Kimi-K2.5-NVFP4,4000,1000,0,60,4.072,15.0,60.0,1537.932,12.723,14248.393,4.072,1.018,4067.703,1016.926,78.597,4,1.0,1.0,4.0,4.0,1.0,tp1pp1dp4etp4ep1,nvfp4,fp8,bfloat16,nvfp4,half,207.968,0.008,2.0,13.0,8013.0,8000.0,13.0,sglang,0.5.10,gb300,0.0,1016.926,,,,,,,,,,,,,,,,,,,,,,,,,,,,,,,,,,,,,,,,,,,,sglang,True,72,4067.703,73218.672,73218.672,1016.926,1016.926,78.597,Kimi K2.5 NVFP4 / sglang / agg,False
kimi,Kimi K2.5 NVFP4,agg,kimi/nvidia/Kimi-K2.5-NVFP4_gb300_auto_isl4000_osl1000_ttft2000_tpot30_922181/agg/pareto.csv,nvidia/Kimi-K2.5-NVFP4,4000,1000,0,56,4.058,14.0,56.0,1503.622,11.785,13276.981,4.058,1.014,4053.86,1013.465,84.853,4,1.0,1.0,4.0,4.0,1.0,tp1pp1dp4etp4ep1,nvfp4,fp8,bfloat16,nvfp4,half,207.798,0.007,2.0,12.0,8012.0,8000.0,12.0,sglang,0.5.10,gb300,0.0,1013.465,,,,,,,,,,,,,,,,,,,,,,,,,,,,,,,,,,,,,,,,,,,,sglang,True,72,4053.86,72969.48,72969.48,1013.465,1013.465,84.853,Kimi K2.5 NVFP4 / sglang / agg,False
kimi,Kimi K2.5 NVFP4,agg,kimi/nvidia/Kimi-K2.5-NVFP4_gb300_auto_isl4000_osl1000_ttft2000_tpot30_922181/agg/pareto.csv,nvidia/Kimi-K2.5-NVFP4,4000,1000,0,52,3.841,13.0,52.0,1503.488,11.523,13015.281,3.841,0.96,3836.928,959.232,86.781,4,1.0,1.0,4.0,4.0,1.0,tp1pp1dp4etp4ep1,nvfp4,fp8,bfloat16,nvfp4,half,207.628,0.006,2.0,11.0,8011.0,8000.0,11.0,sglang,0.5.10,gb300,0.0,959.232,,,,,,,,,,,,,,,,,,,,,,,,,,,,,,,,,,,,,,,,,,,,sglang,True,72,3836.928,69064.704,69064.704,959.232,959.232,86.781,Kimi K2.5 NVFP4 / sglang / agg,False
kimi,Kimi K2.5 NVFP4,agg,kimi/nvidia/Kimi-K2.5-NVFP4_gb300_auto_isl4000_osl1000_ttft2000_tpot30_922181/agg/pareto.csv,nvidia/Kimi-K2.5-NVFP4,4000,1000,0,48,3.809,12.0,48.0,1469.186,10.585,12043.272,3.809,0.952,3804.825,951.206,94.476,4,1.0,1.0,4.0,4.0,1.0,tp1pp1dp4etp4ep1,nvfp4,fp8,bfloat16,nvfp4,half,207.457,0.006,2.0,10.0,8010.0,8000.0,10.0,sglang,0.5.10,gb300,0.0,951.206,,,,,,,,,,,,,,,,,,,,,,,,,,,,,,,,,,,,,,,,,,,,sglang,True,72,3804.825,68486.832,68486.832,951.206,951.206,94.476,Kimi K2.5 NVFP4 / sglang / agg,False
kimi,Kimi K2.5 NVFP4,agg,kimi/nvidia/Kimi-K2.5-NVFP4_gb300_auto_isl4000_osl1000_ttft2000_tpot30_922181/agg/pareto.csv,nvidia/Kimi-K2.5-NVFP4,4000,1000,0,44,3.553,11.0,44.0,1469.055,10.365,11823.377,3.553,0.888,3549.58,887.395,96.481,4,1.0,1.0,4.0,4.0,1.0,tp1pp1dp4etp4ep1,nvfp4,fp8,bfloat16,nvfp4,half,207.287,0.006,2.0,9.0,8009.0,8000.0,9.0,sglang,0.5.10,gb300,0.0,887.395,,,,,,,,,,,,,,,,,,,,,,,,,,,,,,,,,,,,,,,,,,,,sglang,True,72,3549.58,63892.44,63892.44,887.395,887.395,96.481,Kimi K2.5 NVFP4 / sglang / agg,False
kimi,Kimi K2.5 NVFP4,agg,kimi/nvidia/Kimi-K2.5-NVFP4_gb300_auto_isl4000_osl1000_ttft2000_tpot30_922181/agg/pareto.csv,nvidia/Kimi-K2.5-NVFP4,4000,1000,0,40,3.482,10.0,40.0,1434.763,9.468,10892.86,3.482,0.87,3478.163,869.541,105.624,4,1.0,1.0,4.0,4.0,1.0,tp1pp1dp4etp4ep1,nvfp4,fp8,bfloat16,nvfp4,half,207.117,0.005,2.0,8.0,8008.0,8000.0,8.0,sglang,0.5.10,gb300,0.0,869.541,,,,,,,,,,,,,,,,,,,,,,,,,,,,,,,,,,,,,,,,,,,,sglang,True,72,3478.163,62606.952000000005,62606.952000000005,869.541,869.541,105.624,Kimi K2.5 NVFP4 / sglang / agg,True
kimi,Kimi K2.5 NVFP4,agg,kimi/nvidia/Kimi-K2.5-NVFP4_gb300_auto_isl4000_osl1000_ttft2000_tpot30_922181/agg/pareto.csv,nvidia/Kimi-K2.5-NVFP4,4000,1000,0,36,3.194,9.0,36.0,1434.635,9.251,10676.16,3.194,0.798,3190.419,797.605,108.099,4,1.0,1.0,4.0,4.0,1.0,tp1pp1dp4etp4ep1,nvfp4,fp8,bfloat16,nvfp4,half,206.946,0.004,2.0,7.0,8007.0,8000.0,7.0,sglang,0.5.10,gb300,0.0,797.605,,,,,,,,,,,,,,,,,,,,,,,,,,,,,,,,,,,,,,,,,,,,sglang,True,72,3190.419,57427.56,57427.56,797.605,797.605,108.099,Kimi K2.5 NVFP4 / sglang / agg,True
kimi,Kimi K2.5 NVFP4,agg,kimi/nvidia/Kimi-K2.5-NVFP4_gb300_auto_isl4000_osl1000_ttft2000_tpot30_922181/agg/pareto.csv,nvidia/Kimi-K2.5-NVFP4,4000,1000,0,32,3.097,8.0,32.0,1400.352,8.307,9698.671,3.097,0.774,3094.376,773.594,120.386,4,1.0,1.0,4.0,4.0,1.0,tp1pp1dp4etp4ep1,nvfp4,fp8,bfloat16,nvfp4,half,206.776,0.004,2.0,6.0,8006.0,8000.0,6.0,sglang,0.5.10,gb300,0.0,773.594,,,,,,,,,,,,,,,,,,,,,,,,,,,,,,,,,,,,,,,,,,,,sglang,True,72,3094.376,55698.768000000004,55698.768000000004,773.594,773.594,120.386,Kimi K2.5 NVFP4 / sglang / agg,True
kimi,Kimi K2.5 NVFP4,agg,kimi/nvidia/Kimi-K2.5-NVFP4_gb300_auto_isl4000_osl1000_ttft2000_tpot30_922181/agg/pareto.csv,nvidia/Kimi-K2.5-NVFP4,4000,1000,0,28,2.756,7.0,28.0,1400.227,8.135,9527.068,2.756,0.689,2753.235,688.309,122.926,4,1.0,1.0,4.0,4.0,1.0,tp1pp1dp4etp4ep1,nvfp4,fp8,bfloat16,nvfp4,half,206.605,0.004,2.0,5.0,8005.0,8000.0,5.0,sglang,0.5.10,gb300,0.0,688.309,,,,,,,,,,,,,,,,,,,,,,,,,,,,,,,,,,,,,,,,,,,,sglang,True,72,2753.235,49558.248,49558.248,688.309,688.309,122.926,Kimi K2.5 NVFP4 / sglang / agg,True
kimi,Kimi K2.5 NVFP4,agg,kimi/nvidia/Kimi-K2.5-NVFP4_gb300_auto_isl4000_osl1000_ttft2000_tpot30_922181/agg/pareto.csv,nvidia/Kimi-K2.5-NVFP4,4000,1000,0,24,2.565,6.0,24.0,1365.953,8.007,9365.052,2.565,0.641,2562.348,640.587,124.889,4,1.0,1.0,4.0,4.0,1.0,tp1pp1dp4etp4ep1,nvfp4,fp8,bfloat16,nvfp4,half,206.435,0.003,2.0,4.0,8004.0,8000.0,4.0,sglang,0.5.10,gb300,0.0,640.587,,,,,,,,,,,,,,,,,,,,,,,,,,,,,,,,,,,,,,,,,,,,sglang,True,72,2562.348,46122.263999999996,46122.263999999996,640.587,640.587,124.889,Kimi K2.5 NVFP4 / sglang / agg,True
kimi,Kimi K2.5 NVFP4,agg,kimi/nvidia/Kimi-K2.5-NVFP4_gb300_auto_isl4000_osl1000_ttft2000_tpot30_922181/agg/pareto.csv,nvidia/Kimi-K2.5-NVFP4,4000,1000,0,20,2.191,5.0,20.0,1365.831,7.777,9135.049,2.191,0.548,2189.044,547.261,128.584,4,1.0,1.0,4.0,4.0,1.0,tp1pp1dp4etp4ep1,nvfp4,fp8,bfloat16,nvfp4,half,206.265,0.002,2.0,3.0,8003.0,8000.0,3.0,sglang,0.5.10,gb300,0.0,547.261,,,,,,,,,,,,,,,,,,,,,,,,,,,,,,,,,,,,,,,,,,,,sglang,True,72,2189.044,39402.792,39402.792,547.261,547.261,128.584,Kimi K2.5 NVFP4 / sglang / agg,True
kimi,Kimi K2.5 NVFP4,agg,kimi/nvidia/Kimi-K2.5-NVFP4_gb300_auto_isl4000_osl1000_ttft2000_tpot30_922181/agg/pareto.csv,nvidia/Kimi-K2.5-NVFP4,4000,1000,0,16,1.932,4.0,16.0,1331.567,7.607,8931.451,1.932,0.483,1929.796,482.449,131.449,4,1.0,1.0,4.0,4.0,1.0,tp1pp1dp4etp4ep1,nvfp4,fp8,bfloat16,nvfp4,half,206.094,0.002,2.0,2.0,8002.0,8000.0,2.0,sglang,0.5.10,gb300,0.0,482.449,,,,,,,,,,,,,,,,,,,,,,,,,,,,,,,,,,,,,,,,,,,,sglang,True,72,1929.796,34736.328,34736.328,482.449,482.449,131.449,Kimi K2.5 NVFP4 / sglang / agg,True
kimi,Kimi K2.5 NVFP4,agg,kimi/nvidia/Kimi-K2.5-NVFP4_gb300_auto_isl4000_osl1000_ttft2000_tpot30_922181/agg/pareto.csv,nvidia/Kimi-K2.5-NVFP4,4000,1000,0,16,1.842,4.0,16.0,914.947,7.372,8279.174,1.842,0.46,1839.688,459.922,135.656,4,1.0,1.0,4.0,4.0,1.0,tp1pp1dp4etp4ep1,nvfp4,fp8,bfloat16,nvfp4,half,179.078,0.004,1.0,3.0,4003.0,4000.0,3.0,sglang,0.5.10,gb300,0.0,459.9220000000001,,,,,,,,,,,,,,,,,,,,,,,,,,,,,,,,,,,,,,,,,,,,sglang,True,72,1839.688,33114.384000000005,33114.384000000005,459.9220000000001,459.9220000000001,135.656,Kimi K2.5 NVFP4 / sglang / agg,True
kimi,Kimi K2.5 NVFP4,agg,kimi/nvidia/Kimi-K2.5-NVFP4_gb300_auto_isl4000_osl1000_ttft2000_tpot30_922181/agg/pareto.csv,nvidia/Kimi-K2.5-NVFP4,4000,1000,0,12,1.492,3.0,12.0,892.532,7.166,8051.602,1.492,0.373,1490.223,372.556,139.543,4,1.0,1.0,4.0,4.0,1.0,tp1pp1dp4etp4ep1,nvfp4,fp8,bfloat16,nvfp4,half,178.907,0.003,1.0,2.0,4002.0,4000.0,2.0,sglang,0.5.10,gb300,0.0,372.556,,,,,,,,,,,,,,,,,,,,,,,,,,,,,,,,,,,,,,,,,,,,sglang,True,72,1490.223,26824.032,26824.032,372.556,372.556,139.543,Kimi K2.5 NVFP4 / sglang / agg,True
kimi,Kimi K2.5 NVFP4,agg,kimi/nvidia/Kimi-K2.5-NVFP4_gb300_auto_isl4000_osl1000_ttft2000_tpot30_922181/agg/pareto.csv,nvidia/Kimi-K2.5-NVFP4,4000,1000,0,10,1.274,10.0,10.0,792.961,6.737,7523.548,1.274,0.318,1272.625,318.156,148.427,4,4.0,1.0,1.0,4.0,1.0,tp4pp1dp1etp4ep1,nvfp4,fp8,bfloat16,nvfp4,half,161.582,0.005,2.0,8.0,8008.0,8000.0,8.0,sglang,0.5.10,gb300,0.0,318.156,,,,,,,,,,,,,,,,,,,,,,,,,,,,,,,,,,,,,,,,,,,,sglang,True,72,1272.625,22907.232,22907.232,318.156,318.156,148.427,Kimi K2.5 NVFP4 / sglang / agg,True
kimi,Kimi K2.5 NVFP4,agg,kimi/nvidia/Kimi-K2.5-NVFP4_gb300_auto_isl4000_osl1000_ttft2000_tpot30_922181/agg/pareto.csv,nvidia/Kimi-K2.5-NVFP4,4000,1000,0,9,1.169,9.0,9.0,792.92,6.587,7372.907,1.169,0.292,1167.73,291.932,151.824,4,4.0,1.0,1.0,4.0,1.0,tp4pp1dp1etp4ep1,nvfp4,fp8,bfloat16,nvfp4,half,161.416,0.004,2.0,7.0,8007.0,8000.0,7.0,sglang,0.5.10,gb300,0.0,291.932,,,,,,,,,,,,,,,,,,,,,,,,,,,,,,,,,,,,,,,,,,,,sglang,True,72,1167.73,21019.104,21019.104,291.932,291.932,151.824,Kimi K2.5 NVFP4 / sglang / agg,True
kimi,Kimi K2.5 NVFP4,agg,kimi/nvidia/Kimi-K2.5-NVFP4_gb300_auto_isl4000_osl1000_ttft2000_tpot30_922181/agg/pareto.csv,nvidia/Kimi-K2.5-NVFP4,4000,1000,0,8,1.106,8.0,8.0,774.0,6.12,6887.9,1.106,0.276,1104.731,276.183,163.398,4,4.0,1.0,1.0,4.0,1.0,tp4pp1dp1etp4ep1,nvfp4,fp8,bfloat16,nvfp4,half,161.251,0.004,2.0,6.0,8006.0,8000.0,6.0,sglang,0.5.10,gb300,0.0,276.183,,,,,,,,,,,,,,,,,,,,,,,,,,,,,,,,,,,,,,,,,,,,sglang,True,72,1104.731,19885.176,19885.176,276.183,276.183,163.398,Kimi K2.5 NVFP4 / sglang / agg,True
kimi,Kimi K2.5 NVFP4,agg,kimi/nvidia/Kimi-K2.5-NVFP4_gb300_auto_isl4000_osl1000_ttft2000_tpot30_922181/agg/pareto.csv,nvidia/Kimi-K2.5-NVFP4,4000,1000,0,7,0.979,7.0,7.0,773.96,6.036,6803.998,0.979,0.245,977.961,244.49,165.671,4,4.0,1.0,1.0,4.0,1.0,tp4pp1dp1etp4ep1,nvfp4,fp8,bfloat16,nvfp4,half,161.085,0.004,2.0,5.0,8005.0,8000.0,5.0,sglang,0.5.10,gb300,0.0,244.49,,,,,,,,,,,,,,,,,,,,,,,,,,,,,,,,,,,,,,,,,,,,sglang,True,72,977.961,17603.28,17603.28,244.49,244.49,165.671,Kimi K2.5 NVFP4 / sglang / agg,True
kimi,Kimi K2.5 NVFP4,agg,kimi/nvidia/Kimi-K2.5-NVFP4_gb300_auto_isl4000_osl1000_ttft2000_tpot30_922181/agg/pareto.csv,nvidia/Kimi-K2.5-NVFP4,4000,1000,0,6,0.888,6.0,6.0,755.044,6.01,6759.454,0.888,0.222,887.547,221.887,166.378,4,4.0,1.0,1.0,4.0,1.0,tp4pp1dp1etp4ep1,nvfp4,fp8,bfloat16,nvfp4,half,160.92,0.003,2.0,4.0,8004.0,8000.0,4.0,sglang,0.5.10,gb300,0.0,221.887,,,,,,,,,,,,,,,,,,,,,,,,,,,,,,,,,,,,,,,,,,,,sglang,True,72,887.547,15975.864,15975.864,221.887,221.887,166.378,Kimi K2.5 NVFP4 / sglang / agg,True
kimi,Kimi K2.5 NVFP4,agg,kimi/nvidia/Kimi-K2.5-NVFP4_gb300_auto_isl4000_osl1000_ttft2000_tpot30_922181/agg/pareto.csv,nvidia/Kimi-K2.5-NVFP4,4000,1000,0,5,0.754,5.0,5.0,473.876,5.973,6441.338,0.754,0.188,753.112,188.278,167.408,4,4.0,1.0,1.0,4.0,1.0,tp4pp1dp1etp4ep1,nvfp4,fp8,bfloat16,nvfp4,half,153.263,0.005,1.0,4.0,4004.0,4000.0,4.0,sglang,0.5.10,gb300,0.0,188.278,,,,,,,,,,,,,,,,,,,,,,,,,,,,,,,,,,,,,,,,,,,,sglang,True,72,753.112,13556.016,13556.016,188.278,188.278,167.408,Kimi K2.5 NVFP4 / sglang / agg,True
kimi,Kimi K2.5 NVFP4,agg,kimi/nvidia/Kimi-K2.5-NVFP4_gb300_auto_isl4000_osl1000_ttft2000_tpot30_922181/agg/pareto.csv,nvidia/Kimi-K2.5-NVFP4,4000,1000,0,5,0.752,5.0,5.0,755.005,5.905,6653.68,0.752,0.188,751.379,187.845,169.36,4,4.0,1.0,1.0,4.0,1.0,tp4pp1dp1etp4ep1,nvfp4,fp8,bfloat16,nvfp4,half,160.754,0.002,2.0,3.0,8003.0,8000.0,3.0,sglang,0.5.10,gb300,0.0,187.845,,,,,,,,,,,,,,,,,,,,,,,,,,,,,,,,,,,,,,,,,,,,sglang,True,72,751.379,13524.84,13524.84,187.845,187.845,169.36,Kimi K2.5 NVFP4 / sglang / agg,True
kimi,Kimi K2.5 NVFP4,agg,kimi/nvidia/Kimi-K2.5-NVFP4_gb300_auto_isl4000_osl1000_ttft2000_tpot30_922181/agg/pareto.csv,nvidia/Kimi-K2.5-NVFP4,4000,1000,0,4,0.645,4.0,4.0,736.092,5.83,6559.904,0.645,0.161,644.382,161.095,171.537,4,4.0,1.0,1.0,4.0,1.0,tp4pp1dp1etp4ep1,nvfp4,fp8,bfloat16,nvfp4,half,160.589,0.002,2.0,2.0,8002.0,8000.0,2.0,sglang,0.5.10,gb300,0.0,161.095,,,,,,,,,,,,,,,,,,,,,,,,,,,,,,,,,,,,,,,,,,,,sglang,True,72,644.382,11598.84,11598.84,161.095,161.095,171.537,Kimi K2.5 NVFP4 / sglang / agg,True
kimi,Kimi K2.5 NVFP4,agg,kimi/nvidia/Kimi-K2.5-NVFP4_gb300_auto_isl4000_osl1000_ttft2000_tpot30_922181/agg/pareto.csv,nvidia/Kimi-K2.5-NVFP4,4000,1000,0,4,0.631,4.0,4.0,462.489,5.678,6134.864,0.631,0.158,630.5,157.625,176.117,4,4.0,1.0,1.0,4.0,1.0,tp4pp1dp1etp4ep1,nvfp4,fp8,bfloat16,nvfp4,half,153.098,0.004,1.0,3.0,4003.0,4000.0,3.0,sglang,0.5.10,gb300,0.0,157.625,,,,,,,,,,,,,,,,,,,,,,,,,,,,,,,,,,,,,,,,,,,,sglang,True,72,630.5,11349.0,11349.0,157.625,157.625,176.117,Kimi K2.5 NVFP4 / sglang / agg,True
kimi,Kimi K2.5 NVFP4,agg,kimi/nvidia/Kimi-K2.5-NVFP4_gb300_auto_isl4000_osl1000_ttft2000_tpot30_922181/agg/pareto.csv,nvidia/Kimi-K2.5-NVFP4,4000,1000,0,3,0.514,3.0,3.0,177.987,5.666,5837.894,0.514,0.129,513.869,128.467,176.505,4,4.0,1.0,1.0,1.0,4.0,tp4pp1dp1etp1ep4,nvfp4,fp8,bfloat16,nvfp4,half,148.508,0.003,1.0,2.0,4002.0,4000.0,2.0,sglang,0.5.10,gb300,0.0,128.467,,,,,,,,,,,,,,,,,,,,,,,,,,,,,,,,,,,,,,,,,,,,sglang,True,72,513.869,9249.624000000002,9249.624000000002,128.467,128.467,176.505,Kimi K2.5 NVFP4 / sglang / agg,True
kimi,Kimi K2.5 NVFP4,agg,kimi/nvidia/Kimi-K2.5-NVFP4_gb300_auto_isl4000_osl1000_ttft2000_tpot30_922181/agg/pareto.csv,nvidia/Kimi-K2.5-NVFP4,4000,1000,0,3,0.494,3.0,3.0,451.107,5.637,6082.576,0.494,0.123,493.176,123.294,177.396,4,4.0,1.0,1.0,4.0,1.0,tp4pp1dp1etp4ep1,nvfp4,fp8,bfloat16,nvfp4,half,152.932,0.003,1.0,2.0,4002.0,4000.0,2.0,sglang,0.5.10,gb300,0.0,123.294,,,,,,,,,,,,,,,,,,,,,,,,,,,,,,,,,,,,,,,,,,,,sglang,True,72,493.176,8877.168,8877.168,123.294,123.294,177.396,Kimi K2.5 NVFP4 / sglang / agg,True
kimi,Kimi K2.5 NVFP4,agg,kimi/nvidia/Kimi-K2.5-NVFP4_gb300_auto_isl4000_osl1000_ttft2000_tpot30_922181/agg/pareto.csv,nvidia/Kimi-K2.5-NVFP4,4000,1000,0,5,0.861,5.0,5.0,153.886,5.603,5750.959,0.861,0.108,860.361,107.545,178.486,8,8.0,1.0,1.0,2.0,4.0,tp8pp1dp1etp2ep4,nvfp4,fp8,bfloat16,nvfp4,half,80.148,0.005,1.0,4.0,4004.0,4000.0,4.0,sglang,0.5.10,gb300,0.0,107.545,,,,,,,,,,,,,,,,,,,,,,,,,,,,,,,,,,,,,,,,,,,,sglang,True,72,860.361,7743.24,7743.24,107.545,107.545,178.486,Kimi K2.5 NVFP4 / sglang / agg,True
kimi,Kimi K2.5 NVFP4,agg,kimi/nvidia/Kimi-K2.5-NVFP4_gb300_auto_isl4000_osl1000_ttft2000_tpot30_922181/agg/pareto.csv,nvidia/Kimi-K2.5-NVFP4,4000,1000,0,5,0.856,5.0,5.0,259.637,5.591,5845.291,0.856,0.107,855.352,106.919,178.851,8,8.0,1.0,1.0,2.0,4.0,tp8pp1dp1etp2ep4,nvfp4,fp8,bfloat16,nvfp4,half,83.218,0.002,2.0,3.0,8003.0,8000.0,3.0,sglang,0.5.10,gb300,0.0,106.919,,,,,,,,,,,,,,,,,,,,,,,,,,,,,,,,,,,,,,,,,,,,sglang,True,72,855.352,7698.168,7698.168,106.919,106.919,178.851,Kimi K2.5 NVFP4 / sglang / agg,True
kimi,Kimi K2.5 NVFP4,agg,kimi/nvidia/Kimi-K2.5-NVFP4_gb300_auto_isl4000_osl1000_ttft2000_tpot30_922181/agg/pareto.csv,nvidia/Kimi-K2.5-NVFP4,4000,1000,0,2,0.397,2.0,2.0,173.516,4.95,5118.278,0.397,0.099,396.921,99.23,202.032,4,4.0,1.0,1.0,1.0,4.0,tp4pp1dp1etp1ep4,nvfp4,fp8,bfloat16,nvfp4,half,148.344,0.002,1.0,1.0,4001.0,4000.0,1.0,sglang,0.5.10,gb300,0.0,99.23,,,,,,,,,,,,,,,,,,,,,,,,,,,,,,,,,,,,,,,,,,,,sglang,True,72,396.921,7144.56,7144.56,99.23,99.23,202.032,Kimi K2.5 NVFP4 / sglang / agg,True
kimi,Kimi K2.5 NVFP4,agg,kimi/nvidia/Kimi-K2.5-NVFP4_gb300_auto_isl4000_osl1000_ttft2000_tpot30_922181/agg/pareto.csv,nvidia/Kimi-K2.5-NVFP4,4000,1000,0,3,0.615,3.0,3.0,134.804,4.755,4884.661,0.615,0.077,614.151,76.769,210.322,8,8.0,1.0,1.0,1.0,8.0,tp8pp1dp1etp1ep8,nvfp4,fp8,bfloat16,nvfp4,half,79.082,0.003,1.0,2.0,4002.0,4000.0,2.0,sglang,0.5.10,gb300,0.0,76.769,,,,,,,,,,,,,,,,,,,,,,,,,,,,,,,,,,,,,,,,,,,,sglang,True,72,614.151,5527.368,5527.368,76.769,76.769,210.322,Kimi K2.5 NVFP4 / sglang / agg,True
kimi,Kimi K2.5 NVFP4,agg,kimi/nvidia/Kimi-K2.5-NVFP4_gb300_auto_isl4000_osl1000_ttft2000_tpot30_922181/agg/pareto.csv,nvidia/Kimi-K2.5-NVFP4,4000,1000,0,1,0.234,1.0,1.0,169.045,4.195,4359.828,0.234,0.058,233.425,58.356,238.38,4,4.0,1.0,1.0,1.0,4.0,tp4pp1dp1etp1ep4,nvfp4,fp8,bfloat16,nvfp4,half,148.179,0.001,1.0,1.0,4000.0,4000.0,1.0,sglang,0.5.10,gb300,0.0,58.35600000000001,,,,,,,,,,,,,,,,,,,,,,,,,,,,,,,,,,,,,,,,,,,,sglang,True,72,233.425,4201.6320000000005,4201.6320000000005,58.35600000000001,58.35600000000001,238.38,Kimi K2.5 NVFP4 / sglang / agg,True
kimi,Kimi K2.5 NVFP4,agg,kimi/nvidia/Kimi-K2.5-NVFP4_gb300_auto_isl4000_osl1000_ttft2000_tpot30_922181/agg/pareto.csv,nvidia/Kimi-K2.5-NVFP4,4000,1000,0,1,0.273,1.0,1.0,128.03,3.605,3729.354,0.273,0.034,272.303,34.038,277.398,8,8.0,1.0,1.0,1.0,8.0,tp8pp1dp1etp1ep8,nvfp4,fp8,bfloat16,nvfp4,half,78.753,0.001,1.0,1.0,4000.0,4000.0,1.0,sglang,0.5.10,gb300,0.0,34.038,,,,,,,,,,,,,,,,,,,,,,,,,,,,,,,,,,,,,,,,,,,,sglang,True,72,272.303,2450.736,2450.736,34.038,34.038,277.398,Kimi K2.5 NVFP4 / sglang / agg,True
kimi,Kimi K2.5 NVFP4,disagg,kimi/nvidia/Kimi-K2.5-NVFP4_gb300_auto_isl4000_osl1000_ttft2000_tpot30_922181/disagg/pareto.csv,nvidia/Kimi-K2.5-NVFP4,4000,1000,0,4096,58.714,,,440.825,64.245,64621.58,58.714,2.446,58714.4,2446.433,15.565,24,,,,,,,,,,,,,,,,,,,sglang,,,0.0,2446.433,1.0,4.0,4.0,512.0,2048.0,2.0,16.333,31.91,1.0,1.0,4.0,1.0,4.0,tp1pp1dp4etp1ep4,nvfp4,fp8,bfloat16,nvfp4,half,160.846,sglang,0.5.10,gb300,1.0,1.0,4.0,1.0,4.0,tp1pp1dp4etp1ep4,nvfp4,fp8,fp8,nvfp4,half,236.345,sglang,0.5.10,gb300,0.0,0.0,0.0,,0.0,sglang,False,72,58714.4,176143.176,176143.176,2446.433,2446.433,15.565,Kimi K2.5 NVFP4 / sglang / disagg,False
kimi,Kimi K2.5 NVFP4,disagg,kimi/nvidia/Kimi-K2.5-NVFP4_gb300_auto_isl4000_osl1000_ttft2000_tpot30_922181/disagg/pareto.csv,nvidia/Kimi-K2.5-NVFP4,4000,1000,0,3520,56.984,,,454.874,54.657,55057.217,56.984,2.374,56984.4,2374.35,18.296,24,,,,,,,,,,,,,,,,,,,trtllm,,,0.0,2374.35,1.0,4.0,4.0,440.0,1760.0,2.0,15.829,32.233,1.0,1.0,4.0,1.0,4.0,tp1pp1dp4etp1ep4,nvfp4,fp8,bfloat16,nvfp4,half,158.287,trtllm,1.3.0rc10,gb300,1.0,1.0,4.0,1.0,4.0,tp1pp1dp4etp1ep4,nvfp4,fp8,fp8,nvfp4,half,223.493,trtllm,1.3.0rc10,gb300,0.0,0.0,0.0,,0.0,trtllm,False,72,56984.4,170953.19999999998,170953.19999999998,2374.35,2374.35,18.296,Kimi K2.5 NVFP4 / trtllm / disagg,False
kimi,Kimi K2.5 NVFP4,disagg,kimi/nvidia/Kimi-K2.5-NVFP4_gb300_auto_isl4000_osl1000_ttft2000_tpot30_922181/disagg/pareto.csv,nvidia/Kimi-K2.5-NVFP4,4000,1000,0,9632,163.724,,,428.771,54.178,54552.593,163.724,2.274,163724.12,2273.946,18.458,72,,,,,,,,,,,,,,,,,,,vllm,,,0.0,2273.946,1.0,4.0,11.0,344.0,1376.0,7.0,16.792,25.423,1.0,1.0,4.0,1.0,4.0,tp1pp1dp4etp1ep4,nvfp4,fp8,bfloat16,nvfp4,half,158.287,vllm,0.19.0,gb300,1.0,1.0,4.0,4.0,1.0,tp1pp1dp4etp4ep1,nvfp4,fp8,bfloat16,nvfp4,half,208.929,vllm,0.19.0,gb300,0.0,0.0,0.0,,0.0,vllm,False,72,163724.12,163724.112,163724.112,2273.946,2273.946,18.458,Kimi K2.5 NVFP4 / vllm / disagg,False
kimi,Kimi K2.5 NVFP4,disagg,kimi/nvidia/Kimi-K2.5-NVFP4_gb300_auto_isl4000_osl1000_ttft2000_tpot30_922181/disagg/pareto.csv,nvidia/Kimi-K2.5-NVFP4,4000,1000,0,8736,161.697,,,440.825,49.315,49706.51,161.697,2.246,161696.7,2245.788,20.278,72,,,,,,,,,,,,,,,,,,,sglang,,,0.0,2245.788,1.0,4.0,11.0,312.0,1248.0,7.0,16.333,25.332,1.0,1.0,4.0,1.0,4.0,tp1pp1dp4etp1ep4,nvfp4,fp8,bfloat16,nvfp4,half,160.846,sglang,0.5.10,gb300,1.0,1.0,4.0,2.0,2.0,tp1pp1dp4etp2ep2,nvfp4,fp8,fp8,nvfp4,half,203.616,sglang,0.5.10,gb300,0.0,0.0,0.0,,0.0,sglang,False,72,161696.7,161696.736,161696.736,2245.788,2245.788,20.278,Kimi K2.5 NVFP4 / sglang / disagg,False
kimi,Kimi K2.5 NVFP4,disagg,kimi/nvidia/Kimi-K2.5-NVFP4_gb300_auto_isl4000_osl1000_ttft2000_tpot30_922181/disagg/pareto.csv,nvidia/Kimi-K2.5-NVFP4,4000,1000,0,6944,160.028,,,440.825,39.961,40361.864,160.028,2.223,160027.56,2222.605,25.024,72,,,,,,,,,,,,,,,,,,,sglang,,,0.0,2222.605,1.0,4.0,11.0,248.0,992.0,7.0,16.333,24.849,1.0,1.0,4.0,1.0,4.0,tp1pp1dp4etp1ep4,nvfp4,fp8,bfloat16,nvfp4,half,160.846,sglang,0.5.10,gb300,1.0,1.0,4.0,1.0,4.0,tp1pp1dp4etp1ep4,nvfp4,fp8,fp8,nvfp4,half,192.535,sglang,0.5.10,gb300,0.0,0.0,0.0,,0.0,sglang,False,72,160027.56,160027.56,160027.56,2222.605,2222.605,25.024,Kimi K2.5 NVFP4 / sglang / disagg,False
kimi,Kimi K2.5 NVFP4,disagg,kimi/nvidia/Kimi-K2.5-NVFP4_gb300_auto_isl4000_osl1000_ttft2000_tpot30_922181/disagg/pareto.csv,nvidia/Kimi-K2.5-NVFP4,4000,1000,0,5632,150.512,,,428.771,34.46,34854.311,150.512,2.09,150512.0,2090.444,29.019,72,,,,,,,,,,,,,,,,,,,vllm,,,0.0,2090.444,1.0,4.0,10.0,176.0,704.0,8.0,16.792,20.45,1.0,1.0,4.0,1.0,4.0,tp1pp1dp4etp1ep4,nvfp4,fp8,bfloat16,nvfp4,half,158.287,vllm,0.19.0,gb300,1.0,1.0,4.0,1.0,4.0,tp1pp1dp4etp1ep4,nvfp4,fp8,bfloat16,nvfp4,half,179.805,vllm,0.19.0,gb300,0.0,0.0,0.0,,0.0,vllm,False,72,150512.0,150511.968,150511.968,2090.444,2090.444,29.019,Kimi K2.5 NVFP4 / vllm / disagg,False
kimi,Kimi K2.5 NVFP4,disagg,kimi/nvidia/Kimi-K2.5-NVFP4_gb300_auto_isl4000_osl1000_ttft2000_tpot30_922181/disagg/pareto.csv,nvidia/Kimi-K2.5-NVFP4,4000,1000,0,4608,146.026,,,440.825,29.061,29472.764,146.026,2.028,146026.08,2028.14,34.411,72,,,,,,,,,,,,,,,,,,,sglang,,,0.0,2028.1400000000003,1.0,4.0,10.0,144.0,1152.0,4.0,16.333,39.681,1.0,1.0,4.0,1.0,4.0,tp1pp1dp4etp1ep4,nvfp4,fp8,bfloat16,nvfp4,half,160.846,sglang,0.5.10,gb300,1.0,1.0,8.0,2.0,4.0,tp1pp1dp8etp2ep4,nvfp4,fp8,fp8,nvfp4,half,107.936,sglang,0.5.10,gb300,0.0,0.0,0.0,,0.0,sglang,True,72,146026.08,146026.08000000002,146026.08000000002,2028.1400000000003,2028.1400000000003,34.411,Kimi K2.5 NVFP4 / sglang / disagg,True
kimi,Kimi K2.5 NVFP4,disagg,kimi/nvidia/Kimi-K2.5-NVFP4_gb300_auto_isl4000_osl1000_ttft2000_tpot30_922181/disagg/pareto.csv,nvidia/Kimi-K2.5-NVFP4,4000,1000,0,3840,141.812,,,440.825,24.936,25351.889,141.812,1.97,141812.48,1969.618,40.102,72,,,,,,,,,,,,,,,,,,,sglang,,,0.0,1969.6179999999997,1.0,4.0,10.0,120.0,960.0,4.0,16.333,38.536,1.0,1.0,4.0,1.0,4.0,tp1pp1dp4etp1ep4,nvfp4,fp8,bfloat16,nvfp4,half,160.846,sglang,0.5.10,gb300,1.0,1.0,8.0,1.0,8.0,tp1pp1dp8etp1ep8,nvfp4,fp8,fp8,nvfp4,half,103.741,sglang,0.5.10,gb300,0.0,0.0,0.0,,0.0,sglang,True,72,141812.48,141812.49599999998,141812.49599999998,1969.6179999999997,1969.6179999999997,40.102,Kimi K2.5 NVFP4 / sglang / disagg,True
kimi,Kimi K2.5 NVFP4,disagg,kimi/nvidia/Kimi-K2.5-NVFP4_gb300_auto_isl4000_osl1000_ttft2000_tpot30_922181/disagg/pareto.csv,nvidia/Kimi-K2.5-NVFP4,4000,1000,0,2720,117.598,,,440.825,19.816,20237.009,117.598,1.633,117597.6,1633.3,50.464,72,,,,,,,,,,,,,,,,,,,sglang,,,0.0,1633.3,1.0,4.0,8.0,68.0,544.0,5.0,16.333,27.48,1.0,1.0,4.0,1.0,4.0,tp1pp1dp4etp1ep4,nvfp4,fp8,bfloat16,nvfp4,half,160.846,sglang,0.5.10,gb300,1.0,1.0,8.0,1.0,8.0,tp1pp1dp8etp1ep8,nvfp4,fp8,fp8,nvfp4,half,95.155,sglang,0.5.10,gb300,0.0,0.0,0.0,,0.0,sglang,True,72,117597.6,117597.59999999999,117597.59999999999,1633.3,1633.3,50.464,Kimi K2.5 NVFP4 / sglang / disagg,True
kimi,Kimi K2.5 NVFP4,disagg,kimi/nvidia/Kimi-K2.5-NVFP4_gb300_auto_isl4000_osl1000_ttft2000_tpot30_922181/disagg/pareto.csv,nvidia/Kimi-K2.5-NVFP4,4000,1000,0,1920,89.383,,,428.771,19.782,20190.989,89.383,1.397,89382.6,1396.603,50.552,64,,,,,,,,,,,,,,,,,,,vllm,,,0.0,1241.424888888889,1.0,4.0,6.0,48.0,384.0,5.0,16.792,19.431,1.0,1.0,4.0,1.0,4.0,tp1pp1dp4etp1ep4,nvfp4,fp8,bfloat16,nvfp4,half,158.287,vllm,0.19.0,gb300,1.0,1.0,8.0,1.0,8.0,tp1pp1dp8etp1ep8,nvfp4,fp8,bfloat16,nvfp4,half,91.117,vllm,0.19.0,gb300,0.0,0.0,0.0,,0.0,vllm,True,72,89382.6,89382.592,89382.592,1241.424888888889,1241.424888888889,50.552,Kimi K2.5 NVFP4 / vllm / disagg,False
kimi,Kimi K2.5 NVFP4,disagg,kimi/nvidia/Kimi-K2.5-NVFP4_gb300_auto_isl4000_osl1000_ttft2000_tpot30_922181/disagg/pareto.csv,nvidia/Kimi-K2.5-NVFP4,4000,1000,0,1760,88.198,,,440.825,17.95,18372.875,88.198,1.378,88198.2,1378.097,55.71,64,,,,,,,,,,,,,,,,,,,sglang,,,0.0,1224.9751111111111,1.0,4.0,6.0,44.0,352.0,5.0,16.333,19.629,1.0,1.0,4.0,1.0,4.0,tp1pp1dp4etp1ep4,nvfp4,fp8,bfloat16,nvfp4,half,160.846,sglang,0.5.10,gb300,1.0,1.0,8.0,2.0,4.0,tp1pp1dp8etp2ep4,nvfp4,fp8,fp8,nvfp4,half,91.228,sglang,0.5.10,gb300,0.0,0.0,0.0,,0.0,sglang,True,72,88198.2,88198.208,88198.208,1224.9751111111111,1224.9751111111111,55.71,Kimi K2.5 NVFP4 / sglang / disagg,True
kimi,Kimi K2.5 NVFP4,disagg,kimi/nvidia/Kimi-K2.5-NVFP4_gb300_auto_isl4000_osl1000_ttft2000_tpot30_922181/disagg/pareto.csv,nvidia/Kimi-K2.5-NVFP4,4000,1000,0,480,29.399,,,440.825,14.741,15167.084,29.399,1.225,29399.4,1224.975,67.837,24,,,,,,,,,,,,,,,,,,,sglang,,,0.0,1224.975,1.0,4.0,2.0,30.0,120.0,4.0,16.333,8.149,1.0,1.0,4.0,1.0,4.0,tp1pp1dp4etp1ep4,nvfp4,fp8,bfloat16,nvfp4,half,160.846,sglang,0.5.10,gb300,1.0,1.0,4.0,4.0,1.0,tp1pp1dp4etp4ep1,nvfp4,fp8,fp8,nvfp4,half,156.491,sglang,0.5.10,gb300,0.0,0.0,0.0,,0.0,sglang,True,72,29399.4,88198.2,88198.2,1224.975,1224.975,67.837,Kimi K2.5 NVFP4 / sglang / disagg,True
kimi,Kimi K2.5 NVFP4,disagg,kimi/nvidia/Kimi-K2.5-NVFP4_gb300_auto_isl4000_osl1000_ttft2000_tpot30_922181/disagg/pareto.csv,nvidia/Kimi-K2.5-NVFP4,4000,1000,0,416,27.869,,,440.825,13.747,14174.078,27.869,1.161,27868.64,1161.193,72.742,24,,,,,,,,,,,,,,,,,,,sglang,,,0.0,1161.193,1.0,4.0,2.0,26.0,104.0,4.0,16.333,7.573,1.0,1.0,4.0,1.0,4.0,tp1pp1dp4etp1ep4,nvfp4,fp8,bfloat16,nvfp4,half,160.846,sglang,0.5.10,gb300,1.0,1.0,4.0,4.0,1.0,tp1pp1dp4etp4ep1,nvfp4,fp8,fp8,nvfp4,half,155.836,sglang,0.5.10,gb300,0.0,0.0,0.0,,0.0,sglang,True,72,27868.64,83605.896,83605.896,1161.193,1161.193,72.742,Kimi K2.5 NVFP4 / sglang / disagg,True
kimi,Kimi K2.5 NVFP4,disagg,kimi/nvidia/Kimi-K2.5-NVFP4_gb300_auto_isl4000_osl1000_ttft2000_tpot30_922181/disagg/pareto.csv,nvidia/Kimi-K2.5-NVFP4,4000,1000,0,832,73.498,,,440.825,10.371,10801.454,73.498,1.021,73498.5,1020.812,96.426,72,,,,,,,,,,,,,,,,,,,sglang,,,0.0,1020.812,1.0,4.0,5.0,16.0,64.0,13.0,16.333,6.177,1.0,1.0,4.0,1.0,4.0,tp1pp1dp4etp1ep4,nvfp4,fp8,bfloat16,nvfp4,half,160.846,sglang,0.5.10,gb300,1.0,1.0,4.0,4.0,1.0,tp1pp1dp4etp4ep1,nvfp4,fp8,fp8,nvfp4,half,154.2,sglang,0.5.10,gb300,0.0,0.0,0.0,,0.0,sglang,True,72,73498.5,73498.464,73498.464,1020.812,1020.812,96.426,Kimi K2.5 NVFP4 / sglang / disagg,True
kimi,Kimi K2.5 NVFP4,disagg,kimi/nvidia/Kimi-K2.5-NVFP4_gb300_auto_isl4000_osl1000_ttft2000_tpot30_922181/disagg/pareto.csv,nvidia/Kimi-K2.5-NVFP4,4000,1000,0,728,68.387,,,440.825,9.804,10235.021,68.387,0.95,68387.28,949.823,102.002,72,,,,,,,,,,,,,,,,,,,sglang,,,0.0,949.823,1.0,4.0,5.0,14.0,56.0,13.0,16.333,5.718,1.0,1.0,4.0,1.0,4.0,tp1pp1dp4etp1ep4,nvfp4,fp8,bfloat16,nvfp4,half,160.846,sglang,0.5.10,gb300,1.0,1.0,4.0,4.0,1.0,tp1pp1dp4etp4ep1,nvfp4,fp8,fp8,nvfp4,half,153.872,sglang,0.5.10,gb300,0.0,0.0,0.0,,0.0,sglang,True,72,68387.28,68387.256,68387.256,949.823,949.823,102.002,Kimi K2.5 NVFP4 / sglang / disagg,True
kimi,Kimi K2.5 NVFP4,disagg,kimi/nvidia/Kimi-K2.5-NVFP4_gb300_auto_isl4000_osl1000_ttft2000_tpot30_922181/disagg/pareto.csv,nvidia/Kimi-K2.5-NVFP4,4000,1000,0,132,13.507,,,440.825,8.999,9430.826,13.507,0.844,13507.44,844.215,111.125,16,,,,,,,,,,,,,,,,,,,sglang,,,0.0,750.4133333333334,1.0,4.0,1.0,11.0,44.0,3.0,16.333,4.894,1.0,1.0,4.0,1.0,4.0,tp1pp1dp4etp1ep4,nvfp4,fp8,bfloat16,nvfp4,half,160.846,sglang,0.5.10,gb300,1.0,1.0,4.0,4.0,1.0,tp1pp1dp4etp4ep1,nvfp4,fp8,fp8,nvfp4,half,153.382,sglang,0.5.10,gb300,0.0,0.0,0.0,,0.0,sglang,True,72,13507.44,54029.76000000001,54029.76000000001,750.4133333333334,750.4133333333334,111.125,Kimi K2.5 NVFP4 / sglang / disagg,False
kimi,Kimi K2.5 NVFP4,disagg,kimi/nvidia/Kimi-K2.5-NVFP4_gb300_auto_isl4000_osl1000_ttft2000_tpot30_922181/disagg/pareto.csv,nvidia/Kimi-K2.5-NVFP4,4000,1000,0,448,46.703,,,274.36,8.833,9098.527,46.703,0.649,46702.88,648.651,113.214,72,,,,,,,,,,,,,,,,,,,sglang,,,0.0,648.651,1.0,2.0,4.0,16.0,32.0,14.0,13.122,3.626,2.0,1.0,2.0,1.0,4.0,tp2pp1dp2etp1ep4,nvfp4,fp8,bfloat16,nvfp4,half,152.336,sglang,0.5.10,gb300,2.0,1.0,2.0,4.0,1.0,tp2pp1dp2etp4ep1,nvfp4,fp8,fp8,nvfp4,half,149.989,sglang,0.5.10,gb300,0.0,0.0,0.0,,0.0,sglang,True,72,46702.88,46702.871999999996,46702.871999999996,648.651,648.651,113.214,Kimi K2.5 NVFP4 / sglang / disagg,False
kimi,Kimi K2.5 NVFP4,disagg,kimi/nvidia/Kimi-K2.5-NVFP4_gb300_auto_isl4000_osl1000_ttft2000_tpot30_922181/disagg/pareto.csv,nvidia/Kimi-K2.5-NVFP4,4000,1000,0,360,41.883,,,440.825,7.916,8348.909,41.883,0.582,41883.0,581.708,126.33,72,,,,,,,,,,,,,,,,,,,sglang,,,0.0,581.708,1.0,4.0,3.0,6.0,24.0,15.0,16.333,3.035,1.0,1.0,4.0,1.0,4.0,tp1pp1dp4etp1ep4,nvfp4,fp8,bfloat16,nvfp4,half,160.846,sglang,0.5.10,gb300,1.0,1.0,4.0,4.0,1.0,tp1pp1dp4etp4ep1,nvfp4,fp8,fp8,nvfp4,half,152.564,sglang,0.5.10,gb300,0.0,0.0,0.0,,0.0,sglang,True,72,41883.0,41882.975999999995,41882.975999999995,581.708,581.708,126.33,Kimi K2.5 NVFP4 / sglang / disagg,True
kimi,Kimi K2.5 NVFP4,disagg,kimi/nvidia/Kimi-K2.5-NVFP4_gb300_auto_isl4000_osl1000_ttft2000_tpot30_922181/disagg/pareto.csv,nvidia/Kimi-K2.5-NVFP4,4000,1000,0,234,27.376,,,176.162,7.873,8041.289,27.376,0.428,27376.44,427.757,127.012,64,,,,,,,,,,,,,,,,,,,sglang,,,0.0,380.2284444444445,1.0,1.0,3.0,18.0,18.0,13.0,10.218,2.289,4.0,1.0,1.0,1.0,4.0,tp4pp1dp1etp1ep4,nvfp4,fp8,bfloat16,nvfp4,half,148.147,sglang,0.5.10,gb300,4.0,1.0,1.0,4.0,1.0,tp4pp1dp1etp4ep1,nvfp4,fp8,fp8,nvfp4,half,148.092,sglang,0.5.10,gb300,0.0,0.0,0.0,,0.0,sglang,True,72,27376.44,27376.448000000004,27376.448000000004,380.2284444444445,380.2284444444445,127.012,Kimi K2.5 NVFP4 / sglang / disagg,False
kimi,Kimi K2.5 NVFP4,disagg,kimi/nvidia/Kimi-K2.5-NVFP4_gb300_auto_isl4000_osl1000_ttft2000_tpot30_922181/disagg/pareto.csv,nvidia/Kimi-K2.5-NVFP4,4000,1000,0,65,8.57,,,176.162,6.987,7156.175,8.57,0.357,8569.8,357.075,143.127,24,,,,,,,,,,,,,,,,,,,sglang,,,0.0,357.075,1.0,1.0,1.0,13.0,13.0,5.0,10.218,1.863,4.0,1.0,1.0,1.0,4.0,tp4pp1dp1etp1ep4,nvfp4,fp8,bfloat16,nvfp4,half,148.147,sglang,0.5.10,gb300,4.0,1.0,1.0,4.0,1.0,tp4pp1dp1etp4ep1,nvfp4,fp8,fp8,nvfp4,half,147.274,sglang,0.5.10,gb300,0.0,0.0,0.0,,0.0,sglang,True,72,8569.8,25709.399999999998,25709.399999999998,357.075,357.075,143.127,Kimi K2.5 NVFP4 / sglang / disagg,True
kimi,Kimi K2.5 NVFP4,disagg,kimi/nvidia/Kimi-K2.5-NVFP4_gb300_auto_isl4000_osl1000_ttft2000_tpot30_922181/disagg/pareto.csv,nvidia/Kimi-K2.5-NVFP4,4000,1000,0,104,13.766,,,440.825,6.959,7392.866,13.766,0.246,13765.96,245.821,143.695,56,,,,,,,,,,,,,,,,,,,sglang,,,0.0,191.1941111111111,1.0,4.0,1.0,2.0,8.0,13.0,16.333,1.151,1.0,1.0,4.0,1.0,4.0,tp1pp1dp4etp1ep4,nvfp4,fp8,bfloat16,nvfp4,half,160.846,sglang,0.5.10,gb300,1.0,1.0,4.0,4.0,1.0,tp1pp1dp4etp4ep1,nvfp4,fp8,fp8,nvfp4,half,151.909,sglang,0.5.10,gb300,0.0,0.0,0.0,,0.0,sglang,True,72,13765.96,13765.976,13765.976,191.1941111111111,191.1941111111111,143.695,Kimi K2.5 NVFP4 / sglang / disagg,False
kimi,Kimi K2.5 NVFP4,disagg,kimi/nvidia/Kimi-K2.5-NVFP4_gb300_auto_isl4000_osl1000_ttft2000_tpot30_922181/disagg/pareto.csv,nvidia/Kimi-K2.5-NVFP4,4000,1000,0,84,11.189,,,133.42,6.915,7041.505,11.189,0.2,11189.04,199.804,144.62,56,,,,,,,,,,,,,,,,,,,sglang,,,0.0,155.40311111111112,1.0,1.0,1.0,14.0,14.0,6.0,13.491,2.027,8.0,1.0,1.0,1.0,8.0,tp8pp1dp1etp1ep8,nvfp4,fp8,bfloat16,nvfp4,half,78.721,sglang,0.5.10,gb300,8.0,1.0,1.0,8.0,1.0,tp8pp1dp1etp8ep1,nvfp4,fp8,fp8,nvfp4,half,78.749,sglang,0.5.10,gb300,0.0,0.0,0.0,,0.0,sglang,True,72,11189.04,11189.024000000001,11189.024000000001,155.40311111111112,155.40311111111112,144.62,Kimi K2.5 NVFP4 / sglang / disagg,False
kimi,Kimi K2.5 NVFP4,disagg,kimi/nvidia/Kimi-K2.5-NVFP4_gb300_auto_isl4000_osl1000_ttft2000_tpot30_922181/disagg/pareto.csv,nvidia/Kimi-K2.5-NVFP4,4000,1000,0,68,9.196,,,176.162,6.803,6972.359,9.196,0.128,9196.2,127.725,146.988,72,,,,,,,,,,,,,,,,,,,sglang,,,0.0,127.72499999999998,1.0,1.0,1.0,4.0,4.0,17.0,10.218,0.589,4.0,1.0,1.0,1.0,4.0,tp4pp1dp1etp1ep4,nvfp4,fp8,bfloat16,nvfp4,half,148.147,sglang,0.5.10,gb300,4.0,1.0,1.0,1.0,4.0,tp4pp1dp1etp1ep4,nvfp4,fp8,fp8,nvfp4,half,145.801,sglang,0.5.10,gb300,0.0,0.0,0.0,,0.0,sglang,True,72,9196.2,9196.199999999999,9196.199999999999,127.72499999999998,127.72499999999998,146.988,Kimi K2.5 NVFP4 / sglang / disagg,False
kimi,Kimi K2.5 NVFP4,disagg,kimi/nvidia/Kimi-K2.5-NVFP4_gb300_auto_isl4000_osl1000_ttft2000_tpot30_922181/disagg/pareto.csv,nvidia/Kimi-K2.5-NVFP4,4000,1000,0,55,8.481,,,176.162,5.974,6144.188,8.481,0.177,8480.56,176.678,167.405,48,,,,,,,,,,,,,,,,,,,sglang,,,0.0,117.78533333333333,1.0,1.0,1.0,5.0,5.0,11.0,10.218,0.838,4.0,1.0,1.0,1.0,4.0,tp4pp1dp1etp1ep4,nvfp4,fp8,bfloat16,nvfp4,half,148.147,sglang,0.5.10,gb300,4.0,1.0,1.0,4.0,1.0,tp4pp1dp1etp4ep1,nvfp4,fp8,fp8,nvfp4,half,145.965,sglang,0.5.10,gb300,0.0,0.0,0.0,,0.0,sglang,True,72,8480.56,8480.544,8480.544,117.78533333333333,117.78533333333333,167.405,Kimi K2.5 NVFP4 / sglang / disagg,False
kimi,Kimi K2.5 NVFP4,disagg,kimi/nvidia/Kimi-K2.5-NVFP4_gb300_auto_isl4000_osl1000_ttft2000_tpot30_922181/disagg/pareto.csv,nvidia/Kimi-K2.5-NVFP4,4000,1000,0,40,6.241,,,133.42,5.904,6031.516,6.241,0.087,6241.28,86.684,169.389,72,,,,,,,,,,,,,,,,,,,sglang,,,0.0,86.684,1.0,1.0,1.0,5.0,5.0,8.0,13.491,0.848,8.0,1.0,1.0,1.0,8.0,tp8pp1dp1etp1ep8,nvfp4,fp8,bfloat16,nvfp4,half,78.721,sglang,0.5.10,gb300,8.0,1.0,1.0,2.0,4.0,tp8pp1dp1etp2ep4,nvfp4,fp8,fp8,nvfp4,half,77.276,sglang,0.5.10,gb300,0.0,0.0,0.0,,0.0,sglang,True,72,6241.28,6241.248,6241.248,86.684,86.684,169.389,Kimi K2.5 NVFP4 / sglang / disagg,False
kimi,Kimi K2.5 NVFP4,disagg,kimi/nvidia/Kimi-K2.5-NVFP4_gb300_auto_isl4000_osl1000_ttft2000_tpot30_922181/disagg/pareto.csv,nvidia/Kimi-K2.5-NVFP4,4000,1000,0,34,5.959,,,176.162,5.255,5425.907,5.959,0.083,5958.84,82.762,190.312,72,,,,,,,,,,,,,,,,,,,sglang,,,0.0,82.762,1.0,1.0,1.0,2.0,2.0,17.0,10.218,0.381,4.0,1.0,1.0,1.0,4.0,tp4pp1dp1etp1ep4,nvfp4,fp8,bfloat16,nvfp4,half,148.147,sglang,0.5.10,gb300,4.0,1.0,1.0,1.0,4.0,tp4pp1dp1etp1ep4,nvfp4,fp8,fp8,nvfp4,half,145.474,sglang,0.5.10,gb300,0.0,0.0,0.0,,0.0,sglang,True,72,5958.84,5958.864,5958.864,82.762,82.762,190.312,Kimi K2.5 NVFP4 / sglang / disagg,False
kimi,Kimi K2.5 NVFP4,disagg,kimi/nvidia/Kimi-K2.5-NVFP4_gb300_auto_isl4000_osl1000_ttft2000_tpot30_922181/disagg/pareto.csv,nvidia/Kimi-K2.5-NVFP4,4000,1000,0,17,3.456,,,176.162,4.53,4701.632,3.456,0.048,3456.44,48.006,220.742,72,,,,,,,,,,,,,,,,,,,sglang,,,0.0,48.006,1.0,1.0,1.0,1.0,1.0,17.0,10.218,0.221,4.0,1.0,1.0,1.0,4.0,tp4pp1dp1etp1ep4,nvfp4,fp8,bfloat16,nvfp4,half,148.147,sglang,0.5.10,gb300,4.0,1.0,1.0,1.0,4.0,tp4pp1dp1etp1ep4,nvfp4,fp8,fp8,nvfp4,half,145.311,sglang,0.5.10,gb300,0.0,0.0,0.0,,0.0,sglang,True,72,3456.44,3456.432,3456.432,48.006,48.006,220.742,Kimi K2.5 NVFP4 / sglang / disagg,False
kimi,Kimi K2.5 NVFP4,disagg,kimi/nvidia/Kimi-K2.5-NVFP4_gb300_auto_isl4000_osl1000_ttft2000_tpot30_922181/disagg/pareto.csv,nvidia/Kimi-K2.5-NVFP4,4000,1000,0,16,3.283,,,133.42,4.487,4615.933,3.283,0.046,3282.56,45.591,222.888,72,,,,,,,,,,,,,,,,,,,sglang,,,0.0,45.591,1.0,1.0,1.0,2.0,2.0,8.0,13.491,0.446,8.0,1.0,1.0,1.0,8.0,tp8pp1dp1etp1ep8,nvfp4,fp8,bfloat16,nvfp4,half,78.721,sglang,0.5.10,gb300,8.0,1.0,1.0,1.0,8.0,tp8pp1dp1etp1ep8,nvfp4,fp8,fp8,nvfp4,half,76.785,sglang,0.5.10,gb300,0.0,0.0,0.0,,0.0,sglang,True,72,3282.56,3282.552,3282.552,45.591,45.591,222.888,Kimi K2.5 NVFP4 / sglang / disagg,False
kimi,Kimi K2.5 NVFP4,disagg,kimi/nvidia/Kimi-K2.5-NVFP4_gb300_auto_isl4000_osl1000_ttft2000_tpot30_922181/disagg/pareto.csv,nvidia/Kimi-K2.5-NVFP4,4000,1000,0,8,1.892,,,133.42,3.893,4022.527,1.892,0.026,1891.52,26.271,256.874,72,,,,,,,,,,,,,,,,,,,sglang,,,0.0,26.271,1.0,1.0,1.0,1.0,1.0,8.0,13.491,0.257,8.0,1.0,1.0,1.0,8.0,tp8pp1dp1etp1ep8,nvfp4,fp8,bfloat16,nvfp4,half,78.721,sglang,0.5.10,gb300,8.0,1.0,1.0,1.0,8.0,tp8pp1dp1etp1ep8,nvfp4,fp8,fp8,nvfp4,half,76.622,sglang,0.5.10,gb300,0.0,0.0,0.0,,0.0,sglang,True,72,1891.52,1891.5120000000002,1891.5120000000002,26.271,26.271,256.874,Kimi K2.5 NVFP4 / sglang / disagg,False
minimax,MiniMax M2.7 NVFP4,agg,minimax/nvidia/MiniMax-M2.7-NVFP4_gb300_auto_isl4000_osl1000_ttft2000_tpot30_344633/agg/pareto.csv,nvidia/MiniMax-M2.7-NVFP4,4000,1000,0,704,12.075,352.0,704.0,351.864,58.211,58504.457,12.075,6.038,12063.382,6031.691,17.179,2,1.0,1.0,2.0,1.0,2.0,tp1pp1dp2etp1ep2,nvfp4,fp8,bfloat16,nvfp4,half,274.243,0.352,1.0,351.0,4351.0,4000.0,351.0,vllm,0.19.0,gb300,0.0,6031.691,,,,,,,,,,,,,,,,,,,,,,,,,,,,,,,,,,,,,,,,,,,,vllm,False,72,12063.382,434281.752,434281.752,6031.691,6031.691,17.179,MiniMax M2.7 NVFP4 / vllm / agg,False
minimax,MiniMax M2.7 NVFP4,agg,minimax/nvidia/MiniMax-M2.7-NVFP4_gb300_auto_isl4000_osl1000_ttft2000_tpot30_344633/agg/pareto.csv,nvidia/MiniMax-M2.7-NVFP4,4000,1000,0,640,11.808,320.0,640.0,341.624,54.107,54394.97,11.808,5.904,11796.016,5898.008,18.482,2,1.0,1.0,2.0,1.0,2.0,tp1pp1dp2etp1ep2,nvfp4,fp8,bfloat16,nvfp4,half,255.314,0.32,1.0,319.0,4319.0,4000.0,319.0,vllm,0.19.0,gb300,0.0,5898.008,,,,,,,,,,,,,,,,,,,,,,,,,,,,,,,,,,,,,,,,,,,,vllm,False,72,11796.016,424656.576,424656.576,5898.008,5898.008,18.482,MiniMax M2.7 NVFP4 / vllm / agg,False
minimax,MiniMax M2.7 NVFP4,agg,minimax/nvidia/MiniMax-M2.7-NVFP4_gb300_auto_isl4000_osl1000_ttft2000_tpot30_344633/agg/pareto.csv,nvidia/MiniMax-M2.7-NVFP4,4000,1000,0,576,11.503,288.0,576.0,331.384,49.976,50257.249,11.503,5.751,11491.369,5745.684,20.01,2,1.0,1.0,2.0,1.0,2.0,tp1pp1dp2etp1ep2,nvfp4,fp8,bfloat16,nvfp4,half,236.385,0.288,1.0,287.0,4287.0,4000.0,287.0,vllm,0.19.0,gb300,0.0,5745.684,,,,,,,,,,,,,,,,,,,,,,,,,,,,,,,,,,,,,,,,,,,,vllm,False,72,11491.369,413689.248,413689.248,5745.684,5745.684,20.01,MiniMax M2.7 NVFP4 / vllm / agg,False
minimax,MiniMax M2.7 NVFP4,agg,minimax/nvidia/MiniMax-M2.7-NVFP4_gb300_auto_isl4000_osl1000_ttft2000_tpot30_344633/agg/pareto.csv,nvidia/MiniMax-M2.7-NVFP4,4000,1000,0,512,11.173,256.0,512.0,321.193,45.721,45996.664,11.173,5.586,11161.786,5580.893,21.872,2,1.0,1.0,2.0,1.0,2.0,tp1pp1dp2etp1ep2,nvfp4,fp8,bfloat16,nvfp4,half,217.456,0.256,1.0,255.0,4255.0,4000.0,255.0,vllm,0.19.0,gb300,0.0,5580.893,,,,,,,,,,,,,,,,,,,,,,,,,,,,,,,,,,,,,,,,,,,,vllm,False,72,11161.786,401824.296,401824.296,5580.893,5580.893,21.872,MiniMax M2.7 NVFP4 / vllm / agg,False
minimax,MiniMax M2.7 NVFP4,agg,minimax/nvidia/MiniMax-M2.7-NVFP4_gb300_auto_isl4000_osl1000_ttft2000_tpot30_344633/agg/pareto.csv,nvidia/MiniMax-M2.7-NVFP4,4000,1000,0,480,10.938,240.0,480.0,316.855,43.776,44048.712,10.938,5.469,10927.501,5463.75,22.844,2,1.0,1.0,2.0,1.0,2.0,tp1pp1dp2etp1ep2,nvfp4,fp8,bfloat16,nvfp4,half,207.992,0.24,1.0,239.0,4239.0,4000.0,239.0,vllm,0.19.0,gb300,0.0,5463.75,,,,,,,,,,,,,,,,,,,,,,,,,,,,,,,,,,,,,,,,,,,,vllm,False,72,10927.501,393390.0,393390.0,5463.75,5463.75,22.844,MiniMax M2.7 NVFP4 / vllm / agg,False
minimax,MiniMax M2.7 NVFP4,agg,minimax/nvidia/MiniMax-M2.7-NVFP4_gb300_auto_isl4000_osl1000_ttft2000_tpot30_344633/agg/pareto.csv,nvidia/MiniMax-M2.7-NVFP4,4000,1000,0,448,10.669,224.0,448.0,312.517,41.883,42153.155,10.669,5.334,10658.218,5329.109,23.876,2,1.0,1.0,2.0,1.0,2.0,tp1pp1dp2etp1ep2,nvfp4,fp8,bfloat16,nvfp4,half,198.527,0.224,1.0,223.0,4223.0,4000.0,223.0,vllm,0.19.0,gb300,0.0,5329.109,,,,,,,,,,,,,,,,,,,,,,,,,,,,,,,,,,,,,,,,,,,,vllm,False,72,10658.218,383695.848,383695.848,5329.109,5329.109,23.876,MiniMax M2.7 NVFP4 / vllm / agg,False
minimax,MiniMax M2.7 NVFP4,agg,minimax/nvidia/MiniMax-M2.7-NVFP4_gb300_auto_isl4000_osl1000_ttft2000_tpot30_344633/agg/pareto.csv,nvidia/MiniMax-M2.7-NVFP4,4000,1000,0,416,10.389,208.0,416.0,308.179,39.932,40200.425,10.389,5.194,10378.309,5189.155,25.042,2,1.0,1.0,2.0,1.0,2.0,tp1pp1dp2etp1ep2,nvfp4,fp8,bfloat16,nvfp4,half,189.063,0.208,1.0,207.0,4207.0,4000.0,207.0,vllm,0.19.0,gb300,0.0,5189.155,,,,,,,,,,,,,,,,,,,,,,,,,,,,,,,,,,,,,,,,,,,,vllm,False,72,10378.309,373619.16,373619.16,5189.155,5189.155,25.042,MiniMax M2.7 NVFP4 / vllm / agg,False
minimax,MiniMax M2.7 NVFP4,agg,minimax/nvidia/MiniMax-M2.7-NVFP4_gb300_auto_isl4000_osl1000_ttft2000_tpot30_344633/agg/pareto.csv,nvidia/MiniMax-M2.7-NVFP4,4000,1000,0,384,10.072,192.0,384.0,303.841,38.012,38278.091,10.072,5.036,10061.767,5030.884,26.307,2,1.0,1.0,2.0,1.0,2.0,tp1pp1dp2etp1ep2,nvfp4,fp8,bfloat16,nvfp4,half,179.598,0.192,1.0,191.0,4191.0,4000.0,191.0,vllm,0.19.0,gb300,0.0,5030.884,,,,,,,,,,,,,,,,,,,,,,,,,,,,,,,,,,,,,,,,,,,,vllm,False,72,10061.767,362223.648,362223.648,5030.884,5030.884,26.307,MiniMax M2.7 NVFP4 / vllm / agg,False
minimax,MiniMax M2.7 NVFP4,agg,minimax/nvidia/MiniMax-M2.7-NVFP4_gb300_auto_isl4000_osl1000_ttft2000_tpot30_344633/agg/pareto.csv,nvidia/MiniMax-M2.7-NVFP4,4000,1000,0,384,10.035,192.0,384.0,497.018,38.008,38467.498,10.035,5.017,10024.662,5012.331,26.31,2,1.0,1.0,2.0,1.0,2.0,tp1pp1dp2etp1ep2,nvfp4,fp8,bfloat16,nvfp4,half,180.605,0.096,2.0,190.0,8190.0,8000.0,190.0,vllm,0.19.0,gb300,0.0,5012.331,,,,,,,,,,,,,,,,,,,,,,,,,,,,,,,,,,,,,,,,,,,,vllm,False,72,10024.662,360887.832,360887.832,5012.331,5012.331,26.31,MiniMax M2.7 NVFP4 / vllm / agg,False
minimax,MiniMax M2.7 NVFP4,agg,minimax/nvidia/MiniMax-M2.7-NVFP4_gb300_auto_isl4000_osl1000_ttft2000_tpot30_344633/agg/pareto.csv,nvidia/MiniMax-M2.7-NVFP4,4000,1000,0,352,9.764,176.0,352.0,299.503,35.933,36196.28,9.764,4.882,9754.577,4877.288,27.83,2,1.0,1.0,2.0,1.0,2.0,tp1pp1dp2etp1ep2,nvfp4,fp8,bfloat16,nvfp4,half,170.134,0.176,1.0,175.0,4175.0,4000.0,175.0,vllm,0.19.0,gb300,0.0,4877.288,,,,,,,,,,,,,,,,,,,,,,,,,,,,,,,,,,,,,,,,,,,,vllm,False,72,9754.577,351164.736,351164.736,4877.288,4877.288,27.83,MiniMax M2.7 NVFP4 / vllm / agg,False
minimax,MiniMax M2.7 NVFP4,agg,minimax/nvidia/MiniMax-M2.7-NVFP4_gb300_auto_isl4000_osl1000_ttft2000_tpot30_344633/agg/pareto.csv,nvidia/MiniMax-M2.7-NVFP4,4000,1000,0,352,9.738,176.0,352.0,492.395,35.885,36341.557,9.738,4.869,9728.36,4864.18,27.867,2,1.0,1.0,2.0,1.0,2.0,tp1pp1dp2etp1ep2,nvfp4,fp8,bfloat16,nvfp4,half,171.14,0.088,2.0,174.0,8174.0,8000.0,174.0,vllm,0.19.0,gb300,0.0,4864.18,,,,,,,,,,,,,,,,,,,,,,,,,,,,,,,,,,,,,,,,,,,,vllm,False,72,9728.36,350220.96,350220.96,4864.18,4864.18,27.867,MiniMax M2.7 NVFP4 / vllm / agg,False
minimax,MiniMax M2.7 NVFP4,agg,minimax/nvidia/MiniMax-M2.7-NVFP4_gb300_auto_isl4000_osl1000_ttft2000_tpot30_344633/agg/pareto.csv,nvidia/MiniMax-M2.7-NVFP4,4000,1000,0,320,9.404,160.0,320.0,295.165,33.907,34168.148,9.404,4.702,9395.018,4697.509,29.493,2,1.0,1.0,2.0,1.0,2.0,tp1pp1dp2etp1ep2,nvfp4,fp8,bfloat16,nvfp4,half,160.669,0.16,1.0,159.0,4159.0,4000.0,159.0,vllm,0.19.0,gb300,0.0,4697.509,,,,,,,,,,,,,,,,,,,,,,,,,,,,,,,,,,,,,,,,,,,,vllm,False,72,9395.018,338220.648,338220.648,4697.509,4697.509,29.493,MiniMax M2.7 NVFP4 / vllm / agg,False
minimax,MiniMax M2.7 NVFP4,agg,minimax/nvidia/MiniMax-M2.7-NVFP4_gb300_auto_isl4000_osl1000_ttft2000_tpot30_344633/agg/pareto.csv,nvidia/MiniMax-M2.7-NVFP4,4000,1000,0,320,9.386,160.0,320.0,487.772,33.827,34281.175,9.386,4.693,9377.096,4688.548,29.562,2,1.0,1.0,2.0,1.0,2.0,tp1pp1dp2etp1ep2,nvfp4,fp8,bfloat16,nvfp4,half,161.676,0.08,2.0,158.0,8158.0,8000.0,158.0,vllm,0.19.0,gb300,0.0,4688.548,,,,,,,,,,,,,,,,,,,,,,,,,,,,,,,,,,,,,,,,,,,,vllm,False,72,9377.096,337575.456,337575.456,4688.548,4688.548,29.562,MiniMax M2.7 NVFP4 / vllm / agg,False
minimax,MiniMax M2.7 NVFP4,agg,minimax/nvidia/MiniMax-M2.7-NVFP4_gb300_auto_isl4000_osl1000_ttft2000_tpot30_344633/agg/pareto.csv,nvidia/MiniMax-M2.7-NVFP4,4000,1000,0,576,17.918,144.0,576.0,344.449,31.984,32296.829,17.918,4.479,17899.913,4474.978,31.265,4,1.0,1.0,4.0,1.0,4.0,tp1pp1dp4etp1ep4,nvfp4,fp8,bfloat16,nvfp4,half,121.779,0.144,1.0,143.0,4143.0,4000.0,143.0,vllm,0.19.0,gb300,0.0,4474.978,,,,,,,,,,,,,,,,,,,,,,,,,,,,,,,,,,,,,,,,,,,,vllm,False,72,17899.913,322198.416,322198.416,4474.978,4474.978,31.265,MiniMax M2.7 NVFP4 / vllm / agg,False
minimax,MiniMax M2.7 NVFP4,agg,minimax/nvidia/MiniMax-M2.7-NVFP4_gb300_auto_isl4000_osl1000_ttft2000_tpot30_344633/agg/pareto.csv,nvidia/MiniMax-M2.7-NVFP4,4000,1000,0,576,17.898,144.0,576.0,598.616,31.829,32395.931,17.898,4.474,17879.962,4469.991,31.418,4,1.0,1.0,4.0,1.0,4.0,tp1pp1dp4etp1ep4,nvfp4,fp8,bfloat16,nvfp4,half,122.786,0.072,2.0,142.0,8142.0,8000.0,142.0,vllm,0.19.0,gb300,0.0,4469.991,,,,,,,,,,,,,,,,,,,,,,,,,,,,,,,,,,,,,,,,,,,,vllm,False,72,17879.962,321839.352,321839.352,4469.991,4469.991,31.418,MiniMax M2.7 NVFP4 / vllm / agg,False
minimax,MiniMax M2.7 NVFP4,agg,minimax/nvidia/MiniMax-M2.7-NVFP4_gb300_auto_isl4000_osl1000_ttft2000_tpot30_344633/agg/pareto.csv,nvidia/MiniMax-M2.7-NVFP4,4000,1000,0,512,17.129,128.0,512.0,339.644,29.725,30034.468,17.129,4.282,17112.283,4278.071,33.642,4,1.0,1.0,4.0,1.0,4.0,tp1pp1dp4etp1ep4,nvfp4,fp8,bfloat16,nvfp4,half,112.314,0.128,1.0,127.0,4127.0,4000.0,127.0,vllm,0.19.0,gb300,0.0,4278.071,,,,,,,,,,,,,,,,,,,,,,,,,,,,,,,,,,,,,,,,,,,,vllm,True,72,17112.283,308021.11199999996,308021.11199999996,4278.071,4278.071,33.642,MiniMax M2.7 NVFP4 / vllm / agg,True
minimax,MiniMax M2.7 NVFP4,agg,minimax/nvidia/MiniMax-M2.7-NVFP4_gb300_auto_isl4000_osl1000_ttft2000_tpot30_344633/agg/pareto.csv,nvidia/MiniMax-M2.7-NVFP4,4000,1000,0,512,17.114,128.0,512.0,593.734,29.561,30124.872,17.114,4.278,17096.72,4274.18,33.829,4,1.0,1.0,4.0,1.0,4.0,tp1pp1dp4etp1ep4,nvfp4,fp8,bfloat16,nvfp4,half,113.321,0.064,2.0,126.0,8126.0,8000.0,126.0,vllm,0.19.0,gb300,0.0,4274.18,,,,,,,,,,,,,,,,,,,,,,,,,,,,,,,,,,,,,,,,,,,,vllm,True,72,17096.72,307740.96,307740.96,4274.18,4274.18,33.829,MiniMax M2.7 NVFP4 / vllm / agg,True
minimax,MiniMax M2.7 NVFP4,agg,minimax/nvidia/MiniMax-M2.7-NVFP4_gb300_auto_isl4000_osl1000_ttft2000_tpot30_344633/agg/pareto.csv,nvidia/MiniMax-M2.7-NVFP4,4000,1000,0,448,16.43,112.0,448.0,333.677,27.099,27405.247,16.43,4.107,16413.308,4103.327,36.902,4,1.0,1.0,4.0,1.0,4.0,tp1pp1dp4etp1ep4,nvfp4,fp8,bfloat16,nvfp4,half,102.85,0.112,1.0,111.0,4111.0,4000.0,111.0,vllm,0.19.0,gb300,0.0,4103.327,,,,,,,,,,,,,,,,,,,,,,,,,,,,,,,,,,,,,,,,,,,,vllm,True,72,16413.308,295439.544,295439.544,4103.327,4103.327,36.902,MiniMax M2.7 NVFP4 / vllm / agg,True
minimax,MiniMax M2.7 NVFP4,agg,minimax/nvidia/MiniMax-M2.7-NVFP4_gb300_auto_isl4000_osl1000_ttft2000_tpot30_344633/agg/pareto.csv,nvidia/MiniMax-M2.7-NVFP4,4000,1000,0,448,16.42,112.0,448.0,587.767,26.924,27484.591,16.42,4.105,16403.579,4100.895,37.142,4,1.0,1.0,4.0,1.0,4.0,tp1pp1dp4etp1ep4,nvfp4,fp8,bfloat16,nvfp4,half,103.857,0.056,2.0,110.0,8110.0,8000.0,110.0,vllm,0.19.0,gb300,0.0,4100.895,,,,,,,,,,,,,,,,,,,,,,,,,,,,,,,,,,,,,,,,,,,,vllm,True,72,16403.579,295264.44000000006,295264.44000000006,4100.895,4100.895,37.142,MiniMax M2.7 NVFP4 / vllm / agg,True
minimax,MiniMax M2.7 NVFP4,agg,minimax/nvidia/MiniMax-M2.7-NVFP4_gb300_auto_isl4000_osl1000_ttft2000_tpot30_344633/agg/pareto.csv,nvidia/MiniMax-M2.7-NVFP4,4000,1000,0,384,15.572,96.0,384.0,581.8,24.297,24854.079,15.572,3.893,15556.182,3889.045,41.158,4,1.0,1.0,4.0,1.0,4.0,tp1pp1dp4etp1ep4,nvfp4,fp8,bfloat16,nvfp4,half,94.392,0.048,2.0,94.0,8094.0,8000.0,94.0,vllm,0.19.0,gb300,0.0,3889.045,,,,,,,,,,,,,,,,,,,,,,,,,,,,,,,,,,,,,,,,,,,,vllm,True,72,15556.182,280011.24,280011.24,3889.045,3889.045,41.158,MiniMax M2.7 NVFP4 / vllm / agg,True
minimax,MiniMax M2.7 NVFP4,agg,minimax/nvidia/MiniMax-M2.7-NVFP4_gb300_auto_isl4000_osl1000_ttft2000_tpot30_344633/agg/pareto.csv,nvidia/MiniMax-M2.7-NVFP4,4000,1000,0,320,14.483,80.0,320.0,554.239,21.729,22261.331,14.483,3.621,14468.099,3617.025,46.022,4,1.0,1.0,4.0,1.0,4.0,tp1pp1dp4etp1ep4,nvfp4,fp8,bfloat16,nvfp4,half,84.928,0.04,2.0,78.0,8078.0,8000.0,78.0,vllm,0.19.0,gb300,0.0,3617.025,,,,,,,,,,,,,,,,,,,,,,,,,,,,,,,,,,,,,,,,,,,,vllm,True,72,14468.099,260425.80000000002,260425.80000000002,3617.025,3617.025,46.022,MiniMax M2.7 NVFP4 / vllm / agg,True
minimax,MiniMax M2.7 NVFP4,agg,minimax/nvidia/MiniMax-M2.7-NVFP4_gb300_auto_isl4000_osl1000_ttft2000_tpot30_344633/agg/pareto.csv,nvidia/MiniMax-M2.7-NVFP4,4000,1000,0,256,13.255,64.0,256.0,491.49,18.943,19415.281,13.255,3.314,13241.868,3310.467,52.791,4,1.0,1.0,4.0,1.0,4.0,tp1pp1dp4etp1ep4,nvfp4,fp8,bfloat16,nvfp4,half,75.463,0.032,2.0,62.0,8062.0,8000.0,62.0,vllm,0.19.0,gb300,0.0,3310.467,,,,,,,,,,,,,,,,,,,,,,,,,,,,,,,,,,,,,,,,,,,,vllm,True,72,13241.868,238353.624,238353.624,3310.467,3310.467,52.791,MiniMax M2.7 NVFP4 / vllm / agg,True
minimax,MiniMax M2.7 NVFP4,agg,minimax/nvidia/MiniMax-M2.7-NVFP4_gb300_auto_isl4000_osl1000_ttft2000_tpot30_344633/agg/pareto.csv,nvidia/MiniMax-M2.7-NVFP4,4000,1000,0,224,12.422,56.0,224.0,460.501,17.66,18102.689,12.422,3.106,12409.975,3102.494,56.626,4,1.0,1.0,4.0,1.0,4.0,tp1pp1dp4etp1ep4,nvfp4,fp8,bfloat16,nvfp4,half,70.731,0.028,2.0,54.0,8054.0,8000.0,54.0,vllm,0.19.0,gb300,0.0,3102.494,,,,,,,,,,,,,,,,,,,,,,,,,,,,,,,,,,,,,,,,,,,,vllm,True,72,12409.975,223379.568,223379.568,3102.494,3102.494,56.626,MiniMax M2.7 NVFP4 / vllm / agg,True
minimax,MiniMax M2.7 NVFP4,agg,minimax/nvidia/MiniMax-M2.7-NVFP4_gb300_auto_isl4000_osl1000_ttft2000_tpot30_344633/agg/pareto.csv,nvidia/MiniMax-M2.7-NVFP4,4000,1000,0,192,11.447,48.0,192.0,429.82,16.4,16813.033,11.447,2.862,11435.393,2858.848,60.977,4,1.0,1.0,4.0,1.0,4.0,tp1pp1dp4etp1ep4,nvfp4,fp8,bfloat16,nvfp4,half,65.999,0.024,2.0,46.0,8046.0,8000.0,46.0,vllm,0.19.0,gb300,0.0,2858.848,,,,,,,,,,,,,,,,,,,,,,,,,,,,,,,,,,,,,,,,,,,,vllm,True,72,11435.393,205837.05599999998,205837.05599999998,2858.848,2858.848,60.977,MiniMax M2.7 NVFP4 / vllm / agg,True
minimax,MiniMax M2.7 NVFP4,agg,minimax/nvidia/MiniMax-M2.7-NVFP4_gb300_auto_isl4000_osl1000_ttft2000_tpot30_344633/agg/pareto.csv,nvidia/MiniMax-M2.7-NVFP4,4000,1000,0,160,10.265,40.0,160.0,399.446,15.211,15595.709,10.265,2.566,10255.154,2563.788,65.74,4,1.0,1.0,4.0,1.0,4.0,tp1pp1dp4etp1ep4,nvfp4,fp8,bfloat16,nvfp4,half,61.267,0.02,2.0,38.0,8038.0,8000.0,38.0,vllm,0.19.0,gb300,0.0,2563.788,,,,,,,,,,,,,,,,,,,,,,,,,,,,,,,,,,,,,,,,,,,,vllm,True,72,10255.154,184592.736,184592.736,2563.788,2563.788,65.74,MiniMax M2.7 NVFP4 / vllm / agg,True
minimax,MiniMax M2.7 NVFP4,agg,minimax/nvidia/MiniMax-M2.7-NVFP4_gb300_auto_isl4000_osl1000_ttft2000_tpot30_344633/agg/pareto.csv,nvidia/MiniMax-M2.7-NVFP4,4000,1000,0,128,9.101,32.0,128.0,369.394,13.687,14042.994,9.101,2.275,9091.887,2272.972,73.06,4,1.0,1.0,4.0,1.0,4.0,tp1pp1dp4etp1ep4,nvfp4,fp8,bfloat16,nvfp4,half,56.534,0.016,2.0,30.0,8030.0,8000.0,30.0,vllm,0.19.0,gb300,0.0,2272.972,,,,,,,,,,,,,,,,,,,,,,,,,,,,,,,,,,,,,,,,,,,,vllm,True,72,9091.887,163653.98400000003,163653.98400000003,2272.972,2272.972,73.06,MiniMax M2.7 NVFP4 / vllm / agg,True
minimax,MiniMax M2.7 NVFP4,agg,minimax/nvidia/MiniMax-M2.7-NVFP4_gb300_auto_isl4000_osl1000_ttft2000_tpot30_344633/agg/pareto.csv,nvidia/MiniMax-M2.7-NVFP4,4000,1000,0,256,17.987,32.0,256.0,557.523,13.643,14186.403,17.987,2.248,17968.695,2246.087,73.3,8,1.0,1.0,8.0,1.0,8.0,tp1pp1dp8etp1ep8,nvfp4,fp8,bfloat16,nvfp4,half,41.822,0.016,2.0,30.0,8030.0,8000.0,30.0,vllm,0.19.0,gb300,0.0,2246.087,,,,,,,,,,,,,,,,,,,,,,,,,,,,,,,,,,,,,,,,,,,,vllm,True,72,17968.695,161718.264,161718.264,2246.087,2246.087,73.3,MiniMax M2.7 NVFP4 / vllm / agg,True
minimax,MiniMax M2.7 NVFP4,agg,minimax/nvidia/MiniMax-M2.7-NVFP4_gb300_auto_isl4000_osl1000_ttft2000_tpot30_344633/agg/pareto.csv,nvidia/MiniMax-M2.7-NVFP4,4000,1000,0,112,8.368,28.0,112.0,354.504,13.007,13348.535,8.368,2.092,8359.158,2089.79,76.881,4,1.0,1.0,4.0,1.0,4.0,tp1pp1dp4etp1ep4,nvfp4,fp8,bfloat16,nvfp4,half,54.168,0.014,2.0,26.0,8026.0,8000.0,26.0,vllm,0.19.0,gb300,0.0,2089.79,,,,,,,,,,,,,,,,,,,,,,,,,,,,,,,,,,,,,,,,,,,,vllm,True,72,8359.158,150464.88,150464.88,2089.79,2089.79,76.881,MiniMax M2.7 NVFP4 / vllm / agg,True
minimax,MiniMax M2.7 NVFP4,agg,minimax/nvidia/MiniMax-M2.7-NVFP4_gb300_auto_isl4000_osl1000_ttft2000_tpot30_344633/agg/pareto.csv,nvidia/MiniMax-M2.7-NVFP4,4000,1000,0,224,16.715,28.0,224.0,535.447,12.809,13332.034,16.715,2.089,16698.572,2087.322,78.068,8,1.0,1.0,8.0,1.0,8.0,tp1pp1dp8etp1ep8,nvfp4,fp8,bfloat16,nvfp4,half,39.455,0.014,2.0,26.0,8026.0,8000.0,26.0,vllm,0.19.0,gb300,0.0,2087.322,,,,,,,,,,,,,,,,,,,,,,,,,,,,,,,,,,,,,,,,,,,,vllm,True,72,16698.572,150287.184,150287.184,2087.322,2087.322,78.068,MiniMax M2.7 NVFP4 / vllm / agg,True
minimax,MiniMax M2.7 NVFP4,agg,minimax/nvidia/MiniMax-M2.7-NVFP4_gb300_auto_isl4000_osl1000_ttft2000_tpot30_344633/agg/pareto.csv,nvidia/MiniMax-M2.7-NVFP4,4000,1000,0,192,15.276,24.0,192.0,513.452,11.976,12477.64,15.276,1.909,15260.46,1907.557,83.499,8,1.0,1.0,8.0,1.0,8.0,tp1pp1dp8etp1ep8,nvfp4,fp8,bfloat16,nvfp4,half,37.089,0.012,2.0,22.0,8022.0,8000.0,22.0,vllm,0.19.0,gb300,0.0,1907.557,,,,,,,,,,,,,,,,,,,,,,,,,,,,,,,,,,,,,,,,,,,,vllm,True,72,15260.46,137344.104,137344.104,1907.557,1907.557,83.499,MiniMax M2.7 NVFP4 / vllm / agg,True
minimax,MiniMax M2.7 NVFP4,agg,minimax/nvidia/MiniMax-M2.7-NVFP4_gb300_auto_isl4000_osl1000_ttft2000_tpot30_344633/agg/pareto.csv,nvidia/MiniMax-M2.7-NVFP4,4000,1000,0,160,13.446,20.0,160.0,491.539,11.306,11786.285,13.446,1.681,13432.35,1679.044,88.448,8,1.0,1.0,8.0,1.0,8.0,tp1pp1dp8etp1ep8,nvfp4,fp8,bfloat16,nvfp4,half,34.723,0.01,2.0,18.0,8018.0,8000.0,18.0,vllm,0.19.0,gb300,0.0,1679.044,,,,,,,,,,,,,,,,,,,,,,,,,,,,,,,,,,,,,,,,,,,,vllm,True,72,13432.35,120891.168,120891.168,1679.044,1679.044,88.448,MiniMax M2.7 NVFP4 / vllm / agg,True
minimax,MiniMax M2.7 NVFP4,agg,minimax/nvidia/MiniMax-M2.7-NVFP4_gb300_auto_isl4000_osl1000_ttft2000_tpot30_344633/agg/pareto.csv,nvidia/MiniMax-M2.7-NVFP4,4000,1000,0,32,2.953,32.0,32.0,183.999,10.66,10833.127,2.953,1.477,2950.136,1475.068,93.81,2,2.0,1.0,1.0,1.0,2.0,tp2pp1dp1etp1ep2,nvfp4,fp8,bfloat16,nvfp4,half,74.719,0.016,2.0,30.0,8030.0,8000.0,30.0,vllm,0.19.0,gb300,0.0,1475.068,,,,,,,,,,,,,,,,,,,,,,,,,,,,,,,,,,,,,,,,,,,,vllm,True,72,2950.136,106204.896,106204.896,1475.068,1475.068,93.81,MiniMax M2.7 NVFP4 / vllm / agg,True
minimax,MiniMax M2.7 NVFP4,agg,minimax/nvidia/MiniMax-M2.7-NVFP4_gb300_auto_isl4000_osl1000_ttft2000_tpot30_344633/agg/pareto.csv,nvidia/MiniMax-M2.7-NVFP4,4000,1000,0,128,11.809,16.0,128.0,469.549,10.244,10703.593,11.809,1.476,11796.723,1474.59,97.615,8,1.0,1.0,8.0,1.0,8.0,tp1pp1dp8etp1ep8,nvfp4,fp8,bfloat16,nvfp4,half,32.357,0.008,2.0,14.0,8014.0,8000.0,14.0,vllm,0.19.0,gb300,0.0,1474.59,,,,,,,,,,,,,,,,,,,,,,,,,,,,,,,,,,,,,,,,,,,,vllm,True,72,11796.723,106170.48,106170.48,1474.59,1474.59,97.615,MiniMax M2.7 NVFP4 / vllm / agg,True
minimax,MiniMax M2.7 NVFP4,agg,minimax/nvidia/MiniMax-M2.7-NVFP4_gb300_auto_isl4000_osl1000_ttft2000_tpot30_344633/agg/pareto.csv,nvidia/MiniMax-M2.7-NVFP4,4000,1000,0,120,11.278,15.0,120.0,469.241,10.045,10504.03,11.278,1.41,11266.542,1408.318,99.554,8,1.0,1.0,8.0,1.0,8.0,tp1pp1dp8etp1ep8,nvfp4,fp8,bfloat16,nvfp4,half,31.766,0.008,2.0,13.0,8013.0,8000.0,13.0,vllm,0.19.0,gb300,0.0,1408.318,,,,,,,,,,,,,,,,,,,,,,,,,,,,,,,,,,,,,,,,,,,,vllm,True,72,11266.542,101398.896,101398.896,1408.318,1408.318,99.554,MiniMax M2.7 NVFP4 / vllm / agg,True
minimax,MiniMax M2.7 NVFP4,agg,minimax/nvidia/MiniMax-M2.7-NVFP4_gb300_auto_isl4000_osl1000_ttft2000_tpot30_344633/agg/pareto.csv,nvidia/MiniMax-M2.7-NVFP4,4000,1000,0,112,10.841,14.0,112.0,458.512,9.735,10184.171,10.841,1.355,10829.864,1353.733,102.718,8,1.0,1.0,8.0,1.0,8.0,tp1pp1dp8etp1ep8,nvfp4,fp8,bfloat16,nvfp4,half,31.174,0.007,2.0,12.0,8012.0,8000.0,12.0,vllm,0.19.0,gb300,0.0,1353.733,,,,,,,,,,,,,,,,,,,,,,,,,,,,,,,,,,,,,,,,,,,,vllm,True,72,10829.864,97468.776,97468.776,1353.733,1353.733,102.718,MiniMax M2.7 NVFP4 / vllm / agg,True
minimax,MiniMax M2.7 NVFP4,agg,minimax/nvidia/MiniMax-M2.7-NVFP4_gb300_auto_isl4000_osl1000_ttft2000_tpot30_344633/agg/pareto.csv,nvidia/MiniMax-M2.7-NVFP4,4000,1000,0,104,10.275,13.0,104.0,458.211,9.525,9974.024,10.275,1.284,10264.785,1283.098,104.983,8,1.0,1.0,8.0,1.0,8.0,tp1pp1dp8etp1ep8,nvfp4,fp8,bfloat16,nvfp4,half,30.582,0.006,2.0,11.0,8011.0,8000.0,11.0,vllm,0.19.0,gb300,0.0,1283.098,,,,,,,,,,,,,,,,,,,,,,,,,,,,,,,,,,,,,,,,,,,,vllm,True,72,10264.785,92383.056,92383.056,1283.098,1283.098,104.983,MiniMax M2.7 NVFP4 / vllm / agg,True
minimax,MiniMax M2.7 NVFP4,agg,minimax/nvidia/MiniMax-M2.7-NVFP4_gb300_auto_isl4000_osl1000_ttft2000_tpot30_344633/agg/pareto.csv,nvidia/MiniMax-M2.7-NVFP4,4000,1000,0,24,2.489,24.0,24.0,168.909,9.466,9625.184,2.489,1.244,2486.061,1243.031,105.644,2,2.0,1.0,1.0,1.0,2.0,tp2pp1dp1etp1ep2,nvfp4,fp8,bfloat16,nvfp4,half,72.353,0.012,2.0,22.0,8022.0,8000.0,22.0,vllm,0.19.0,gb300,0.0,1243.031,,,,,,,,,,,,,,,,,,,,,,,,,,,,,,,,,,,,,,,,,,,,vllm,True,72,2486.061,89498.23199999999,89498.23199999999,1243.031,1243.031,105.644,MiniMax M2.7 NVFP4 / vllm / agg,True
minimax,MiniMax M2.7 NVFP4,agg,minimax/nvidia/MiniMax-M2.7-NVFP4_gb300_auto_isl4000_osl1000_ttft2000_tpot30_344633/agg/pareto.csv,nvidia/MiniMax-M2.7-NVFP4,4000,1000,0,96,9.77,12.0,96.0,447.503,9.23,9667.889,9.77,1.221,9759.88,1219.985,108.347,8,1.0,1.0,8.0,1.0,8.0,tp1pp1dp8etp1ep8,nvfp4,fp8,bfloat16,nvfp4,half,29.991,0.006,2.0,10.0,8010.0,8000.0,10.0,vllm,0.19.0,gb300,0.0,1219.985,,,,,,,,,,,,,,,,,,,,,,,,,,,,,,,,,,,,,,,,,,,,vllm,True,72,9759.88,87838.92,87838.92,1219.985,1219.985,108.347,MiniMax M2.7 NVFP4 / vllm / agg,True
minimax,MiniMax M2.7 NVFP4,agg,minimax/nvidia/MiniMax-M2.7-NVFP4_gb300_auto_isl4000_osl1000_ttft2000_tpot30_344633/agg/pareto.csv,nvidia/MiniMax-M2.7-NVFP4,4000,1000,0,88,9.071,11.0,88.0,447.209,9.104,9542.481,9.071,1.134,9062.088,1132.761,109.837,8,1.0,1.0,8.0,1.0,8.0,tp1pp1dp8etp1ep8,nvfp4,fp8,bfloat16,nvfp4,half,29.399,0.006,2.0,9.0,8009.0,8000.0,9.0,vllm,0.19.0,gb300,0.0,1132.761,,,,,,,,,,,,,,,,,,,,,,,,,,,,,,,,,,,,,,,,,,,,vllm,True,72,9062.088,81558.792,81558.792,1132.761,1132.761,109.837,MiniMax M2.7 NVFP4 / vllm / agg,True
minimax,MiniMax M2.7 NVFP4,agg,minimax/nvidia/MiniMax-M2.7-NVFP4_gb300_auto_isl4000_osl1000_ttft2000_tpot30_344633/agg/pareto.csv,nvidia/MiniMax-M2.7-NVFP4,4000,1000,0,40,4.432,40.0,40.0,164.297,8.879,9034.614,4.432,1.108,4427.454,1106.863,112.623,4,4.0,1.0,1.0,1.0,4.0,tp4pp1dp1etp1ep4,nvfp4,fp8,bfloat16,nvfp4,half,40.876,0.02,2.0,38.0,8038.0,8000.0,38.0,vllm,0.19.0,gb300,0.0,1106.863,,,,,,,,,,,,,,,,,,,,,,,,,,,,,,,,,,,,,,,,,,,,vllm,True,72,4427.454,79694.136,79694.136,1106.863,1106.863,112.623,MiniMax M2.7 NVFP4 / vllm / agg,True
minimax,MiniMax M2.7 NVFP4,agg,minimax/nvidia/MiniMax-M2.7-NVFP4_gb300_auto_isl4000_osl1000_ttft2000_tpot30_344633/agg/pareto.csv,nvidia/MiniMax-M2.7-NVFP4,4000,1000,0,20,2.213,20.0,20.0,161.438,8.857,9009.095,2.213,1.107,2211.147,1105.573,112.911,2,2.0,1.0,1.0,1.0,2.0,tp2pp1dp1etp1ep2,nvfp4,fp8,bfloat16,nvfp4,half,71.17,0.01,2.0,18.0,8018.0,8000.0,18.0,vllm,0.19.0,gb300,0.0,1105.573,,,,,,,,,,,,,,,,,,,,,,,,,,,,,,,,,,,,,,,,,,,,vllm,True,72,2211.147,79601.25600000001,79601.25600000001,1105.573,1105.573,112.911,MiniMax M2.7 NVFP4 / vllm / agg,True
minimax,MiniMax M2.7 NVFP4,agg,minimax/nvidia/MiniMax-M2.7-NVFP4_gb300_auto_isl4000_osl1000_ttft2000_tpot30_344633/agg/pareto.csv,nvidia/MiniMax-M2.7-NVFP4,4000,1000,0,80,8.508,10.0,80.0,436.522,8.806,9233.445,8.508,1.064,8499.493,1062.437,113.562,8,1.0,1.0,8.0,1.0,8.0,tp1pp1dp8etp1ep8,nvfp4,fp8,bfloat16,nvfp4,half,28.808,0.005,2.0,8.0,8008.0,8000.0,8.0,vllm,0.19.0,gb300,0.0,1062.437,,,,,,,,,,,,,,,,,,,,,,,,,,,,,,,,,,,,,,,,,,,,vllm,True,72,8499.493,76495.46399999999,76495.46399999999,1062.437,1062.437,113.562,MiniMax M2.7 NVFP4 / vllm / agg,True
minimax,MiniMax M2.7 NVFP4,agg,minimax/nvidia/MiniMax-M2.7-NVFP4_gb300_auto_isl4000_osl1000_ttft2000_tpot30_344633/agg/pareto.csv,nvidia/MiniMax-M2.7-NVFP4,4000,1000,0,9,1.013,9.0,9.0,187.459,8.643,8822.226,1.013,1.013,1011.899,1011.899,115.695,1,1.0,1.0,1.0,1.0,1.0,tp1pp1dp1etp1ep1,nvfp4,fp8,bfloat16,nvfp4,half,131.207,0.004,2.0,7.0,8007.0,8000.0,7.0,vllm,0.19.0,gb300,0.0,1011.899,,,,,,,,,,,,,,,,,,,,,,,,,,,,,,,,,,,,,,,,,,,,vllm,True,72,1011.899,72856.728,72856.728,1011.899,1011.899,115.695,MiniMax M2.7 NVFP4 / vllm / agg,True
minimax,MiniMax M2.7 NVFP4,agg,minimax/nvidia/MiniMax-M2.7-NVFP4_gb300_auto_isl4000_osl1000_ttft2000_tpot30_344633/agg/pareto.csv,nvidia/MiniMax-M2.7-NVFP4,4000,1000,0,32,3.927,32.0,32.0,158.751,7.994,8144.346,3.927,0.982,3922.778,980.695,125.1,4,4.0,1.0,1.0,4.0,1.0,tp4pp1dp1etp4ep1,nvfp4,fp8,bfloat16,nvfp4,half,39.692,0.016,2.0,30.0,8030.0,8000.0,30.0,vllm,0.19.0,gb300,0.0,980.6950000000002,,,,,,,,,,,,,,,,,,,,,,,,,,,,,,,,,,,,,,,,,,,,vllm,True,72,3922.778,70610.04000000001,70610.04000000001,980.6950000000002,980.6950000000002,125.1,MiniMax M2.7 NVFP4 / vllm / agg,True
minimax,MiniMax M2.7 NVFP4,agg,minimax/nvidia/MiniMax-M2.7-NVFP4_gb300_auto_isl4000_osl1000_ttft2000_tpot30_344633/agg/pareto.csv,nvidia/MiniMax-M2.7-NVFP4,4000,1000,0,15,1.836,15.0,15.0,154.087,7.988,8134.52,1.836,0.918,1834.171,917.085,125.181,2,2.0,1.0,1.0,1.0,2.0,tp2pp1dp1etp1ep2,nvfp4,fp8,bfloat16,nvfp4,half,69.691,0.008,2.0,13.0,8013.0,8000.0,13.0,vllm,0.19.0,gb300,0.0,917.085,,,,,,,,,,,,,,,,,,,,,,,,,,,,,,,,,,,,,,,,,,,,vllm,True,72,1834.171,66030.12,66030.12,917.085,917.085,125.181,MiniMax M2.7 NVFP4 / vllm / agg,True
minimax,MiniMax M2.7 NVFP4,agg,minimax/nvidia/MiniMax-M2.7-NVFP4_gb300_auto_isl4000_osl1000_ttft2000_tpot30_344633/agg/pareto.csv,nvidia/MiniMax-M2.7-NVFP4,4000,1000,0,28,3.59,28.0,28.0,152.594,7.643,7787.669,3.59,0.898,3586.47,896.618,130.844,4,4.0,1.0,1.0,4.0,1.0,tp4pp1dp1etp4ep1,nvfp4,fp8,bfloat16,nvfp4,half,39.101,0.014,2.0,26.0,8026.0,8000.0,26.0,vllm,0.19.0,gb300,0.0,896.618,,,,,,,,,,,,,,,,,,,,,,,,,,,,,,,,,,,,,,,,,,,,vllm,True,72,3586.47,64556.49600000001,64556.49600000001,896.618,896.618,130.844,MiniMax M2.7 NVFP4 / vllm / agg,True
minimax,MiniMax M2.7 NVFP4,agg,minimax/nvidia/MiniMax-M2.7-NVFP4_gb300_auto_isl4000_osl1000_ttft2000_tpot30_344633/agg/pareto.csv,nvidia/MiniMax-M2.7-NVFP4,4000,1000,0,13,1.668,13.0,13.0,150.529,7.613,7756.191,1.668,0.834,1665.918,832.959,131.35,2,2.0,1.0,1.0,1.0,2.0,tp2pp1dp1etp1ep2,nvfp4,fp8,bfloat16,nvfp4,half,69.099,0.006,2.0,11.0,8011.0,8000.0,11.0,vllm,0.19.0,gb300,0.0,832.959,,,,,,,,,,,,,,,,,,,,,,,,,,,,,,,,,,,,,,,,,,,,vllm,True,72,1665.918,59973.047999999995,59973.047999999995,832.959,832.959,131.35,MiniMax M2.7 NVFP4 / vllm / agg,True
minimax,MiniMax M2.7 NVFP4,agg,minimax/nvidia/MiniMax-M2.7-NVFP4_gb300_auto_isl4000_osl1000_ttft2000_tpot30_344633/agg/pareto.csv,nvidia/MiniMax-M2.7-NVFP4,4000,1000,0,6,0.81,6.0,6.0,178.164,7.239,7410.166,0.81,0.81,809.68,809.68,138.136,1,1.0,1.0,1.0,1.0,1.0,tp1pp1dp1etp1ep1,nvfp4,fp8,bfloat16,nvfp4,half,129.432,0.003,2.0,4.0,8004.0,8000.0,4.0,vllm,0.19.0,gb300,0.0,809.68,,,,,,,,,,,,,,,,,,,,,,,,,,,,,,,,,,,,,,,,,,,,vllm,True,72,809.68,58296.96,58296.96,809.68,809.68,138.136,MiniMax M2.7 NVFP4 / vllm / agg,True
minimax,MiniMax M2.7 NVFP4,agg,minimax/nvidia/MiniMax-M2.7-NVFP4_gb300_auto_isl4000_osl1000_ttft2000_tpot30_344633/agg/pareto.csv,nvidia/MiniMax-M2.7-NVFP4,4000,1000,0,11,1.486,11.0,11.0,146.978,7.221,7360.278,1.486,0.743,1484.209,742.104,138.494,2,2.0,1.0,1.0,1.0,2.0,tp2pp1dp1etp1ep2,nvfp4,fp8,bfloat16,nvfp4,half,68.508,0.006,2.0,9.0,8009.0,8000.0,9.0,vllm,0.19.0,gb300,0.0,742.104,,,,,,,,,,,,,,,,,,,,,,,,,,,,,,,,,,,,,,,,,,,,vllm,True,72,1484.209,53431.488000000005,53431.488000000005,742.104,742.104,138.494,MiniMax M2.7 NVFP4 / vllm / agg,True
minimax,MiniMax M2.7 NVFP4,agg,minimax/nvidia/MiniMax-M2.7-NVFP4_gb300_auto_isl4000_osl1000_ttft2000_tpot30_344633/agg/pareto.csv,nvidia/MiniMax-M2.7-NVFP4,4000,1000,0,5,0.716,5.0,5.0,178.159,6.815,6986.595,0.716,0.716,715.639,715.639,146.73,1,1.0,1.0,1.0,1.0,1.0,tp1pp1dp1etp1ep1,nvfp4,fp8,bfloat16,nvfp4,half,128.84,0.002,2.0,3.0,8003.0,8000.0,3.0,vllm,0.19.0,gb300,0.0,715.639,,,,,,,,,,,,,,,,,,,,,,,,,,,,,,,,,,,,,,,,,,,,vllm,True,72,715.639,51526.008,51526.008,715.639,715.639,146.73,MiniMax M2.7 NVFP4 / vllm / agg,True
minimax,MiniMax M2.7 NVFP4,agg,minimax/nvidia/MiniMax-M2.7-NVFP4_gb300_auto_isl4000_osl1000_ttft2000_tpot30_344633/agg/pareto.csv,nvidia/MiniMax-M2.7-NVFP4,4000,1000,0,4,0.625,4.0,4.0,173.7,6.314,6481.321,0.625,0.625,624.697,624.697,158.38,1,1.0,1.0,1.0,1.0,1.0,tp1pp1dp1etp1ep1,nvfp4,fp8,bfloat16,nvfp4,half,128.249,0.002,2.0,2.0,8002.0,8000.0,2.0,vllm,0.19.0,gb300,0.0,624.697,,,,,,,,,,,,,,,,,,,,,,,,,,,,,,,,,,,,,,,,,,,,vllm,True,72,624.697,44978.184,44978.184,624.697,624.697,158.38,MiniMax M2.7 NVFP4 / vllm / agg,True
minimax,MiniMax M2.7 NVFP4,agg,minimax/nvidia/MiniMax-M2.7-NVFP4_gb300_auto_isl4000_osl1000_ttft2000_tpot30_344633/agg/pareto.csv,nvidia/MiniMax-M2.7-NVFP4,4000,1000,0,4,0.621,4.0,4.0,118.164,6.283,6394.454,0.621,0.621,620.82,620.82,159.17,1,1.0,1.0,1.0,1.0,1.0,tp1pp1dp1etp1ep1,nvfp4,fp8,bfloat16,nvfp4,half,127.242,0.004,1.0,3.0,4003.0,4000.0,3.0,vllm,0.19.0,gb300,0.0,620.82,,,,,,,,,,,,,,,,,,,,,,,,,,,,,,,,,,,,,,,,,,,,vllm,True,72,620.82,44699.04,44699.04,620.82,620.82,159.17,MiniMax M2.7 NVFP4 / vllm / agg,True
minimax,MiniMax M2.7 NVFP4,agg,minimax/nvidia/MiniMax-M2.7-NVFP4_gb300_auto_isl4000_osl1000_ttft2000_tpot30_344633/agg/pareto.csv,nvidia/MiniMax-M2.7-NVFP4,4000,1000,0,14,2.177,14.0,14.0,131.231,6.272,6396.899,2.177,0.544,2174.415,543.604,159.44,4,4.0,1.0,1.0,4.0,1.0,tp4pp1dp1etp4ep1,nvfp4,fp8,bfloat16,nvfp4,half,37.03,0.007,2.0,12.0,8012.0,8000.0,12.0,vllm,0.19.0,gb300,0.0,543.604,,,,,,,,,,,,,,,,,,,,,,,,,,,,,,,,,,,,,,,,,,,,vllm,True,72,2174.415,39139.488000000005,39139.488000000005,543.604,543.604,159.44,MiniMax M2.7 NVFP4 / vllm / agg,True
minimax,MiniMax M2.7 NVFP4,agg,minimax/nvidia/MiniMax-M2.7-NVFP4_gb300_auto_isl4000_osl1000_ttft2000_tpot30_344633/agg/pareto.csv,nvidia/MiniMax-M2.7-NVFP4,4000,1000,0,3,0.513,3.0,3.0,115.277,5.747,5856.589,0.513,0.513,512.234,512.234,174.002,1,1.0,1.0,1.0,1.0,1.0,tp1pp1dp1etp1ep1,nvfp4,fp8,bfloat16,nvfp4,half,126.651,0.003,1.0,2.0,4002.0,4000.0,2.0,vllm,0.19.0,gb300,0.0,512.234,,,,,,,,,,,,,,,,,,,,,,,,,,,,,,,,,,,,,,,,,,,,vllm,True,72,512.234,36880.848000000005,36880.848000000005,512.234,512.234,174.002,MiniMax M2.7 NVFP4 / vllm / agg,True
minimax,MiniMax M2.7 NVFP4,agg,minimax/nvidia/MiniMax-M2.7-NVFP4_gb300_auto_isl4000_osl1000_ttft2000_tpot30_344633/agg/pareto.csv,nvidia/MiniMax-M2.7-NVFP4,4000,1000,0,2,0.383,2.0,2.0,112.153,5.167,5274.311,0.383,0.383,382.783,382.783,193.524,1,1.0,1.0,1.0,1.0,1.0,tp1pp1dp1etp1ep1,nvfp4,fp8,bfloat16,nvfp4,half,126.059,0.002,1.0,1.0,4001.0,4000.0,1.0,vllm,0.19.0,gb300,0.0,382.783,,,,,,,,,,,,,,,,,,,,,,,,,,,,,,,,,,,,,,,,,,,,vllm,True,72,382.783,27560.376,27560.376,382.783,382.783,193.524,MiniMax M2.7 NVFP4 / vllm / agg,True
minimax,MiniMax M2.7 NVFP4,agg,minimax/nvidia/MiniMax-M2.7-NVFP4_gb300_auto_isl4000_osl1000_ttft2000_tpot30_344633/agg/pareto.csv,nvidia/MiniMax-M2.7-NVFP4,4000,1000,0,3,0.573,3.0,3.0,94.541,5.15,5239.888,0.573,0.287,572.522,286.261,194.156,2,2.0,1.0,1.0,2.0,1.0,tp2pp1dp1etp2ep1,nvfp4,fp8,bfloat16,nvfp4,half,65.546,0.003,1.0,2.0,4002.0,4000.0,2.0,vllm,0.19.0,gb300,0.0,286.261,,,,,,,,,,,,,,,,,,,,,,,,,,,,,,,,,,,,,,,,,,,,vllm,True,72,572.522,20610.792,20610.792,286.261,286.261,194.156,MiniMax M2.7 NVFP4 / vllm / agg,True
minimax,MiniMax M2.7 NVFP4,agg,minimax/nvidia/MiniMax-M2.7-NVFP4_gb300_auto_isl4000_osl1000_ttft2000_tpot30_344633/agg/pareto.csv,nvidia/MiniMax-M2.7-NVFP4,4000,1000,0,6,1.142,6.0,6.0,118.99,5.146,5259.802,1.142,0.285,1140.703,285.176,194.327,4,4.0,1.0,1.0,4.0,1.0,tp4pp1dp1etp4ep1,nvfp4,fp8,bfloat16,nvfp4,half,35.846,0.003,2.0,4.0,8004.0,8000.0,4.0,vllm,0.19.0,gb300,0.0,285.176,,,,,,,,,,,,,,,,,,,,,,,,,,,,,,,,,,,,,,,,,,,,vllm,True,72,1140.703,20532.672,20532.672,285.176,285.176,194.327,MiniMax M2.7 NVFP4 / vllm / agg,True
minimax,MiniMax M2.7 NVFP4,agg,minimax/nvidia/MiniMax-M2.7-NVFP4_gb300_auto_isl4000_osl1000_ttft2000_tpot30_344633/agg/pareto.csv,nvidia/MiniMax-M2.7-NVFP4,4000,1000,0,5,0.994,5.0,5.0,118.977,4.922,5036.476,0.994,0.248,992.735,248.184,203.152,4,4.0,1.0,1.0,4.0,1.0,tp4pp1dp1etp4ep1,nvfp4,fp8,bfloat16,nvfp4,half,35.698,0.002,2.0,3.0,8003.0,8000.0,3.0,vllm,0.19.0,gb300,0.0,248.184,,,,,,,,,,,,,,,,,,,,,,,,,,,,,,,,,,,,,,,,,,,,vllm,True,72,992.735,17869.248,17869.248,248.184,248.184,203.152,MiniMax M2.7 NVFP4 / vllm / agg,True
minimax,MiniMax M2.7 NVFP4,agg,minimax/nvidia/MiniMax-M2.7-NVFP4_gb300_auto_isl4000_osl1000_ttft2000_tpot30_344633/agg/pareto.csv,nvidia/MiniMax-M2.7-NVFP4,4000,1000,0,1,0.244,1.0,1.0,108.159,4.042,4145.69,0.244,0.244,243.988,243.988,247.428,1,1.0,1.0,1.0,1.0,1.0,tp1pp1dp1etp1ep1,nvfp4,fp8,bfloat16,nvfp4,half,125.467,0.001,1.0,1.0,4000.0,4000.0,1.0,vllm,0.19.0,gb300,0.0,243.98799999999997,,,,,,,,,,,,,,,,,,,,,,,,,,,,,,,,,,,,,,,,,,,,vllm,True,72,243.988,17567.136,17567.136,243.98799999999997,243.98799999999997,247.428,MiniMax M2.7 NVFP4 / vllm / agg,True
minimax,MiniMax M2.7 NVFP4,disagg,minimax/nvidia/MiniMax-M2.7-NVFP4_gb300_auto_isl4000_osl1000_ttft2000_tpot30_344633/disagg/pareto.csv,nvidia/MiniMax-M2.7-NVFP4,4000,1000,0,6912,114.984,,,112.712,54.834,54891.878,114.984,4.791,114984.0,4791.0,18.237,24,,,,,,,,,,,,,,,,,,,vllm,,,0.0,4791.0,1.0,1.0,8.0,432.0,3456.0,2.0,15.97,63.089,1.0,1.0,1.0,1.0,1.0,tp1pp1dp1etp1ep1,nvfp4,fp8,bfloat16,nvfp4,half,125.349,vllm,0.19.0,gb300,1.0,1.0,8.0,1.0,8.0,tp1pp1dp8etp1ep8,nvfp4,fp8,bfloat16,nvfp4,half,276.42,vllm,0.19.0,gb300,0.0,0.0,0.0,,0.0,vllm,False,72,114984.0,344952.0,344952.0,4791.0,4791.0,18.237,MiniMax M2.7 NVFP4 / vllm / disagg,False
minimax,MiniMax M2.7 NVFP4,disagg,minimax/nvidia/MiniMax-M2.7-NVFP4_gb300_auto_isl4000_osl1000_ttft2000_tpot30_344633/disagg/pareto.csv,nvidia/MiniMax-M2.7-NVFP4,4000,1000,0,6528,114.68,,,112.712,52.422,52482.29,114.68,4.778,114679.84,4778.327,19.076,24,,,,,,,,,,,,,,,,,,,vllm,,,0.0,4778.327,1.0,1.0,8.0,408.0,1632.0,4.0,15.97,31.163,1.0,1.0,1.0,1.0,1.0,tp1pp1dp1etp1ep1,nvfp4,fp8,bfloat16,nvfp4,half,125.349,vllm,0.19.0,gb300,1.0,1.0,4.0,4.0,1.0,tp1pp1dp4etp4ep1,nvfp4,fp8,bfloat16,nvfp4,half,276.936,vllm,0.19.0,gb300,0.0,0.0,0.0,,0.0,vllm,False,72,114679.84,344039.544,344039.544,4778.327,4778.327,19.076,MiniMax M2.7 NVFP4 / vllm / disagg,False
minimax,MiniMax M2.7 NVFP4,disagg,minimax/nvidia/MiniMax-M2.7-NVFP4_gb300_auto_isl4000_osl1000_ttft2000_tpot30_344633/disagg/pareto.csv,nvidia/MiniMax-M2.7-NVFP4,4000,1000,0,16896,342.262,,,112.712,45.461,45528.251,342.262,4.754,342262.08,4753.64,21.997,72,,,,,,,,,,,,,,,,,,,vllm,,,0.0,4753.64,1.0,1.0,24.0,352.0,704.0,24.0,15.97,15.501,1.0,1.0,1.0,1.0,1.0,tp1pp1dp1etp1ep1,nvfp4,fp8,bfloat16,nvfp4,half,125.349,vllm,0.19.0,gb300,1.0,1.0,2.0,1.0,2.0,tp1pp1dp2etp1ep2,nvfp4,fp8,bfloat16,nvfp4,half,273.236,vllm,0.19.0,gb300,0.0,0.0,0.0,,0.0,vllm,False,72,342262.08,342262.08,342262.08,4753.64,4753.64,21.997,MiniMax M2.7 NVFP4 / vllm / disagg,False
minimax,MiniMax M2.7 NVFP4,disagg,minimax/nvidia/MiniMax-M2.7-NVFP4_gb300_auto_isl4000_osl1000_ttft2000_tpot30_344633/disagg/pareto.csv,nvidia/MiniMax-M2.7-NVFP4,4000,1000,0,16512,339.745,,,112.712,44.759,44826.953,339.745,4.719,339744.96,4718.68,22.342,72,,,,,,,,,,,,,,,,,,,vllm,,,0.0,4718.68,1.0,1.0,24.0,344.0,688.0,24.0,15.97,15.387,1.0,1.0,1.0,1.0,1.0,tp1pp1dp1etp1ep1,nvfp4,fp8,bfloat16,nvfp4,half,125.349,vllm,0.19.0,gb300,1.0,1.0,2.0,1.0,2.0,tp1pp1dp2etp1ep2,nvfp4,fp8,bfloat16,nvfp4,half,268.504,vllm,0.19.0,gb300,0.0,0.0,0.0,,0.0,vllm,False,72,339744.96,339744.96,339744.96,4718.68,4718.68,22.342,MiniMax M2.7 NVFP4 / vllm / disagg,False
minimax,MiniMax M2.7 NVFP4,disagg,minimax/nvidia/MiniMax-M2.7-NVFP4_gb300_auto_isl4000_osl1000_ttft2000_tpot30_344633/disagg/pareto.csv,nvidia/MiniMax-M2.7-NVFP4,4000,1000,0,5248,108.72,,,112.712,44.453,44521.259,108.72,4.53,108720.08,4530.003,22.495,24,,,,,,,,,,,,,,,,,,,vllm,,,0.0,4530.003,1.0,1.0,8.0,328.0,2624.0,2.0,15.97,59.087,1.0,1.0,1.0,1.0,1.0,tp1pp1dp1etp1ep1,nvfp4,fp8,bfloat16,nvfp4,half,125.349,vllm,0.19.0,gb300,1.0,1.0,8.0,1.0,8.0,tp1pp1dp8etp1ep8,nvfp4,fp8,bfloat16,nvfp4,half,214.901,vllm,0.19.0,gb300,0.0,0.0,0.0,,0.0,vllm,False,72,108720.08,326160.21599999996,326160.21599999996,4530.003,4530.003,22.495,MiniMax M2.7 NVFP4 / vllm / disagg,False
minimax,MiniMax M2.7 NVFP4,disagg,minimax/nvidia/MiniMax-M2.7-NVFP4_gb300_auto_isl4000_osl1000_ttft2000_tpot30_344633/disagg/pareto.csv,nvidia/MiniMax-M2.7-NVFP4,4000,1000,0,15200,315.33,,,112.712,44.393,44461.319,315.33,4.38,315330.0,4379.583,22.526,72,,,,,,,,,,,,,,,,,,,vllm,,,0.0,4379.583,1.0,1.0,22.0,304.0,608.0,25.0,15.97,13.71,1.0,1.0,1.0,1.0,1.0,tp1pp1dp1etp1ep1,nvfp4,fp8,bfloat16,nvfp4,half,125.349,vllm,0.19.0,gb300,1.0,1.0,2.0,2.0,1.0,tp1pp1dp2etp2ep1,nvfp4,fp8,bfloat16,nvfp4,half,244.843,vllm,0.19.0,gb300,0.0,0.0,0.0,,0.0,vllm,False,72,315330.0,315329.97599999997,315329.97599999997,4379.583,4379.583,22.526,MiniMax M2.7 NVFP4 / vllm / disagg,False
minimax,MiniMax M2.7 NVFP4,disagg,minimax/nvidia/MiniMax-M2.7-NVFP4_gb300_auto_isl4000_osl1000_ttft2000_tpot30_344633/disagg/pareto.csv,nvidia/MiniMax-M2.7-NVFP4,4000,1000,0,12800,312.041,,,112.712,37.778,37852.934,312.041,4.334,312041.0,4333.903,26.471,72,,,,,,,,,,,,,,,,,,,vllm,,,0.0,4333.903,1.0,1.0,22.0,512.0,512.0,25.0,15.97,13.567,1.0,1.0,1.0,1.0,1.0,tp1pp1dp1etp1ep1,nvfp4,fp8,bfloat16,nvfp4,half,125.349,vllm,0.19.0,gb300,2.0,1.0,1.0,1.0,2.0,tp2pp1dp1etp1ep2,nvfp4,fp8,bfloat16,nvfp4,half,215.507,vllm,0.19.0,gb300,0.0,0.0,0.0,,0.0,vllm,False,72,312041.0,312041.016,312041.016,4333.903,4333.903,26.471,MiniMax M2.7 NVFP4 / vllm / disagg,False
minimax,MiniMax M2.7 NVFP4,disagg,minimax/nvidia/MiniMax-M2.7-NVFP4_gb300_auto_isl4000_osl1000_ttft2000_tpot30_344633/disagg/pareto.csv,nvidia/MiniMax-M2.7-NVFP4,4000,1000,0,10912,287.46,,,112.712,34.319,34397.393,287.46,4.492,287460.0,4491.563,29.138,64,,,,,,,,,,,,,,,,,,,vllm,,,0.0,3992.500444444445,1.0,1.0,20.0,248.0,992.0,11.0,15.97,28.934,1.0,1.0,1.0,1.0,1.0,tp1pp1dp1etp1ep1,nvfp4,fp8,bfloat16,nvfp4,half,125.349,vllm,0.19.0,gb300,1.0,1.0,4.0,1.0,4.0,tp1pp1dp4etp1ep4,nvfp4,fp8,bfloat16,nvfp4,half,182.297,vllm,0.19.0,gb300,0.0,0.0,0.0,,0.0,vllm,False,72,287460.0,287460.032,287460.032,3992.500444444445,3992.500444444445,29.138,MiniMax M2.7 NVFP4 / vllm / disagg,False
minimax,MiniMax M2.7 NVFP4,disagg,minimax/nvidia/MiniMax-M2.7-NVFP4_gb300_auto_isl4000_osl1000_ttft2000_tpot30_344633/disagg/pareto.csv,nvidia/MiniMax-M2.7-NVFP4,4000,1000,0,9152,284.002,,,112.712,29.676,29759.036,284.002,3.944,284002.16,3944.474,33.697,72,,,,,,,,,,,,,,,,,,,vllm,,,0.0,3944.474,1.0,1.0,20.0,176.0,704.0,13.0,15.97,23.746,1.0,1.0,1.0,1.0,1.0,tp1pp1dp1etp1ep1,nvfp4,fp8,bfloat16,nvfp4,half,125.349,vllm,0.19.0,gb300,1.0,1.0,4.0,4.0,1.0,tp1pp1dp4etp4ep1,nvfp4,fp8,bfloat16,nvfp4,half,139.725,vllm,0.19.0,gb300,0.0,0.0,0.0,,0.0,vllm,True,72,284002.16,284002.128,284002.128,3944.474,3944.474,33.697,MiniMax M2.7 NVFP4 / vllm / disagg,False
minimax,MiniMax M2.7 NVFP4,disagg,minimax/nvidia/MiniMax-M2.7-NVFP4_gb300_auto_isl4000_osl1000_ttft2000_tpot30_344633/disagg/pareto.csv,nvidia/MiniMax-M2.7-NVFP4,4000,1000,0,7488,277.281,,,112.712,24.87,24957.842,277.281,3.851,277280.64,3851.12,40.209,72,,,,,,,,,,,,,,,,,,,vllm,,,0.0,3851.12,1.0,1.0,20.0,144.0,576.0,13.0,15.97,23.184,1.0,1.0,1.0,1.0,1.0,tp1pp1dp1etp1ep1,nvfp4,fp8,bfloat16,nvfp4,half,125.349,vllm,0.19.0,gb300,1.0,1.0,4.0,1.0,4.0,tp1pp1dp4etp1ep4,nvfp4,fp8,bfloat16,nvfp4,half,120.804,vllm,0.19.0,gb300,0.0,0.0,0.0,,0.0,vllm,True,72,277280.64,277280.64,277280.64,3851.12,3851.12,40.209,MiniMax M2.7 NVFP4 / vllm / disagg,False
minimax,MiniMax M2.7 NVFP4,disagg,minimax/nvidia/MiniMax-M2.7-NVFP4_gb300_auto_isl4000_osl1000_ttft2000_tpot30_344633/disagg/pareto.csv,nvidia/MiniMax-M2.7-NVFP4,4000,1000,0,4704,229.968,,,112.712,18.792,18885.92,229.968,3.194,229968.0,3194.0,53.215,72,,,,,,,,,,,,,,,,,,,vllm,,,0.0,3194.0,1.0,1.0,16.0,84.0,336.0,14.0,15.97,17.898,1.0,1.0,1.0,1.0,1.0,tp1pp1dp1etp1ep1,nvfp4,fp8,bfloat16,nvfp4,half,125.349,vllm,0.19.0,gb300,1.0,1.0,4.0,1.0,4.0,tp1pp1dp4etp1ep4,nvfp4,fp8,bfloat16,nvfp4,half,85.328,vllm,0.19.0,gb300,0.0,0.0,0.0,,0.0,vllm,True,72,229968.0,229968.0,229968.0,3194.0,3194.0,53.215,MiniMax M2.7 NVFP4 / vllm / disagg,True
minimax,MiniMax M2.7 NVFP4,disagg,minimax/nvidia/MiniMax-M2.7-NVFP4_gb300_auto_isl4000_osl1000_ttft2000_tpot30_344633/disagg/pareto.csv,nvidia/MiniMax-M2.7-NVFP4,4000,1000,0,1280,63.719,,,200.21,18.5,18681.71,63.719,2.655,63719.2,2654.967,54.055,24,,,,,,,,,,,,,,,,,,,sglang,,,0.0,2654.967,1.0,1.0,8.0,80.0,640.0,2.0,8.991,34.63,1.0,1.0,1.0,1.0,1.0,tp1pp1dp1etp1ep1,nvfp4,fp8,fp8,nvfp4,half,126.516,sglang,0.5.10,gb300,1.0,1.0,8.0,1.0,8.0,tp1pp1dp8etp1ep8,nvfp4,fp8,fp8,nvfp4,half,68.982,sglang,0.5.10,gb300,0.0,0.0,0.0,,0.0,sglang,True,72,63719.2,191157.624,191157.624,2654.967,2654.967,54.055,MiniMax M2.7 NVFP4 / sglang / disagg,False
minimax,MiniMax M2.7 NVFP4,disagg,minimax/nvidia/MiniMax-M2.7-NVFP4_gb300_auto_isl4000_osl1000_ttft2000_tpot30_344633/disagg/pareto.csv,nvidia/MiniMax-M2.7-NVFP4,4000,1000,0,1216,62.286,,,200.21,17.979,18161.231,62.286,2.595,62285.84,2595.243,55.62,24,,,,,,,,,,,,,,,,,,,sglang,,,0.0,2595.243,1.0,1.0,8.0,76.0,608.0,2.0,8.991,33.851,1.0,1.0,1.0,1.0,1.0,tp1pp1dp1etp1ep1,nvfp4,fp8,fp8,nvfp4,half,126.516,sglang,0.5.10,gb300,1.0,1.0,8.0,1.0,8.0,tp1pp1dp8etp1ep8,nvfp4,fp8,fp8,nvfp4,half,66.617,sglang,0.5.10,gb300,0.0,0.0,0.0,,0.0,sglang,True,72,62285.84,186857.49599999998,186857.49599999998,2595.243,2595.243,55.62,MiniMax M2.7 NVFP4 / sglang / disagg,False
minimax,MiniMax M2.7 NVFP4,disagg,minimax/nvidia/MiniMax-M2.7-NVFP4_gb300_auto_isl4000_osl1000_ttft2000_tpot30_344633/disagg/pareto.csv,nvidia/MiniMax-M2.7-NVFP4,4000,1000,0,1088,59.156,,,200.21,16.938,17121.272,59.156,2.465,59156.0,2464.833,59.041,24,,,,,,,,,,,,,,,,,,,sglang,,,0.0,2464.833,1.0,1.0,8.0,68.0,544.0,2.0,8.991,32.15,1.0,1.0,1.0,1.0,1.0,tp1pp1dp1etp1ep1,nvfp4,fp8,fp8,nvfp4,half,126.516,sglang,0.5.10,gb300,1.0,1.0,8.0,1.0,8.0,tp1pp1dp8etp1ep8,nvfp4,fp8,fp8,nvfp4,half,61.887,sglang,0.5.10,gb300,0.0,0.0,0.0,,0.0,sglang,True,72,59156.0,177467.976,177467.976,2464.833,2464.833,59.041,MiniMax M2.7 NVFP4 / sglang / disagg,False
minimax,MiniMax M2.7 NVFP4,disagg,minimax/nvidia/MiniMax-M2.7-NVFP4_gb300_auto_isl4000_osl1000_ttft2000_tpot30_344633/disagg/pareto.csv,nvidia/MiniMax-M2.7-NVFP4,4000,1000,0,2912,171.793,,,112.712,15.61,15707.102,171.793,2.684,171793.44,2684.272,64.063,64,,,,,,,,,,,,,,,,,,,vllm,,,0.0,2386.0195555555556,1.0,1.0,12.0,56.0,224.0,13.0,15.97,14.364,1.0,1.0,1.0,1.0,1.0,tp1pp1dp1etp1ep1,nvfp4,fp8,bfloat16,nvfp4,half,125.349,vllm,0.19.0,gb300,1.0,1.0,4.0,1.0,4.0,tp1pp1dp4etp1ep4,nvfp4,fp8,bfloat16,nvfp4,half,68.772,vllm,0.19.0,gb300,0.0,0.0,0.0,,0.0,vllm,True,72,171793.44,171793.408,171793.408,2386.0195555555556,2386.0195555555556,64.063,MiniMax M2.7 NVFP4 / vllm / disagg,False
minimax,MiniMax M2.7 NVFP4,disagg,minimax/nvidia/MiniMax-M2.7-NVFP4_gb300_auto_isl4000_osl1000_ttft2000_tpot30_344633/disagg/pareto.csv,nvidia/MiniMax-M2.7-NVFP4,4000,1000,0,960,56.69,,,112.712,15.595,15692.117,56.69,2.362,56690.4,2362.1,64.124,24,,,,,,,,,,,,,,,,,,,vllm,,,0.0,2362.1,1.0,1.0,4.0,48.0,192.0,5.0,15.97,12.324,1.0,1.0,1.0,1.0,1.0,tp1pp1dp1etp1ep1,nvfp4,fp8,bfloat16,nvfp4,half,125.349,vllm,0.19.0,gb300,1.0,1.0,4.0,4.0,1.0,tp1pp1dp4etp4ep1,nvfp4,fp8,bfloat16,nvfp4,half,64.042,vllm,0.19.0,gb300,0.0,0.0,0.0,,0.0,vllm,True,72,56690.4,170071.19999999998,170071.19999999998,2362.1,2362.1,64.124,MiniMax M2.7 NVFP4 / vllm / disagg,False
minimax,MiniMax M2.7 NVFP4,disagg,minimax/nvidia/MiniMax-M2.7-NVFP4_gb300_auto_isl4000_osl1000_ttft2000_tpot30_344633/disagg/pareto.csv,nvidia/MiniMax-M2.7-NVFP4,4000,1000,0,2496,155.277,,,112.712,14.803,14900.909,155.277,2.426,155276.68,2426.198,67.555,64,,,,,,,,,,,,,,,,,,,vllm,,,0.0,2156.6204444444443,1.0,1.0,12.0,48.0,192.0,13.0,15.97,12.983,1.0,1.0,1.0,1.0,1.0,tp1pp1dp1etp1ep1,nvfp4,fp8,bfloat16,nvfp4,half,125.349,vllm,0.19.0,gb300,1.0,1.0,4.0,1.0,4.0,tp1pp1dp4etp1ep4,nvfp4,fp8,bfloat16,nvfp4,half,64.042,vllm,0.19.0,gb300,0.0,0.0,0.0,,0.0,vllm,True,72,155276.68,155276.672,155276.672,2156.6204444444443,2156.6204444444443,67.555,MiniMax M2.7 NVFP4 / vllm / disagg,False
minimax,MiniMax M2.7 NVFP4,disagg,minimax/nvidia/MiniMax-M2.7-NVFP4_gb300_auto_isl4000_osl1000_ttft2000_tpot30_344633/disagg/pareto.csv,nvidia/MiniMax-M2.7-NVFP4,4000,1000,0,800,50.227,,,112.712,14.667,14765.045,50.227,2.093,50227.4,2092.808,68.179,24,,,,,,,,,,,,,,,,,,,vllm,,,0.0,2092.808,1.0,1.0,4.0,40.0,160.0,5.0,15.97,10.919,1.0,1.0,1.0,1.0,1.0,tp1pp1dp1etp1ep1,nvfp4,fp8,bfloat16,nvfp4,half,125.349,vllm,0.19.0,gb300,1.0,1.0,4.0,4.0,1.0,tp1pp1dp4etp4ep1,nvfp4,fp8,bfloat16,nvfp4,half,59.311,vllm,0.19.0,gb300,0.0,0.0,0.0,,0.0,vllm,True,72,50227.4,150682.176,150682.176,2092.808,2092.808,68.179,MiniMax M2.7 NVFP4 / vllm / disagg,False
minimax,MiniMax M2.7 NVFP4,disagg,minimax/nvidia/MiniMax-M2.7-NVFP4_gb300_auto_isl4000_osl1000_ttft2000_tpot30_344633/disagg/pareto.csv,nvidia/MiniMax-M2.7-NVFP4,4000,1000,0,1056,64.735,,,200.21,14.496,14681.714,64.735,2.023,64735.2,2022.975,68.985,32,,,,,,,,,,,,,,,,,,,sglang,,,0.0,1798.1999999999998,1.0,1.0,8.0,44.0,352.0,3.0,8.991,24.307,1.0,1.0,1.0,1.0,1.0,tp1pp1dp1etp1ep1,nvfp4,fp8,fp8,nvfp4,half,126.516,sglang,0.5.10,gb300,1.0,1.0,8.0,2.0,4.0,tp1pp1dp8etp2ep4,nvfp4,fp8,fp8,nvfp4,half,47.696,sglang,0.5.10,gb300,0.0,0.0,0.0,,0.0,sglang,True,72,64735.2,129470.4,129470.4,1798.1999999999998,1798.1999999999998,68.985,MiniMax M2.7 NVFP4 / sglang / disagg,False
minimax,MiniMax M2.7 NVFP4,disagg,minimax/nvidia/MiniMax-M2.7-NVFP4_gb300_auto_isl4000_osl1000_ttft2000_tpot30_344633/disagg/pareto.csv,nvidia/MiniMax-M2.7-NVFP4,4000,1000,0,1792,129.109,,,200.21,12.782,12969.428,129.109,1.793,129109.12,1793.182,78.233,72,,,,,,,,,,,,,,,,,,,sglang,,,0.0,1793.182,1.0,1.0,16.0,32.0,256.0,7.0,8.991,20.048,1.0,1.0,1.0,1.0,1.0,tp1pp1dp1etp1ep1,nvfp4,fp8,fp8,nvfp4,half,126.516,sglang,0.5.10,gb300,1.0,1.0,8.0,2.0,4.0,tp1pp1dp8etp2ep4,nvfp4,fp8,fp8,nvfp4,half,40.601,sglang,0.5.10,gb300,0.0,0.0,0.0,,0.0,sglang,True,72,129109.12,129109.104,129109.104,1793.182,1793.182,78.233,MiniMax M2.7 NVFP4 / sglang / disagg,False
minimax,MiniMax M2.7 NVFP4,disagg,minimax/nvidia/MiniMax-M2.7-NVFP4_gb300_auto_isl4000_osl1000_ttft2000_tpot30_344633/disagg/pareto.csv,nvidia/MiniMax-M2.7-NVFP4,4000,1000,0,1568,122.16,,,200.21,11.821,12009.389,122.16,1.697,122160.36,1696.672,84.598,72,,,,,,,,,,,,,,,,,,,sglang,,,0.0,1696.672,1.0,1.0,16.0,28.0,224.0,7.0,8.991,18.969,1.0,1.0,1.0,1.0,1.0,tp1pp1dp1etp1ep1,nvfp4,fp8,fp8,nvfp4,half,126.516,sglang,0.5.10,gb300,1.0,1.0,8.0,1.0,8.0,tp1pp1dp8etp1ep8,nvfp4,fp8,fp8,nvfp4,half,38.236,sglang,0.5.10,gb300,0.0,0.0,0.0,,0.0,sglang,True,72,122160.36,122160.384,122160.384,1696.672,1696.672,84.598,MiniMax M2.7 NVFP4 / sglang / disagg,True
minimax,MiniMax M2.7 NVFP4,disagg,minimax/nvidia/MiniMax-M2.7-NVFP4_gb300_auto_isl4000_osl1000_ttft2000_tpot30_344633/disagg/pareto.csv,nvidia/MiniMax-M2.7-NVFP4,4000,1000,0,1344,112.726,,,112.712,10.98,11081.732,112.726,1.761,112725.76,1761.34,91.076,64,,,,,,,,,,,,,,,,,,,vllm,,,0.0,1565.6355555555556,1.0,1.0,8.0,24.0,192.0,7.0,15.97,17.504,1.0,1.0,1.0,1.0,1.0,tp1pp1dp1etp1ep1,nvfp4,fp8,bfloat16,nvfp4,half,125.349,vllm,0.19.0,gb300,1.0,1.0,8.0,1.0,8.0,tp1pp1dp8etp1ep8,nvfp4,fp8,bfloat16,nvfp4,half,35.138,vllm,0.19.0,gb300,0.0,0.0,0.0,,0.0,vllm,True,72,112725.76,112725.76000000001,112725.76000000001,1565.6355555555556,1565.6355555555556,91.076,MiniMax M2.7 NVFP4 / vllm / disagg,True
minimax,MiniMax M2.7 NVFP4,disagg,minimax/nvidia/MiniMax-M2.7-NVFP4_gb300_auto_isl4000_osl1000_ttft2000_tpot30_344633/disagg/pareto.csv,nvidia/MiniMax-M2.7-NVFP4,4000,1000,0,1152,96.931,,,112.712,10.945,11046.767,96.931,1.346,96931.2,1346.267,91.368,72,,,,,,,,,,,,,,,,,,,vllm,,,0.0,1346.267,1.0,1.0,8.0,144.0,144.0,8.0,15.97,13.17,1.0,1.0,1.0,1.0,1.0,tp1pp1dp1etp1ep1,nvfp4,fp8,bfloat16,nvfp4,half,125.349,vllm,0.19.0,gb300,8.0,1.0,1.0,1.0,8.0,tp8pp1dp1etp1ep8,nvfp4,fp8,bfloat16,nvfp4,half,29.72,vllm,0.19.0,gb300,0.0,0.0,0.0,,0.0,vllm,True,72,96931.2,96931.224,96931.224,1346.267,1346.267,91.368,MiniMax M2.7 NVFP4 / vllm / disagg,False
minimax,MiniMax M2.7 NVFP4,disagg,minimax/nvidia/MiniMax-M2.7-NVFP4_gb300_auto_isl4000_osl1000_ttft2000_tpot30_344633/disagg/pareto.csv,nvidia/MiniMax-M2.7-NVFP4,4000,1000,0,1024,94.561,,,112.712,9.973,10075.739,94.561,1.313,94561.28,1313.351,100.275,72,,,,,,,,,,,,,,,,,,,vllm,,,0.0,1313.351,1.0,1.0,8.0,16.0,128.0,8.0,15.97,12.848,1.0,1.0,1.0,1.0,1.0,tp1pp1dp1etp1ep1,nvfp4,fp8,bfloat16,nvfp4,half,125.349,vllm,0.19.0,gb300,1.0,1.0,8.0,1.0,8.0,tp1pp1dp8etp1ep8,nvfp4,fp8,bfloat16,nvfp4,half,30.408,vllm,0.19.0,gb300,0.0,0.0,0.0,,0.0,vllm,True,72,94561.28,94561.27200000001,94561.27200000001,1313.351,1313.351,100.275,MiniMax M2.7 NVFP4 / vllm / disagg,False
minimax,MiniMax M2.7 NVFP4,disagg,minimax/nvidia/MiniMax-M2.7-NVFP4_gb300_auto_isl4000_osl1000_ttft2000_tpot30_344633/disagg/pareto.csv,nvidia/MiniMax-M2.7-NVFP4,4000,1000,0,864,79.915,,,112.712,9.957,10059.755,79.915,1.11,79914.88,1109.929,100.436,72,,,,,,,,,,,,,,,,,,,vllm,,,0.0,1109.929,1.0,1.0,8.0,108.0,108.0,8.0,15.97,10.858,1.0,1.0,1.0,1.0,1.0,tp1pp1dp1etp1ep1,nvfp4,fp8,bfloat16,nvfp4,half,125.349,vllm,0.19.0,gb300,8.0,1.0,1.0,1.0,8.0,tp8pp1dp1etp1ep8,nvfp4,fp8,bfloat16,nvfp4,half,27.059,vllm,0.19.0,gb300,0.0,0.0,0.0,,0.0,vllm,True,72,79914.88,79914.888,79914.888,1109.929,1109.929,100.436,MiniMax M2.7 NVFP4 / vllm / disagg,False
minimax,MiniMax M2.7 NVFP4,disagg,minimax/nvidia/MiniMax-M2.7-NVFP4_gb300_auto_isl4000_osl1000_ttft2000_tpot30_344633/disagg/pareto.csv,nvidia/MiniMax-M2.7-NVFP4,4000,1000,0,286,26.626,,,112.712,9.891,9993.821,26.626,1.109,26625.72,1109.405,101.102,24,,,,,,,,,,,,,,,,,,,vllm,,,0.0,1109.405,1.0,1.0,2.0,26.0,26.0,11.0,15.97,2.631,1.0,1.0,1.0,1.0,1.0,tp1pp1dp1etp1ep1,nvfp4,fp8,bfloat16,nvfp4,half,125.349,vllm,0.19.0,gb300,2.0,1.0,1.0,1.0,2.0,tp2pp1dp1etp1ep2,nvfp4,fp8,bfloat16,nvfp4,half,71.819,vllm,0.19.0,gb300,0.0,0.0,0.0,,0.0,vllm,True,72,26625.72,79877.16,79877.16,1109.405,1109.405,101.102,MiniMax M2.7 NVFP4 / vllm / disagg,False
minimax,MiniMax M2.7 NVFP4,disagg,minimax/nvidia/MiniMax-M2.7-NVFP4_gb300_auto_isl4000_osl1000_ttft2000_tpot30_344633/disagg/pareto.csv,nvidia/MiniMax-M2.7-NVFP4,4000,1000,0,608,62.251,,,112.712,8.995,9098.717,62.251,0.865,62250.88,864.596,111.173,72,,,,,,,,,,,,,,,,,,,vllm,,,0.0,864.596,1.0,1.0,8.0,76.0,76.0,8.0,15.97,8.458,1.0,1.0,1.0,1.0,1.0,tp1pp1dp1etp1ep1,nvfp4,fp8,bfloat16,nvfp4,half,125.349,vllm,0.19.0,gb300,8.0,1.0,1.0,1.0,8.0,tp8pp1dp1etp1ep8,nvfp4,fp8,bfloat16,nvfp4,half,24.694,vllm,0.19.0,gb300,0.0,0.0,0.0,,0.0,vllm,True,72,62250.88,62250.912,62250.912,864.596,864.596,111.173,MiniMax M2.7 NVFP4 / vllm / disagg,False
minimax,MiniMax M2.7 NVFP4,disagg,minimax/nvidia/MiniMax-M2.7-NVFP4_gb300_auto_isl4000_osl1000_ttft2000_tpot30_344633/disagg/pareto.csv,nvidia/MiniMax-M2.7-NVFP4,4000,1000,0,270,28.152,,,112.712,8.832,8935.88,28.152,0.88,28152.0,879.75,113.228,32,,,,,,,,,,,,,,,,,,,vllm,,,0.0,782.0,1.0,1.0,2.0,18.0,18.0,15.0,15.97,2.04,1.0,1.0,1.0,1.0,1.0,tp1pp1dp1etp1ep1,nvfp4,fp8,bfloat16,nvfp4,half,125.349,vllm,0.19.0,gb300,2.0,1.0,1.0,1.0,2.0,tp2pp1dp1etp1ep2,nvfp4,fp8,bfloat16,nvfp4,half,69.454,vllm,0.19.0,gb300,0.0,0.0,0.0,,0.0,vllm,True,72,28152.0,56304.0,56304.0,782.0,782.0,113.228,MiniMax M2.7 NVFP4 / vllm / disagg,False
minimax,MiniMax M2.7 NVFP4,disagg,minimax/nvidia/MiniMax-M2.7-NVFP4_gb300_auto_isl4000_osl1000_ttft2000_tpot30_344633/disagg/pareto.csv,nvidia/MiniMax-M2.7-NVFP4,4000,1000,0,480,56.0,,,112.712,7.894,7998.818,56.0,0.875,56000.4,875.006,126.684,64,,,,,,,,,,,,,,,,,,,vllm,,,0.0,777.7831111111111,1.0,1.0,4.0,32.0,32.0,15.0,15.97,4.058,1.0,1.0,1.0,1.0,1.0,tp1pp1dp1etp1ep1,nvfp4,fp8,bfloat16,nvfp4,half,125.349,vllm,0.19.0,gb300,4.0,1.0,1.0,4.0,1.0,tp4pp1dp1etp4ep1,nvfp4,fp8,bfloat16,nvfp4,half,38.842,vllm,0.19.0,gb300,0.0,0.0,0.0,,0.0,vllm,True,72,56000.4,56000.384,56000.384,777.7831111111111,777.7831111111111,126.684,MiniMax M2.7 NVFP4 / vllm / disagg,False
minimax,MiniMax M2.7 NVFP4,disagg,minimax/nvidia/MiniMax-M2.7-NVFP4_gb300_auto_isl4000_osl1000_ttft2000_tpot30_344633/disagg/pareto.csv,nvidia/MiniMax-M2.7-NVFP4,4000,1000,0,90,10.723,,,112.712,7.73,7834.982,10.723,0.67,10722.6,670.163,129.37,16,,,,,,,,,,,,,,,,,,,vllm,,,0.0,595.7004444444444,1.0,1.0,1.0,6.0,6.0,15.0,15.97,0.777,1.0,1.0,1.0,1.0,1.0,tp1pp1dp1etp1ep1,nvfp4,fp8,bfloat16,nvfp4,half,125.349,vllm,0.19.0,gb300,1.0,1.0,1.0,1.0,1.0,tp1pp1dp1etp1ep1,nvfp4,fp8,bfloat16,nvfp4,half,127.485,vllm,0.19.0,gb300,0.0,0.0,0.0,,0.0,vllm,True,72,10722.6,42890.432,42890.432,595.7004444444444,595.7004444444444,129.37,MiniMax M2.7 NVFP4 / vllm / disagg,False
minimax,MiniMax M2.7 NVFP4,disagg,minimax/nvidia/MiniMax-M2.7-NVFP4_gb300_auto_isl4000_osl1000_ttft2000_tpot30_344633/disagg/pareto.csv,nvidia/MiniMax-M2.7-NVFP4,4000,1000,0,320,42.202,,,112.712,6.983,7088.729,42.202,0.586,42202.24,586.142,143.201,72,,,,,,,,,,,,,,,,,,,vllm,,,0.0,586.142,1.0,1.0,8.0,40.0,40.0,8.0,15.97,5.734,1.0,1.0,1.0,1.0,1.0,tp1pp1dp1etp1ep1,nvfp4,fp8,bfloat16,nvfp4,half,125.349,vllm,0.19.0,gb300,8.0,1.0,1.0,1.0,8.0,tp8pp1dp1etp1ep8,nvfp4,fp8,bfloat16,nvfp4,half,22.033,vllm,0.19.0,gb300,0.0,0.0,0.0,,0.0,vllm,True,72,42202.24,42202.224,42202.224,586.142,586.142,143.201,MiniMax M2.7 NVFP4 / vllm / disagg,False
minimax,MiniMax M2.7 NVFP4,disagg,minimax/nvidia/MiniMax-M2.7-NVFP4_gb300_auto_isl4000_osl1000_ttft2000_tpot30_344633/disagg/pareto.csv,nvidia/MiniMax-M2.7-NVFP4,4000,1000,0,306,40.633,,,112.712,6.935,7040.777,40.633,0.564,40632.72,564.343,144.204,72,,,,,,,,,,,,,,,,,,,vllm,,,0.0,564.343,1.0,1.0,4.0,18.0,18.0,17.0,15.97,2.598,1.0,1.0,1.0,1.0,1.0,tp1pp1dp1etp1ep1,nvfp4,fp8,bfloat16,nvfp4,half,125.349,vllm,0.19.0,gb300,4.0,1.0,1.0,4.0,1.0,tp4pp1dp1etp4ep1,nvfp4,fp8,bfloat16,nvfp4,half,36.772,vllm,0.19.0,gb300,0.0,0.0,0.0,,0.0,vllm,True,72,40632.72,40632.695999999996,40632.695999999996,564.343,564.343,144.204,MiniMax M2.7 NVFP4 / vllm / disagg,False
minimax,MiniMax M2.7 NVFP4,disagg,minimax/nvidia/MiniMax-M2.7-NVFP4_gb300_auto_isl4000_osl1000_ttft2000_tpot30_344633/disagg/pareto.csv,nvidia/MiniMax-M2.7-NVFP4,4000,1000,0,92,12.59,,,112.712,6.728,6833.984,12.59,0.525,12590.2,524.592,148.624,24,,,,,,,,,,,,,,,,,,,vllm,,,0.0,524.592,1.0,1.0,1.0,4.0,4.0,23.0,15.97,0.595,1.0,1.0,1.0,1.0,1.0,tp1pp1dp1etp1ep1,nvfp4,fp8,bfloat16,nvfp4,half,125.349,vllm,0.19.0,gb300,1.0,1.0,1.0,1.0,1.0,tp1pp1dp1etp1ep1,nvfp4,fp8,bfloat16,nvfp4,half,126.303,vllm,0.19.0,gb300,0.0,0.0,0.0,,0.0,vllm,True,72,12590.2,37770.623999999996,37770.623999999996,524.592,524.592,148.624,MiniMax M2.7 NVFP4 / vllm / disagg,False
minimax,MiniMax M2.7 NVFP4,disagg,minimax/nvidia/MiniMax-M2.7-NVFP4_gb300_auto_isl4000_osl1000_ttft2000_tpot30_344633/disagg/pareto.csv,nvidia/MiniMax-M2.7-NVFP4,4000,1000,0,136,21.051,,,112.712,5.949,6055.763,21.051,0.292,21051.44,292.381,168.096,72,,,,,,,,,,,,,,,,,,,vllm,,,0.0,292.381,1.0,1.0,4.0,8.0,8.0,17.0,15.97,1.346,1.0,1.0,1.0,1.0,1.0,tp1pp1dp1etp1ep1,nvfp4,fp8,bfloat16,nvfp4,half,125.349,vllm,0.19.0,gb300,4.0,1.0,1.0,4.0,1.0,tp4pp1dp1etp4ep1,nvfp4,fp8,bfloat16,nvfp4,half,35.294,vllm,0.19.0,gb300,0.0,0.0,0.0,,0.0,vllm,True,72,21051.44,21051.431999999997,21051.431999999997,292.381,292.381,168.096,MiniMax M2.7 NVFP4 / vllm / disagg,False
minimax,MiniMax M2.7 NVFP4,disagg,minimax/nvidia/MiniMax-M2.7-NVFP4_gb300_auto_isl4000_osl1000_ttft2000_tpot30_344633/disagg/pareto.csv,nvidia/MiniMax-M2.7-NVFP4,4000,1000,0,62,10.353,,,112.712,5.522,5629.19,10.353,0.324,10352.76,323.524,181.085,32,,,,,,,,,,,,,,,,,,,vllm,,,0.0,287.5768888888889,1.0,1.0,1.0,2.0,2.0,31.0,15.97,0.363,1.0,1.0,1.0,1.0,1.0,tp1pp1dp1etp1ep1,nvfp4,fp8,bfloat16,nvfp4,half,125.349,vllm,0.19.0,gb300,1.0,1.0,1.0,1.0,1.0,tp1pp1dp1etp1ep1,nvfp4,fp8,bfloat16,nvfp4,half,125.12,vllm,0.19.0,gb300,0.0,0.0,0.0,,0.0,vllm,True,72,10352.76,20705.536,20705.536,287.5768888888889,287.5768888888889,181.085,MiniMax M2.7 NVFP4 / vllm / disagg,False
minimax,MiniMax M2.7 NVFP4,disagg,minimax/nvidia/MiniMax-M2.7-NVFP4_gb300_auto_isl4000_osl1000_ttft2000_tpot30_344633/disagg/pareto.csv,nvidia/MiniMax-M2.7-NVFP4,4000,1000,0,31,6.531,,,112.712,4.365,4473.347,6.531,0.204,6531.08,204.096,229.069,32,,,,,,,,,,,,,,,,,,,vllm,,,0.0,181.41866666666667,1.0,1.0,1.0,1.0,1.0,31.0,15.97,0.229,1.0,1.0,1.0,1.0,1.0,tp1pp1dp1etp1ep1,nvfp4,fp8,bfloat16,nvfp4,half,125.349,vllm,0.19.0,gb300,1.0,1.0,1.0,1.0,1.0,tp1pp1dp1etp1ep1,nvfp4,fp8,bfloat16,nvfp4,half,124.529,vllm,0.19.0,gb300,0.0,0.0,0.0,,0.0,vllm,True,72,6531.08,13062.144,13062.144,181.41866666666667,181.41866666666667,229.069,MiniMax M2.7 NVFP4 / vllm / disagg,False
