source_run,model_label,serving_mode,source_file,model,isl,osl,prefix,concurrency,request_rate,bs,global_bs,ttft,tpot,request_latency,seq/s,seq/s/gpu,tokens/s,tokens/s/gpu,tokens/s/user,num_total_gpus,tp,pp,dp,moe_tp,moe_ep,parallel,gemm,kvcache,fmha,moe,comm,memory,balance_score,num_ctx_reqs,num_gen_reqs,num_tokens,ctx_tokens,gen_tokens,backend,version,system,power_w,tokens/s/gpu_cluster,(p)bs,(p)global_bs,(p)workers,(d)bs,(d)global_bs,(d)workers,(p)seq/s/worker,(d)seq/s/worker,(p)tp,(p)pp,(p)dp,(p)moe_tp,(p)moe_ep,(p)parallel,(p)gemm,(p)kvcache,(p)fmha,(p)moe,(p)comm,(p)memory,(p)backend,(p)version,(p)system,(d)tp,(d)pp,(d)dp,(d)moe_tp,(d)moe_ep,(d)parallel,(d)gemm,(d)kvcache,(d)fmha,(d)moe,(d)comm,(d)memory,(d)backend,(d)version,(d)system,(e)workers,(e)tp,(e)pp,(e)parallel,(e)memory,backend_label,satisfies_sla,cluster_total_gpus,raw_candidate_tps,cluster_tps_8gpu,output_token_throughput_8gpu,per_gpu_throughput_8gpu,per_user_tps,plot_label,is_model_pareto_frontier
glm_sglang_059,GLM-5 NVFP4,agg,glm_sglang_059/nvidia/GLM-5-NVFP4_b300_sxm_sglang_isl4000_osl1000_ttft2000_tpot30_116646/agg/pareto.csv,nvidia/GLM-5-NVFP4,4000,1000,0,832,3.357,416.0,832.0,1986.265,247.106,248845.031,3.357,0.839,3353.455,838.364,4.047,4,2.0,1.0,2.0,1.0,4.0,tp2pp1dp2etp1ep4,nvfp4,fp8,bfloat16,nvfp4,half,226.735,0.416,1.0,415.0,4415.0,4000.0,415.0,sglang,0.5.9,b300_sxm,0.0,838.364,,,,,,,,,,,,,,,,,,,,,,,,,,,,,,,,,,,,,,,,,,,,sglang,False,8,3353.455,6706.912,6706.912,838.364,4.047,GLM-5 NVFP4 / sglang / agg,False
glm_sglang_059,GLM-5 NVFP4,agg,glm_sglang_059/nvidia/GLM-5-NVFP4_b300_sxm_sglang_isl4000_osl1000_ttft2000_tpot30_116646/agg/pareto.csv,nvidia/GLM-5-NVFP4,4000,1000,0,768,3.334,384.0,768.0,1971.016,229.591,231332.739,3.334,0.833,3330.277,832.569,4.356,4,2.0,1.0,2.0,1.0,4.0,tp2pp1dp2etp1ep4,nvfp4,fp8,bfloat16,nvfp4,half,217.739,0.384,1.0,383.0,4383.0,4000.0,383.0,sglang,0.5.9,b300_sxm,0.0,832.569,,,,,,,,,,,,,,,,,,,,,,,,,,,,,,,,,,,,,,,,,,,,sglang,False,8,3330.277,6660.552,6660.552,832.569,4.356,GLM-5 NVFP4 / sglang / agg,False
glm_sglang_059,GLM-5 NVFP4,agg,glm_sglang_059/nvidia/GLM-5-NVFP4_b300_sxm_sglang_isl4000_osl1000_ttft2000_tpot30_116646/agg/pareto.csv,nvidia/GLM-5-NVFP4,4000,1000,0,704,3.305,352.0,704.0,1955.65,212.191,213934.833,3.305,0.826,3301.525,825.381,4.713,4,2.0,1.0,2.0,1.0,4.0,tp2pp1dp2etp1ep4,nvfp4,fp8,bfloat16,nvfp4,half,208.743,0.352,1.0,351.0,4351.0,4000.0,351.0,sglang,0.5.9,b300_sxm,0.0,825.381,,,,,,,,,,,,,,,,,,,,,,,,,,,,,,,,,,,,,,,,,,,,sglang,False,8,3301.525,6603.048,6603.048,825.381,4.713,GLM-5 NVFP4 / sglang / agg,False
glm_sglang_059,GLM-5 NVFP4,agg,glm_sglang_059/nvidia/GLM-5-NVFP4_b300_sxm_sglang_isl4000_osl1000_ttft2000_tpot30_116646/agg/pareto.csv,nvidia/GLM-5-NVFP4,4000,1000,0,640,3.271,320.0,640.0,1940.457,194.806,196551.342,3.271,0.818,3267.432,816.858,5.133,4,2.0,1.0,2.0,1.0,4.0,tp2pp1dp2etp1ep4,nvfp4,fp8,bfloat16,nvfp4,half,199.747,0.32,1.0,319.0,4319.0,4000.0,319.0,sglang,0.5.9,b300_sxm,0.0,816.858,,,,,,,,,,,,,,,,,,,,,,,,,,,,,,,,,,,,,,,,,,,,sglang,False,8,3267.432,6534.864,6534.864,816.858,5.133,GLM-5 NVFP4 / sglang / agg,False
glm_sglang_059,GLM-5 NVFP4,agg,glm_sglang_059/nvidia/GLM-5-NVFP4_b300_sxm_sglang_isl4000_osl1000_ttft2000_tpot30_116646/agg/pareto.csv,nvidia/GLM-5-NVFP4,4000,1000,0,576,3.23,288.0,576.0,1925.263,177.422,179169.663,3.23,0.807,3226.674,806.668,5.636,4,2.0,1.0,2.0,1.0,4.0,tp2pp1dp2etp1ep4,nvfp4,fp8,bfloat16,nvfp4,half,190.751,0.288,1.0,287.0,4287.0,4000.0,287.0,sglang,0.5.9,b300_sxm,0.0,806.668,,,,,,,,,,,,,,,,,,,,,,,,,,,,,,,,,,,,,,,,,,,,sglang,False,8,3226.674,6453.344,6453.344,806.668,5.636,GLM-5 NVFP4 / sglang / agg,False
glm_sglang_059,GLM-5 NVFP4,agg,glm_sglang_059/nvidia/GLM-5-NVFP4_b300_sxm_sglang_isl4000_osl1000_ttft2000_tpot30_116646/agg/pareto.csv,nvidia/GLM-5-NVFP4,4000,1000,0,512,3.181,256.0,512.0,1910.029,160.012,161762.124,3.181,0.795,3177.643,794.411,6.25,4,2.0,1.0,2.0,1.0,4.0,tp2pp1dp2etp1ep4,nvfp4,fp8,bfloat16,nvfp4,half,181.756,0.256,1.0,255.0,4255.0,4000.0,255.0,sglang,0.5.9,b300_sxm,0.0,794.411,,,,,,,,,,,,,,,,,,,,,,,,,,,,,,,,,,,,,,,,,,,,sglang,False,8,3177.643,6355.288,6355.288,794.411,6.25,GLM-5 NVFP4 / sglang / agg,False
glm_sglang_059,GLM-5 NVFP4,agg,glm_sglang_059/nvidia/GLM-5-NVFP4_b300_sxm_sglang_isl4000_osl1000_ttft2000_tpot30_116646/agg/pareto.csv,nvidia/GLM-5-NVFP4,4000,1000,0,480,3.154,240.0,480.0,1901.789,151.191,152941.794,3.154,0.789,3151.337,787.834,6.614,4,2.0,1.0,2.0,1.0,4.0,tp2pp1dp2etp1ep4,nvfp4,fp8,bfloat16,nvfp4,half,177.258,0.24,1.0,239.0,4239.0,4000.0,239.0,sglang,0.5.9,b300_sxm,0.0,787.834,,,,,,,,,,,,,,,,,,,,,,,,,,,,,,,,,,,,,,,,,,,,sglang,False,8,3151.337,6302.672,6302.672,787.834,6.614,GLM-5 NVFP4 / sglang / agg,False
glm_sglang_059,GLM-5 NVFP4,agg,glm_sglang_059/nvidia/GLM-5-NVFP4_b300_sxm_sglang_isl4000_osl1000_ttft2000_tpot30_116646/agg/pareto.csv,nvidia/GLM-5-NVFP4,4000,1000,0,448,3.125,224.0,448.0,1893.548,142.373,144124.286,3.125,0.781,3121.741,780.435,7.024,4,2.0,1.0,2.0,1.0,4.0,tp2pp1dp2etp1ep4,nvfp4,fp8,bfloat16,nvfp4,half,172.76,0.224,1.0,223.0,4223.0,4000.0,223.0,sglang,0.5.9,b300_sxm,0.0,780.435,,,,,,,,,,,,,,,,,,,,,,,,,,,,,,,,,,,,,,,,,,,,sglang,False,8,3121.741,6243.48,6243.48,780.435,7.024,GLM-5 NVFP4 / sglang / agg,False
glm_sglang_059,GLM-5 NVFP4,agg,glm_sglang_059/nvidia/GLM-5-NVFP4_b300_sxm_sglang_isl4000_osl1000_ttft2000_tpot30_116646/agg/pareto.csv,nvidia/GLM-5-NVFP4,4000,1000,0,128,3.094,32.0,128.0,1882.995,39.85,41693.241,3.094,0.774,3091.09,772.772,25.094,4,1.0,1.0,4.0,1.0,4.0,tp1pp1dp4etp1ep4,nvfp4,fp8,bfloat16,nvfp4,half,122.583,0.032,1.0,31.0,4031.0,4000.0,31.0,sglang,0.5.9,b300_sxm,0.0,772.772,,,,,,,,,,,,,,,,,,,,,,,,,,,,,,,,,,,,,,,,,,,,sglang,False,8,3091.09,6182.176,6182.176,772.772,25.094,GLM-5 NVFP4 / sglang / agg,False
glm_sglang_059,GLM-5 NVFP4,agg,glm_sglang_059/nvidia/GLM-5-NVFP4_b300_sxm_sglang_isl4000_osl1000_ttft2000_tpot30_116646/agg/pareto.csv,nvidia/GLM-5-NVFP4,4000,1000,0,224,5.936,28.0,224.0,1991.746,36.007,37962.749,5.936,0.742,5929.801,741.225,27.772,8,1.0,1.0,8.0,1.0,8.0,tp1pp1dp8etp1ep8,nvfp4,fp8,bfloat16,nvfp4,half,72.097,0.028,1.0,27.0,4027.0,4000.0,27.0,sglang,0.5.9,b300_sxm,0.0,741.225,,,,,,,,,,,,,,,,,,,,,,,,,,,,,,,,,,,,,,,,,,,,sglang,False,8,5929.801,5929.8,5929.8,741.225,27.772,GLM-5 NVFP4 / sglang / agg,False
glm_sglang_059,GLM-5 NVFP4,agg,glm_sglang_059/nvidia/GLM-5-NVFP4_b300_sxm_sglang_isl4000_osl1000_ttft2000_tpot30_116646/agg/pareto.csv,nvidia/GLM-5-NVFP4,4000,1000,0,192,5.519,24.0,192.0,1867.303,33.052,34885.989,5.519,0.69,5513.423,689.178,30.256,8,1.0,1.0,8.0,1.0,8.0,tp1pp1dp8etp1ep8,nvfp4,fp8,bfloat16,nvfp4,half,70.97,0.024,1.0,23.0,4023.0,4000.0,23.0,sglang,0.5.9,b300_sxm,0.0,689.178,,,,,,,,,,,,,,,,,,,,,,,,,,,,,,,,,,,,,,,,,,,,sglang,False,8,5513.423,5513.424,5513.424,689.178,30.256,GLM-5 NVFP4 / sglang / agg,False
glm_sglang_059,GLM-5 NVFP4,agg,glm_sglang_059/nvidia/GLM-5-NVFP4_b300_sxm_sglang_isl4000_osl1000_ttft2000_tpot30_116646/agg/pareto.csv,nvidia/GLM-5-NVFP4,4000,1000,0,160,5.033,20.0,160.0,1743.106,30.046,31758.76,5.033,0.629,5027.931,628.491,33.283,8,1.0,1.0,8.0,1.0,8.0,tp1pp1dp8etp1ep8,nvfp4,fp8,bfloat16,nvfp4,half,69.843,0.02,1.0,19.0,4019.0,4000.0,19.0,sglang,0.5.9,b300_sxm,0.0,628.491,,,,,,,,,,,,,,,,,,,,,,,,,,,,,,,,,,,,,,,,,,,,sglang,False,8,5027.931,5027.928,5027.928,628.491,33.283,GLM-5 NVFP4 / sglang / agg,False
glm_sglang_059,GLM-5 NVFP4,agg,glm_sglang_059/nvidia/GLM-5-NVFP4_b300_sxm_sglang_isl4000_osl1000_ttft2000_tpot30_116646/agg/pareto.csv,nvidia/GLM-5-NVFP4,4000,1000,0,128,4.479,16.0,128.0,1619.286,26.826,28418.302,4.479,0.56,4474.41,559.301,37.277,8,1.0,1.0,8.0,1.0,8.0,tp1pp1dp8etp1ep8,nvfp4,fp8,bfloat16,nvfp4,half,68.716,0.016,1.0,15.0,4015.0,4000.0,15.0,sglang,0.5.9,b300_sxm,0.0,559.301,,,,,,,,,,,,,,,,,,,,,,,,,,,,,,,,,,,,,,,,,,,,sglang,True,8,4474.41,4474.408,4474.408,559.301,37.277,GLM-5 NVFP4 / sglang / agg,False
glm_sglang_059,GLM-5 NVFP4,agg,glm_sglang_059/nvidia/GLM-5-NVFP4_b300_sxm_sglang_isl4000_osl1000_ttft2000_tpot30_116646/agg/pareto.csv,nvidia/GLM-5-NVFP4,4000,1000,0,120,4.31,15.0,120.0,1588.462,26.086,27648.731,4.31,0.539,4305.889,538.236,38.334,8,1.0,1.0,8.0,1.0,8.0,tp1pp1dp8etp1ep8,nvfp4,fp8,bfloat16,nvfp4,half,68.434,0.015,1.0,14.0,4014.0,4000.0,14.0,sglang,0.5.9,b300_sxm,0.0,538.236,,,,,,,,,,,,,,,,,,,,,,,,,,,,,,,,,,,,,,,,,,,,sglang,True,8,4305.889,4305.888,4305.888,538.236,38.334,GLM-5 NVFP4 / sglang / agg,False
glm_sglang_059,GLM-5 NVFP4,agg,glm_sglang_059/nvidia/GLM-5-NVFP4_b300_sxm_sglang_isl4000_osl1000_ttft2000_tpot30_116646/agg/pareto.csv,nvidia/GLM-5-NVFP4,4000,1000,0,112,4.132,14.0,112.0,1557.648,25.347,26879.087,4.132,0.517,4128.21,516.026,39.453,8,1.0,1.0,8.0,1.0,8.0,tp1pp1dp8etp1ep8,nvfp4,fp8,bfloat16,nvfp4,half,68.153,0.014,1.0,13.0,4013.0,4000.0,13.0,sglang,0.5.9,b300_sxm,0.0,516.026,,,,,,,,,,,,,,,,,,,,,,,,,,,,,,,,,,,,,,,,,,,,sglang,True,8,4128.21,4128.208,4128.208,516.026,39.453,GLM-5 NVFP4 / sglang / agg,False
glm_sglang_059,GLM-5 NVFP4,agg,glm_sglang_059/nvidia/GLM-5-NVFP4_b300_sxm_sglang_isl4000_osl1000_ttft2000_tpot30_116646/agg/pareto.csv,nvidia/GLM-5-NVFP4,4000,1000,0,104,3.945,13.0,104.0,1526.845,24.607,26109.369,3.945,0.493,3940.601,492.575,40.639,8,1.0,1.0,8.0,1.0,8.0,tp1pp1dp8etp1ep8,nvfp4,fp8,bfloat16,nvfp4,half,67.871,0.013,1.0,12.0,4012.0,4000.0,12.0,sglang,0.5.9,b300_sxm,0.0,492.575,,,,,,,,,,,,,,,,,,,,,,,,,,,,,,,,,,,,,,,,,,,,sglang,True,8,3940.601,3940.6,3940.6,492.575,40.639,GLM-5 NVFP4 / sglang / agg,False
glm_sglang_059,GLM-5 NVFP4,agg,glm_sglang_059/nvidia/GLM-5-NVFP4_b300_sxm_sglang_isl4000_osl1000_ttft2000_tpot30_116646/agg/pareto.csv,nvidia/GLM-5-NVFP4,4000,1000,0,96,3.746,12.0,96.0,1496.053,23.867,25339.577,3.746,0.468,3742.202,467.775,41.898,8,1.0,1.0,8.0,1.0,8.0,tp1pp1dp8etp1ep8,nvfp4,fp8,bfloat16,nvfp4,half,67.589,0.012,1.0,11.0,4011.0,4000.0,11.0,sglang,0.5.9,b300_sxm,0.0,467.775,,,,,,,,,,,,,,,,,,,,,,,,,,,,,,,,,,,,,,,,,,,,sglang,True,8,3742.202,3742.2,3742.2,467.775,41.898,GLM-5 NVFP4 / sglang / agg,False
glm_sglang_059,GLM-5 NVFP4,agg,glm_sglang_059/nvidia/GLM-5-NVFP4_b300_sxm_sglang_isl4000_osl1000_ttft2000_tpot30_116646/agg/pareto.csv,nvidia/GLM-5-NVFP4,4000,1000,0,88,3.532,11.0,88.0,1465.27,23.155,24596.741,3.532,0.441,3528.229,441.029,43.188,8,1.0,1.0,8.0,1.0,8.0,tp1pp1dp8etp1ep8,nvfp4,fp8,bfloat16,nvfp4,half,67.308,0.011,1.0,10.0,4010.0,4000.0,10.0,sglang,0.5.9,b300_sxm,0.0,441.029,,,,,,,,,,,,,,,,,,,,,,,,,,,,,,,,,,,,,,,,,,,,sglang,True,8,3528.229,3528.232,3528.232,441.029,43.188,GLM-5 NVFP4 / sglang / agg,False
glm_sglang_059,GLM-5 NVFP4,agg,glm_sglang_059/nvidia/GLM-5-NVFP4_b300_sxm_sglang_isl4000_osl1000_ttft2000_tpot30_116646/agg/pareto.csv,nvidia/GLM-5-NVFP4,4000,1000,0,80,3.307,10.0,80.0,1434.499,22.425,23837.127,3.307,0.413,3303.974,412.997,44.593,8,1.0,1.0,8.0,1.0,8.0,tp1pp1dp8etp1ep8,nvfp4,fp8,bfloat16,nvfp4,half,67.026,0.01,1.0,9.0,4009.0,4000.0,9.0,sglang,0.5.9,b300_sxm,0.0,412.997,,,,,,,,,,,,,,,,,,,,,,,,,,,,,,,,,,,,,,,,,,,,sglang,True,8,3303.974,3303.976,3303.976,412.997,44.593,GLM-5 NVFP4 / sglang / agg,False
glm_sglang_059,GLM-5 NVFP4,agg,glm_sglang_059/nvidia/GLM-5-NVFP4_b300_sxm_sglang_isl4000_osl1000_ttft2000_tpot30_116646/agg/pareto.csv,nvidia/GLM-5-NVFP4,4000,1000,0,72,3.07,9.0,72.0,1403.737,21.69,23071.95,3.07,0.384,3066.534,383.317,46.104,8,1.0,1.0,8.0,1.0,8.0,tp1pp1dp8etp1ep8,nvfp4,fp8,bfloat16,nvfp4,half,66.744,0.009,1.0,8.0,4008.0,4000.0,8.0,sglang,0.5.9,b300_sxm,0.0,383.317,,,,,,,,,,,,,,,,,,,,,,,,,,,,,,,,,,,,,,,,,,,,sglang,True,8,3066.534,3066.536,3066.536,383.317,46.104,GLM-5 NVFP4 / sglang / agg,False
glm_sglang_059,GLM-5 NVFP4,agg,glm_sglang_059/nvidia/GLM-5-NVFP4_b300_sxm_sglang_isl4000_osl1000_ttft2000_tpot30_116646/agg/pareto.csv,nvidia/GLM-5-NVFP4,4000,1000,0,64,2.826,8.0,64.0,1372.702,20.883,22234.904,2.826,0.353,2822.694,352.837,47.886,8,1.0,1.0,8.0,1.0,8.0,tp1pp1dp8etp1ep8,nvfp4,fp8,bfloat16,nvfp4,half,66.462,0.008,1.0,7.0,4007.0,4000.0,7.0,sglang,0.5.9,b300_sxm,0.0,352.837,,,,,,,,,,,,,,,,,,,,,,,,,,,,,,,,,,,,,,,,,,,,sglang,True,8,2822.694,2822.696,2822.696,352.837,47.886,GLM-5 NVFP4 / sglang / agg,False
glm_sglang_059,GLM-5 NVFP4,agg,glm_sglang_059/nvidia/GLM-5-NVFP4_b300_sxm_sglang_isl4000_osl1000_ttft2000_tpot30_116646/agg/pareto.csv,nvidia/GLM-5-NVFP4,4000,1000,0,56,2.575,7.0,56.0,1341.69,19.981,21303.16,2.575,0.322,2572.01,321.501,50.046,8,1.0,1.0,8.0,1.0,8.0,tp1pp1dp8etp1ep8,nvfp4,fp8,bfloat16,nvfp4,half,66.181,0.007,1.0,6.0,4006.0,4000.0,6.0,sglang,0.5.9,b300_sxm,0.0,321.501,,,,,,,,,,,,,,,,,,,,,,,,,,,,,,,,,,,,,,,,,,,,sglang,True,8,2572.01,2572.008,2572.008,321.501,50.046,GLM-5 NVFP4 / sglang / agg,False
glm_sglang_059,GLM-5 NVFP4,agg,glm_sglang_059/nvidia/GLM-5-NVFP4_b300_sxm_sglang_isl4000_osl1000_ttft2000_tpot30_116646/agg/pareto.csv,nvidia/GLM-5-NVFP4,4000,1000,0,48,2.305,6.0,48.0,1310.7,19.051,20343.043,2.305,0.288,2302.824,287.853,52.49,8,1.0,1.0,8.0,1.0,8.0,tp1pp1dp8etp1ep8,nvfp4,fp8,bfloat16,nvfp4,half,65.899,0.006,1.0,5.0,4005.0,4000.0,5.0,sglang,0.5.9,b300_sxm,0.0,287.853,,,,,,,,,,,,,,,,,,,,,,,,,,,,,,,,,,,,,,,,,,,,sglang,True,8,2302.824,2302.824,2302.824,287.853,52.49,GLM-5 NVFP4 / sglang / agg,False
glm_sglang_059,GLM-5 NVFP4,agg,glm_sglang_059/nvidia/GLM-5-NVFP4_b300_sxm_sglang_isl4000_osl1000_ttft2000_tpot30_116646/agg/pareto.csv,nvidia/GLM-5-NVFP4,4000,1000,0,40,1.987,5.0,40.0,1279.734,18.353,19614.052,1.987,0.248,1985.511,248.189,54.488,8,1.0,1.0,8.0,1.0,8.0,tp1pp1dp8etp1ep8,nvfp4,fp8,bfloat16,nvfp4,half,65.617,0.005,1.0,4.0,4004.0,4000.0,4.0,sglang,0.5.9,b300_sxm,0.0,248.189,,,,,,,,,,,,,,,,,,,,,,,,,,,,,,,,,,,,,,,,,,,,sglang,True,8,1985.511,1985.512,1985.512,248.189,54.488,GLM-5 NVFP4 / sglang / agg,False
glm_sglang_059,GLM-5 NVFP4,agg,glm_sglang_059/nvidia/GLM-5-NVFP4_b300_sxm_sglang_isl4000_osl1000_ttft2000_tpot30_116646/agg/pareto.csv,nvidia/GLM-5-NVFP4,4000,1000,0,32,1.665,4.0,32.0,1249.088,17.448,18679.306,1.665,0.208,1662.986,207.873,57.314,8,1.0,1.0,8.0,1.0,8.0,tp1pp1dp8etp1ep8,nvfp4,fp8,bfloat16,nvfp4,half,65.335,0.004,1.0,3.0,4003.0,4000.0,3.0,sglang,0.5.9,b300_sxm,0.0,207.873,,,,,,,,,,,,,,,,,,,,,,,,,,,,,,,,,,,,,,,,,,,,sglang,True,8,1662.986,1662.984,1662.984,207.873,57.314,GLM-5 NVFP4 / sglang / agg,False
glm_sglang_059,GLM-5 NVFP4,agg,glm_sglang_059/nvidia/GLM-5-NVFP4_b300_sxm_sglang_isl4000_osl1000_ttft2000_tpot30_116646/agg/pareto.csv,nvidia/GLM-5-NVFP4,4000,1000,0,24,1.301,3.0,24.0,1290.211,17.197,18470.204,1.301,0.163,1299.3,162.413,58.149,8,1.0,1.0,8.0,2.0,4.0,tp1pp1dp8etp2ep4,nvfp4,fp8,bfloat16,nvfp4,half,68.424,0.003,1.0,2.0,4002.0,4000.0,2.0,sglang,0.5.9,b300_sxm,0.0,162.413,,,,,,,,,,,,,,,,,,,,,,,,,,,,,,,,,,,,,,,,,,,,sglang,True,8,1299.3,1299.304,1299.304,162.413,58.149,GLM-5 NVFP4 / sglang / agg,False
glm_sglang_059,GLM-5 NVFP4,agg,glm_sglang_059/nvidia/GLM-5-NVFP4_b300_sxm_sglang_isl4000_osl1000_ttft2000_tpot30_116646/agg/pareto.csv,nvidia/GLM-5-NVFP4,4000,1000,0,20,1.07,5.0,20.0,1584.109,17.148,18715.112,1.07,0.134,1068.566,133.571,58.315,8,2.0,1.0,4.0,2.0,4.0,tp2pp1dp4etp2ep4,nvfp4,fp8,bfloat16,nvfp4,half,68.082,0.002,2.0,3.0,8003.0,8000.0,3.0,sglang,0.5.9,b300_sxm,0.0,133.571,,,,,,,,,,,,,,,,,,,,,,,,,,,,,,,,,,,,,,,,,,,,sglang,True,8,1068.566,1068.568,1068.568,133.571,58.315,GLM-5 NVFP4 / sglang / agg,False
glm_sglang_059,GLM-5 NVFP4,agg,glm_sglang_059/nvidia/GLM-5-NVFP4_b300_sxm_sglang_isl4000_osl1000_ttft2000_tpot30_116646/agg/pareto.csv,nvidia/GLM-5-NVFP4,4000,1000,0,16,0.925,2.0,16.0,1256.798,16.675,17914.78,0.925,0.116,923.797,115.475,59.971,8,1.0,1.0,8.0,2.0,4.0,tp1pp1dp8etp2ep4,nvfp4,fp8,bfloat16,nvfp4,half,68.142,0.002,1.0,1.0,4001.0,4000.0,1.0,sglang,0.5.9,b300_sxm,0.0,115.475,,,,,,,,,,,,,,,,,,,,,,,,,,,,,,,,,,,,,,,,,,,,sglang,True,8,923.797,923.8,923.8,115.475,59.971,GLM-5 NVFP4 / sglang / agg,False
glm_sglang_059,GLM-5 NVFP4,agg,glm_sglang_059/nvidia/GLM-5-NVFP4_b300_sxm_sglang_isl4000_osl1000_ttft2000_tpot30_116646/agg/pareto.csv,nvidia/GLM-5-NVFP4,4000,1000,0,16,0.895,4.0,16.0,1011.049,16.452,17446.432,0.895,0.112,893.857,111.732,60.783,8,2.0,1.0,4.0,2.0,4.0,tp2pp1dp4etp2ep4,nvfp4,fp8,bfloat16,nvfp4,half,63.239,0.004,1.0,3.0,4003.0,4000.0,3.0,sglang,0.5.9,b300_sxm,0.0,111.732,,,,,,,,,,,,,,,,,,,,,,,,,,,,,,,,,,,,,,,,,,,,sglang,True,8,893.857,893.856,893.856,111.732,60.783,GLM-5 NVFP4 / sglang / agg,False
glm_sglang_059,GLM-5 NVFP4,agg,glm_sglang_059/nvidia/GLM-5-NVFP4_b300_sxm_sglang_isl4000_osl1000_ttft2000_tpot30_116646/agg/pareto.csv,nvidia/GLM-5-NVFP4,4000,1000,0,8,0.441,8.0,8.0,1212.071,16.401,17596.202,0.441,0.11,440.936,110.234,60.974,4,4.0,1.0,1.0,2.0,2.0,tp4pp1dp1etp2ep2,nvfp4,fp8,bfloat16,nvfp4,half,113.572,0.004,2.0,6.0,8006.0,8000.0,6.0,sglang,0.5.9,b300_sxm,0.0,110.234,,,,,,,,,,,,,,,,,,,,,,,,,,,,,,,,,,,,,,,,,,,,sglang,True,8,440.936,881.872,881.872,110.234,60.974,GLM-5 NVFP4 / sglang / agg,False
glm_sglang_059,GLM-5 NVFP4,agg,glm_sglang_059/nvidia/GLM-5-NVFP4_b300_sxm_sglang_isl4000_osl1000_ttft2000_tpot30_116646/agg/pareto.csv,nvidia/GLM-5-NVFP4,4000,1000,0,7,0.398,7.0,7.0,1211.654,15.882,17077.705,0.398,0.099,397.162,99.29,62.965,4,4.0,1.0,1.0,2.0,2.0,tp4pp1dp1etp2ep2,nvfp4,fp8,bfloat16,nvfp4,half,113.291,0.004,2.0,5.0,8005.0,8000.0,5.0,sglang,0.5.9,b300_sxm,0.0,99.29,,,,,,,,,,,,,,,,,,,,,,,,,,,,,,,,,,,,,,,,,,,,sglang,True,8,397.162,794.32,794.32,99.29,62.965,GLM-5 NVFP4 / sglang / agg,False
glm_sglang_059,GLM-5 NVFP4,agg,glm_sglang_059/nvidia/GLM-5-NVFP4_b300_sxm_sglang_isl4000_osl1000_ttft2000_tpot30_116646/agg/pareto.csv,nvidia/GLM-5-NVFP4,4000,1000,0,6,0.364,6.0,6.0,1181.694,15.334,16500.304,0.364,0.091,363.604,90.901,65.215,4,4.0,1.0,1.0,2.0,2.0,tp4pp1dp1etp2ep2,nvfp4,fp8,bfloat16,nvfp4,half,113.01,0.003,2.0,4.0,8004.0,8000.0,4.0,sglang,0.5.9,b300_sxm,0.0,90.901,,,,,,,,,,,,,,,,,,,,,,,,,,,,,,,,,,,,,,,,,,,,sglang,True,8,363.604,727.208,727.208,90.901,65.215,GLM-5 NVFP4 / sglang / agg,False
glm_sglang_059,GLM-5 NVFP4,agg,glm_sglang_059/nvidia/GLM-5-NVFP4_b300_sxm_sglang_isl4000_osl1000_ttft2000_tpot30_116646/agg/pareto.csv,nvidia/GLM-5-NVFP4,4000,1000,0,5,0.314,5.0,5.0,1181.688,14.789,15955.789,0.314,0.078,313.343,78.336,67.618,4,4.0,1.0,1.0,2.0,2.0,tp4pp1dp1etp2ep2,nvfp4,fp8,bfloat16,nvfp4,half,112.729,0.002,2.0,3.0,8003.0,8000.0,3.0,sglang,0.5.9,b300_sxm,0.0,78.336,,,,,,,,,,,,,,,,,,,,,,,,,,,,,,,,,,,,,,,,,,,,sglang,True,8,313.343,626.688,626.688,78.336,67.618,GLM-5 NVFP4 / sglang / agg,False
glm_sglang_059,GLM-5 NVFP4,agg,glm_sglang_059/nvidia/GLM-5-NVFP4_b300_sxm_sglang_isl4000_osl1000_ttft2000_tpot30_116646/agg/pareto.csv,nvidia/GLM-5-NVFP4,4000,1000,0,4,0.27,4.0,4.0,1152.14,14.216,15353.6,0.27,0.068,270.141,67.535,70.345,4,4.0,1.0,1.0,2.0,2.0,tp4pp1dp1etp2ep2,nvfp4,fp8,bfloat16,nvfp4,half,112.448,0.002,2.0,2.0,8002.0,8000.0,2.0,sglang,0.5.9,b300_sxm,0.0,67.535,,,,,,,,,,,,,,,,,,,,,,,,,,,,,,,,,,,,,,,,,,,,sglang,True,8,270.141,540.28,540.28,67.535,70.345,GLM-5 NVFP4 / sglang / agg,False
glm_sglang_059,GLM-5 NVFP4,agg,glm_sglang_059/nvidia/GLM-5-NVFP4_b300_sxm_sglang_isl4000_osl1000_ttft2000_tpot30_116646/agg/pareto.csv,nvidia/GLM-5-NVFP4,4000,1000,0,4,0.265,4.0,4.0,782.277,14.007,14775.233,0.265,0.066,264.465,66.116,71.393,4,4.0,1.0,1.0,2.0,2.0,tp4pp1dp1etp2ep2,nvfp4,fp8,bfloat16,nvfp4,half,109.852,0.004,1.0,3.0,4003.0,4000.0,3.0,sglang,0.5.9,b300_sxm,0.0,66.116,,,,,,,,,,,,,,,,,,,,,,,,,,,,,,,,,,,,,,,,,,,,sglang,True,8,264.465,528.928,528.928,66.116,71.393,GLM-5 NVFP4 / sglang / agg,False
glm_sglang_059,GLM-5 NVFP4,agg,glm_sglang_059/nvidia/GLM-5-NVFP4_b300_sxm_sglang_isl4000_osl1000_ttft2000_tpot30_116646/agg/pareto.csv,nvidia/GLM-5-NVFP4,4000,1000,0,3,0.21,3.0,3.0,763.196,13.547,14296.357,0.21,0.053,209.833,52.458,73.819,4,4.0,1.0,1.0,2.0,2.0,tp4pp1dp1etp2ep2,nvfp4,fp8,bfloat16,nvfp4,half,109.571,0.003,1.0,2.0,4002.0,4000.0,2.0,sglang,0.5.9,b300_sxm,0.0,52.458,,,,,,,,,,,,,,,,,,,,,,,,,,,,,,,,,,,,,,,,,,,,sglang,True,8,209.833,419.664,419.664,52.458,73.819,GLM-5 NVFP4 / sglang / agg,False
glm_sglang_059,GLM-5 NVFP4,agg,glm_sglang_059/nvidia/GLM-5-NVFP4_b300_sxm_sglang_isl4000_osl1000_ttft2000_tpot30_116646/agg/pareto.csv,nvidia/GLM-5-NVFP4,4000,1000,0,2,0.148,2.0,2.0,743.517,13.1,13830.405,0.148,0.037,148.35,37.087,76.336,4,4.0,1.0,1.0,2.0,2.0,tp4pp1dp1etp2ep2,nvfp4,fp8,bfloat16,nvfp4,half,109.29,0.002,1.0,1.0,4001.0,4000.0,1.0,sglang,0.5.9,b300_sxm,0.0,37.087,,,,,,,,,,,,,,,,,,,,,,,,,,,,,,,,,,,,,,,,,,,,sglang,True,8,148.35,296.696,296.696,37.087,76.336,GLM-5 NVFP4 / sglang / agg,False
glm_sglang_059,GLM-5 NVFP4,agg,glm_sglang_059/nvidia/GLM-5-NVFP4_b300_sxm_sglang_isl4000_osl1000_ttft2000_tpot30_116646/agg/pareto.csv,nvidia/GLM-5-NVFP4,4000,1000,0,1,0.083,1.0,1.0,709.819,11.72,12418.261,0.083,0.021,82.685,20.671,85.323,4,4.0,1.0,1.0,2.0,2.0,tp4pp1dp1etp2ep2,nvfp4,fp8,bfloat16,nvfp4,half,109.009,0.001,1.0,1.0,4000.0,4000.0,1.0,sglang,0.5.9,b300_sxm,0.0,20.671,,,,,,,,,,,,,,,,,,,,,,,,,,,,,,,,,,,,,,,,,,,,sglang,True,8,82.685,165.368,165.368,20.671,85.323,GLM-5 NVFP4 / sglang / agg,False
glm_sglang_059,GLM-5 NVFP4,disagg,glm_sglang_059/nvidia/GLM-5-NVFP4_b300_sxm_sglang_isl4000_osl1000_ttft2000_tpot30_116646/disagg/pareto.csv,nvidia/GLM-5-NVFP4,4000,1000,0,432,6.522,,,1014.736,61.004,61957.732,6.522,0.815,6521.88,815.235,16.392,8,,,,,,,,,,,,,,,,,,,,,,0.0,815.235,1.0,2.0,3.0,216.0,432.0,1.0,3.548,7.089,1.0,1.0,2.0,1.0,2.0,tp1pp1dp2etp1ep2,nvfp4,fp8,bfloat16,nvfp4,half,212.512,sglang,0.5.9,b300_sxm,1.0,1.0,2.0,1.0,2.0,tp1pp1dp2etp1ep2,nvfp4,fp8,bfloat16,nvfp4,half,267.808,sglang,0.5.9,b300_sxm,0.0,0.0,0.0,,0.0,sglang,False,8,6521.88,6521.88,6521.88,815.235,16.392,GLM-5 NVFP4 / sglang / disagg,False
glm_sglang_059,GLM-5 NVFP4,disagg,glm_sglang_059/nvidia/GLM-5-NVFP4_b300_sxm_sglang_isl4000_osl1000_ttft2000_tpot30_116646/disagg/pareto.csv,nvidia/GLM-5-NVFP4,4000,1000,0,416,6.388,,,1014.736,59.975,60929.761,6.388,0.798,6387.56,798.445,16.674,8,,,,,,,,,,,,,,,,,,,,,,0.0,798.445,1.0,2.0,3.0,208.0,416.0,1.0,3.548,6.943,1.0,1.0,2.0,1.0,2.0,tp1pp1dp2etp1ep2,nvfp4,fp8,bfloat16,nvfp4,half,212.512,sglang,0.5.9,b300_sxm,1.0,1.0,2.0,1.0,2.0,tp1pp1dp2etp1ep2,nvfp4,fp8,bfloat16,nvfp4,half,265.555,sglang,0.5.9,b300_sxm,0.0,0.0,0.0,,0.0,sglang,False,8,6387.56,6387.56,6387.56,798.445,16.674,GLM-5 NVFP4 / sglang / disagg,False
glm_sglang_059,GLM-5 NVFP4,disagg,glm_sglang_059/nvidia/GLM-5-NVFP4_b300_sxm_sglang_isl4000_osl1000_ttft2000_tpot30_116646/disagg/pareto.csv,nvidia/GLM-5-NVFP4,4000,1000,0,304,6.386,,,1014.736,34.362,35342.374,6.386,0.798,6386.4,798.3,29.102,8,,,,,,,,,,,,,,,,,,,,,,0.0,798.3,1.0,2.0,2.0,76.0,304.0,1.0,3.548,8.856,1.0,1.0,2.0,1.0,2.0,tp1pp1dp2etp1ep2,nvfp4,fp8,bfloat16,nvfp4,half,212.512,sglang,0.5.9,b300_sxm,1.0,1.0,4.0,1.0,4.0,tp1pp1dp4etp1ep4,nvfp4,fp8,bfloat16,nvfp4,half,129.747,sglang,0.5.9,b300_sxm,0.0,0.0,0.0,,0.0,sglang,False,8,6386.4,6386.4,6386.4,798.3,29.102,GLM-5 NVFP4 / sglang / disagg,False
glm_sglang_059,GLM-5 NVFP4,disagg,glm_sglang_059/nvidia/GLM-5-NVFP4_b300_sxm_sglang_isl4000_osl1000_ttft2000_tpot30_116646/disagg/pareto.csv,nvidia/GLM-5-NVFP4,4000,1000,0,192,5.996,,,1014.736,29.489,30474.247,5.996,0.749,5995.64,749.455,33.911,8,,,,,,,,,,,,,,,,,,,,,,0.0,749.455,1.0,2.0,2.0,48.0,192.0,1.0,3.548,6.517,1.0,1.0,2.0,1.0,2.0,tp1pp1dp2etp1ep2,nvfp4,fp8,bfloat16,nvfp4,half,212.512,sglang,0.5.9,b300_sxm,1.0,1.0,4.0,1.0,4.0,tp1pp1dp4etp1ep4,nvfp4,fp8,bfloat16,nvfp4,half,121.896,sglang,0.5.9,b300_sxm,0.0,0.0,0.0,,0.0,sglang,True,8,5995.64,5995.64,5995.64,749.455,33.911,GLM-5 NVFP4 / sglang / disagg,False
glm_sglang_059,GLM-5 NVFP4,disagg,glm_sglang_059/nvidia/GLM-5-NVFP4_b300_sxm_sglang_isl4000_osl1000_ttft2000_tpot30_116646/disagg/pareto.csv,nvidia/GLM-5-NVFP4,4000,1000,0,176,5.504,,,1014.736,29.446,30431.29,5.504,0.688,5504.36,688.045,33.96,8,,,,,,,,,,,,,,,,,,,,,,0.0,688.045,1.0,2.0,2.0,44.0,176.0,1.0,3.548,5.983,1.0,1.0,2.0,1.0,2.0,tp1pp1dp2etp1ep2,nvfp4,fp8,bfloat16,nvfp4,half,212.512,sglang,0.5.9,b300_sxm,1.0,1.0,4.0,2.0,2.0,tp1pp1dp4etp2ep2,nvfp4,fp8,bfloat16,nvfp4,half,120.775,sglang,0.5.9,b300_sxm,0.0,0.0,0.0,,0.0,sglang,True,8,5504.36,5504.36,5504.36,688.045,33.96,GLM-5 NVFP4 / sglang / disagg,False
glm_sglang_059,GLM-5 NVFP4,disagg,glm_sglang_059/nvidia/GLM-5-NVFP4_b300_sxm_sglang_isl4000_osl1000_ttft2000_tpot30_116646/disagg/pareto.csv,nvidia/GLM-5-NVFP4,4000,1000,0,88,3.277,,,1014.736,24.731,25721.005,3.277,0.41,3277.04,409.63,40.435,8,,,,,,,,,,,,,,,,,,,,,,0.0,409.63,1.0,2.0,2.0,22.0,88.0,1.0,3.548,3.562,1.0,1.0,2.0,1.0,2.0,tp1pp1dp2etp1ep2,nvfp4,fp8,bfloat16,nvfp4,half,212.512,sglang,0.5.9,b300_sxm,1.0,1.0,4.0,1.0,4.0,tp1pp1dp4etp1ep4,nvfp4,fp8,bfloat16,nvfp4,half,114.606,sglang,0.5.9,b300_sxm,0.0,0.0,0.0,,0.0,sglang,True,8,3277.04,3277.04,3277.04,409.63,40.435,GLM-5 NVFP4 / sglang / disagg,False
glm_sglang_059,GLM-5 NVFP4,disagg,glm_sglang_059/nvidia/GLM-5-NVFP4_b300_sxm_sglang_isl4000_osl1000_ttft2000_tpot30_116646/disagg/pareto.csv,nvidia/GLM-5-NVFP4,4000,1000,0,18,0.839,,,855.484,19.767,20602.717,0.839,0.105,839.04,104.88,50.59,8,,,,,,,,,,,,,,,,,,,,,,0.0,104.88,1.0,1.0,1.0,6.0,6.0,3.0,2.104,0.304,2.0,1.0,1.0,1.0,2.0,tp2pp1dp1etp1ep2,nvfp4,fp8,bfloat16,nvfp4,half,208.732,sglang,0.5.9,b300_sxm,2.0,1.0,1.0,2.0,1.0,tp2pp1dp1etp2ep1,nvfp4,fp8,bfloat16,nvfp4,half,207.514,sglang,0.5.9,b300_sxm,0.0,0.0,0.0,,0.0,sglang,True,8,839.04,839.04,839.04,104.88,50.59,GLM-5 NVFP4 / sglang / disagg,False
glm_sglang_059,GLM-5 NVFP4,disagg,glm_sglang_059/nvidia/GLM-5-NVFP4_b300_sxm_sglang_isl4000_osl1000_ttft2000_tpot30_116646/disagg/pareto.csv,nvidia/GLM-5-NVFP4,4000,1000,0,16,0.77,,,718.196,19.142,19841.054,0.77,0.096,770.04,96.255,52.241,8,,,,,,,,,,,,,,,,,,,,,,0.0,96.255,1.0,1.0,1.0,16.0,16.0,1.0,2.506,0.837,4.0,1.0,1.0,1.0,4.0,tp4pp1dp1etp1ep4,nvfp4,fp8,bfloat16,nvfp4,half,108.11,sglang,0.5.9,b300_sxm,4.0,1.0,1.0,2.0,2.0,tp4pp1dp1etp2ep2,nvfp4,fp8,bfloat16,nvfp4,half,110.82,sglang,0.5.9,b300_sxm,0.0,0.0,0.0,,0.0,sglang,True,8,770.04,770.04,770.04,96.255,52.241,GLM-5 NVFP4 / sglang / disagg,False
glm_sglang_059,GLM-5 NVFP4,disagg,glm_sglang_059/nvidia/GLM-5-NVFP4_b300_sxm_sglang_isl4000_osl1000_ttft2000_tpot30_116646/disagg/pareto.csv,nvidia/GLM-5-NVFP4,4000,1000,0,15,0.734,,,855.484,18.835,19671.649,0.734,0.092,734.16,91.77,53.091,8,,,,,,,,,,,,,,,,,,,,,,0.0,91.77,1.0,1.0,1.0,5.0,5.0,3.0,2.104,0.266,2.0,1.0,1.0,1.0,2.0,tp2pp1dp1etp1ep2,nvfp4,fp8,bfloat16,nvfp4,half,208.732,sglang,0.5.9,b300_sxm,2.0,1.0,1.0,2.0,1.0,tp2pp1dp1etp2ep1,nvfp4,fp8,bfloat16,nvfp4,half,207.234,sglang,0.5.9,b300_sxm,0.0,0.0,0.0,,0.0,sglang,True,8,734.16,734.16,734.16,91.77,53.091,GLM-5 NVFP4 / sglang / disagg,False
glm_sglang_059,GLM-5 NVFP4,disagg,glm_sglang_059/nvidia/GLM-5-NVFP4_b300_sxm_sglang_isl4000_osl1000_ttft2000_tpot30_116646/disagg/pareto.csv,nvidia/GLM-5-NVFP4,4000,1000,0,13,0.637,,,718.196,18.796,19495.4,0.637,0.08,636.64,79.58,53.203,8,,,,,,,,,,,,,,,,,,,,,,0.0,79.58,1.0,1.0,1.0,13.0,13.0,1.0,2.506,0.692,4.0,1.0,1.0,1.0,4.0,tp4pp1dp1etp1ep4,nvfp4,fp8,bfloat16,nvfp4,half,108.11,sglang,0.5.9,b300_sxm,4.0,1.0,1.0,4.0,1.0,tp4pp1dp1etp4ep1,nvfp4,fp8,bfloat16,nvfp4,half,109.979,sglang,0.5.9,b300_sxm,0.0,0.0,0.0,,0.0,sglang,True,8,636.64,636.64,636.64,79.58,53.203,GLM-5 NVFP4 / sglang / disagg,False
glm_sglang_059,GLM-5 NVFP4,disagg,glm_sglang_059/nvidia/GLM-5-NVFP4_b300_sxm_sglang_isl4000_osl1000_ttft2000_tpot30_116646/disagg/pareto.csv,nvidia/GLM-5-NVFP4,4000,1000,0,12,0.618,,,855.484,17.869,18706.615,0.618,0.077,618.24,77.28,55.964,8,,,,,,,,,,,,,,,,,,,,,,0.0,77.28,1.0,1.0,1.0,4.0,4.0,3.0,2.104,0.224,2.0,1.0,1.0,1.0,2.0,tp2pp1dp1etp1ep2,nvfp4,fp8,bfloat16,nvfp4,half,208.732,sglang,0.5.9,b300_sxm,2.0,1.0,1.0,2.0,1.0,tp2pp1dp1etp2ep1,nvfp4,fp8,bfloat16,nvfp4,half,206.954,sglang,0.5.9,b300_sxm,0.0,0.0,0.0,,0.0,sglang,True,8,618.24,618.24,618.24,77.28,55.964,GLM-5 NVFP4 / sglang / disagg,False
glm_sglang_059,GLM-5 NVFP4,disagg,glm_sglang_059/nvidia/GLM-5-NVFP4_b300_sxm_sglang_isl4000_osl1000_ttft2000_tpot30_116646/disagg/pareto.csv,nvidia/GLM-5-NVFP4,4000,1000,0,11,0.57,,,718.196,17.757,18457.439,0.57,0.071,570.4,71.3,56.317,8,,,,,,,,,,,,,,,,,,,,,,0.0,71.3,1.0,1.0,1.0,11.0,11.0,1.0,2.506,0.62,4.0,1.0,1.0,1.0,4.0,tp4pp1dp1etp1ep4,nvfp4,fp8,bfloat16,nvfp4,half,108.11,sglang,0.5.9,b300_sxm,4.0,1.0,1.0,2.0,2.0,tp4pp1dp1etp2ep2,nvfp4,fp8,bfloat16,nvfp4,half,109.418,sglang,0.5.9,b300_sxm,0.0,0.0,0.0,,0.0,sglang,True,8,570.4,570.4,570.4,71.3,56.317,GLM-5 NVFP4 / sglang / disagg,False
glm_sglang_059,GLM-5 NVFP4,disagg,glm_sglang_059/nvidia/GLM-5-NVFP4_b300_sxm_sglang_isl4000_osl1000_ttft2000_tpot30_116646/disagg/pareto.csv,nvidia/GLM-5-NVFP4,4000,1000,0,9,0.494,,,855.484,16.755,17593.729,0.494,0.062,494.04,61.755,59.685,8,,,,,,,,,,,,,,,,,,,,,,0.0,61.755,1.0,1.0,1.0,3.0,3.0,3.0,2.104,0.179,2.0,1.0,1.0,1.0,2.0,tp2pp1dp1etp1ep2,nvfp4,fp8,bfloat16,nvfp4,half,208.732,sglang,0.5.9,b300_sxm,2.0,1.0,1.0,2.0,1.0,tp2pp1dp1etp2ep1,nvfp4,fp8,bfloat16,nvfp4,half,206.673,sglang,0.5.9,b300_sxm,0.0,0.0,0.0,,0.0,sglang,True,8,494.04,494.04,494.04,61.755,59.685,GLM-5 NVFP4 / sglang / disagg,False
glm_sglang_059,GLM-5 NVFP4,disagg,glm_sglang_059/nvidia/GLM-5-NVFP4_b300_sxm_sglang_isl4000_osl1000_ttft2000_tpot30_116646/disagg/pareto.csv,nvidia/GLM-5-NVFP4,4000,1000,0,7,0.39,,,718.196,16.528,17229.668,0.39,0.049,390.08,48.76,60.504,8,,,,,,,,,,,,,,,,,,,,,,0.0,48.76,1.0,1.0,1.0,7.0,7.0,1.0,2.506,0.424,4.0,1.0,1.0,1.0,4.0,tp4pp1dp1etp1ep4,nvfp4,fp8,bfloat16,nvfp4,half,108.11,sglang,0.5.9,b300_sxm,4.0,1.0,1.0,2.0,2.0,tp4pp1dp1etp2ep2,nvfp4,fp8,bfloat16,nvfp4,half,108.296,sglang,0.5.9,b300_sxm,0.0,0.0,0.0,,0.0,sglang,True,8,390.08,390.08,390.08,48.76,60.504,GLM-5 NVFP4 / sglang / disagg,False
glm_sglang_059,GLM-5 NVFP4,disagg,glm_sglang_059/nvidia/GLM-5-NVFP4_b300_sxm_sglang_isl4000_osl1000_ttft2000_tpot30_116646/disagg/pareto.csv,nvidia/GLM-5-NVFP4,4000,1000,0,6,0.353,,,855.484,15.674,16513.81,0.353,0.044,353.28,44.16,63.802,8,,,,,,,,,,,,,,,,,,,,,,0.0,44.16,1.0,1.0,1.0,2.0,2.0,3.0,2.104,0.128,2.0,1.0,1.0,1.0,2.0,tp2pp1dp1etp1ep2,nvfp4,fp8,bfloat16,nvfp4,half,208.732,sglang,0.5.9,b300_sxm,2.0,1.0,1.0,2.0,1.0,tp2pp1dp1etp2ep1,nvfp4,fp8,bfloat16,nvfp4,half,206.393,sglang,0.5.9,b300_sxm,0.0,0.0,0.0,,0.0,sglang,True,8,353.28,353.28,353.28,44.16,63.802,GLM-5 NVFP4 / sglang / disagg,False
glm_sglang_059,GLM-5 NVFP4,disagg,glm_sglang_059/nvidia/GLM-5-NVFP4_b300_sxm_sglang_isl4000_osl1000_ttft2000_tpot30_116646/disagg/pareto.csv,nvidia/GLM-5-NVFP4,4000,1000,0,4,0.25,,,718.196,14.728,15431.468,0.25,0.031,250.24,31.28,67.897,8,,,,,,,,,,,,,,,,,,,,,,0.0,31.28,1.0,1.0,1.0,4.0,4.0,1.0,2.506,0.272,4.0,1.0,1.0,1.0,4.0,tp4pp1dp1etp1ep4,nvfp4,fp8,bfloat16,nvfp4,half,108.11,sglang,0.5.9,b300_sxm,4.0,1.0,1.0,2.0,2.0,tp4pp1dp1etp2ep2,nvfp4,fp8,bfloat16,nvfp4,half,107.455,sglang,0.5.9,b300_sxm,0.0,0.0,0.0,,0.0,sglang,True,8,250.24,250.24,250.24,31.28,67.897,GLM-5 NVFP4 / sglang / disagg,False
glm_sglang_059,GLM-5 NVFP4,disagg,glm_sglang_059/nvidia/GLM-5-NVFP4_b300_sxm_sglang_isl4000_osl1000_ttft2000_tpot30_116646/disagg/pareto.csv,nvidia/GLM-5-NVFP4,4000,1000,0,3,0.193,,,855.484,14.252,15093.232,0.193,0.024,193.2,24.15,70.167,8,,,,,,,,,,,,,,,,,,,,,,0.0,24.15,1.0,1.0,1.0,1.0,1.0,3.0,2.104,0.07,2.0,1.0,1.0,1.0,2.0,tp2pp1dp1etp1ep2,nvfp4,fp8,bfloat16,nvfp4,half,208.732,sglang,0.5.9,b300_sxm,2.0,1.0,1.0,2.0,1.0,tp2pp1dp1etp2ep1,nvfp4,fp8,bfloat16,nvfp4,half,206.112,sglang,0.5.9,b300_sxm,0.0,0.0,0.0,,0.0,sglang,True,8,193.2,193.2,193.2,24.15,70.167,GLM-5 NVFP4 / sglang / disagg,False
glm_sglang_059,GLM-5 NVFP4,disagg,glm_sglang_059/nvidia/GLM-5-NVFP4_b300_sxm_sglang_isl4000_osl1000_ttft2000_tpot30_116646/disagg/pareto.csv,nvidia/GLM-5-NVFP4,4000,1000,0,2,0.134,,,718.196,13.749,14453.447,0.134,0.017,134.32,16.79,72.733,8,,,,,,,,,,,,,,,,,,,,,,0.0,16.79,1.0,1.0,1.0,2.0,2.0,1.0,2.506,0.146,4.0,1.0,1.0,1.0,4.0,tp4pp1dp1etp1ep4,nvfp4,fp8,bfloat16,nvfp4,half,108.11,sglang,0.5.9,b300_sxm,4.0,1.0,1.0,2.0,2.0,tp4pp1dp1etp2ep2,nvfp4,fp8,bfloat16,nvfp4,half,106.894,sglang,0.5.9,b300_sxm,0.0,0.0,0.0,,0.0,sglang,True,8,134.32,134.32,134.32,16.79,72.733,GLM-5 NVFP4 / sglang / disagg,False
glm_sglang_059,GLM-5 NVFP4,disagg,glm_sglang_059/nvidia/GLM-5-NVFP4_b300_sxm_sglang_isl4000_osl1000_ttft2000_tpot30_116646/disagg/pareto.csv,nvidia/GLM-5-NVFP4,4000,1000,0,1,0.073,,,718.196,12.657,13362.539,0.073,0.009,72.68,9.085,79.006,8,,,,,,,,,,,,,,,,,,,,,,0.0,9.085,1.0,1.0,1.0,1.0,1.0,1.0,2.506,0.079,4.0,1.0,1.0,1.0,4.0,tp4pp1dp1etp1ep4,nvfp4,fp8,bfloat16,nvfp4,half,108.11,sglang,0.5.9,b300_sxm,4.0,1.0,1.0,2.0,2.0,tp4pp1dp1etp2ep2,nvfp4,fp8,bfloat16,nvfp4,half,106.614,sglang,0.5.9,b300_sxm,0.0,0.0,0.0,,0.0,sglang,True,8,72.68,72.68,72.68,9.085,79.006,GLM-5 NVFP4 / sglang / disagg,False
glm_trtllm,GLM-5 NVFP4,agg,glm_trtllm/nvidia/GLM-5-NVFP4_b300_sxm_trtllm_isl4000_osl1000_ttft2000_tpot30_509875/agg/pareto.csv,nvidia/GLM-5-NVFP4,4000,1000,0,352,2.865,176.0,352.0,1913.013,121.782,123572.815,2.865,1.433,2862.394,1431.197,8.211,2,1.0,1.0,2.0,1.0,2.0,tp1pp1dp2etp1ep2,nvfp4,fp8,bfloat16,nvfp4,half,262.354,0.176,1.0,175.0,4175.0,4000.0,175.0,trtllm,1.3.0rc10,b300_sxm,0.0,1431.197,,,,,,,,,,,,,,,,,,,,,,,,,,,,,,,,,,,,,,,,,,,,trtllm,False,8,2862.394,11449.576,11449.576,1431.197,8.211,GLM-5 NVFP4 / trtllm / agg,False
glm_trtllm,GLM-5 NVFP4,agg,glm_trtllm/nvidia/GLM-5-NVFP4_b300_sxm_trtllm_isl4000_osl1000_ttft2000_tpot30_509875/agg/pareto.csv,nvidia/GLM-5-NVFP4,4000,1000,0,320,2.812,160.0,320.0,1905.116,112.721,114513.714,2.812,1.406,2808.843,1404.421,8.871,2,1.0,1.0,2.0,1.0,2.0,tp1pp1dp2etp1ep2,nvfp4,fp8,bfloat16,nvfp4,half,257.868,0.16,1.0,159.0,4159.0,4000.0,159.0,trtllm,1.3.0rc10,b300_sxm,0.0,1404.421,,,,,,,,,,,,,,,,,,,,,,,,,,,,,,,,,,,,,,,,,,,,trtllm,False,8,2808.843,11235.368,11235.368,1404.421,8.871,GLM-5 NVFP4 / trtllm / agg,False
glm_trtllm,GLM-5 NVFP4,agg,glm_trtllm/nvidia/GLM-5-NVFP4_b300_sxm_trtllm_isl4000_osl1000_ttft2000_tpot30_509875/agg/pareto.csv,nvidia/GLM-5-NVFP4,4000,1000,0,288,2.749,144.0,288.0,1897.218,103.645,105438.543,2.749,1.375,2746.472,1373.236,9.648,2,1.0,1.0,2.0,1.0,2.0,tp1pp1dp2etp1ep2,nvfp4,fp8,bfloat16,nvfp4,half,253.381,0.144,1.0,143.0,4143.0,4000.0,143.0,trtllm,1.3.0rc10,b300_sxm,0.0,1373.236,,,,,,,,,,,,,,,,,,,,,,,,,,,,,,,,,,,,,,,,,,,,trtllm,False,8,2746.472,10985.888,10985.888,1373.236,9.648,GLM-5 NVFP4 / trtllm / agg,False
glm_trtllm,GLM-5 NVFP4,agg,glm_trtllm/nvidia/GLM-5-NVFP4_b300_sxm_trtllm_isl4000_osl1000_ttft2000_tpot30_509875/agg/pareto.csv,nvidia/GLM-5-NVFP4,4000,1000,0,512,5.381,128.0,512.0,1999.848,93.924,95829.637,5.381,1.345,5376.058,1344.015,10.647,4,1.0,1.0,4.0,1.0,4.0,tp1pp1dp4etp1ep4,nvfp4,fp8,bfloat16,nvfp4,half,150.176,0.128,1.0,127.0,4127.0,4000.0,127.0,trtllm,1.3.0rc10,b300_sxm,0.0,1344.015,,,,,,,,,,,,,,,,,,,,,,,,,,,,,,,,,,,,,,,,,,,,trtllm,False,8,5376.058,10752.12,10752.12,1344.015,10.647,GLM-5 NVFP4 / trtllm / agg,False
glm_trtllm,GLM-5 NVFP4,agg,glm_trtllm/nvidia/GLM-5-NVFP4_b300_sxm_trtllm_isl4000_osl1000_ttft2000_tpot30_509875/agg/pareto.csv,nvidia/GLM-5-NVFP4,4000,1000,0,448,5.229,112.0,448.0,1991.992,84.441,86348.729,5.229,1.307,5223.417,1305.854,11.843,4,1.0,1.0,4.0,1.0,4.0,tp1pp1dp4etp1ep4,nvfp4,fp8,bfloat16,nvfp4,half,145.69,0.112,1.0,111.0,4111.0,4000.0,111.0,trtllm,1.3.0rc10,b300_sxm,0.0,1305.854,,,,,,,,,,,,,,,,,,,,,,,,,,,,,,,,,,,,,,,,,,,,trtllm,False,8,5223.417,10446.832,10446.832,1305.854,11.843,GLM-5 NVFP4 / trtllm / agg,False
glm_trtllm,GLM-5 NVFP4,agg,glm_trtllm/nvidia/GLM-5-NVFP4_b300_sxm_trtllm_isl4000_osl1000_ttft2000_tpot30_509875/agg/pareto.csv,nvidia/GLM-5-NVFP4,4000,1000,0,384,5.035,96.0,384.0,1984.83,74.997,76907.004,5.035,1.259,5030.317,1257.579,13.334,4,1.0,1.0,4.0,1.0,4.0,tp1pp1dp4etp1ep4,nvfp4,fp8,bfloat16,nvfp4,half,141.203,0.096,1.0,95.0,4095.0,4000.0,95.0,trtllm,1.3.0rc10,b300_sxm,0.0,1257.579,,,,,,,,,,,,,,,,,,,,,,,,,,,,,,,,,,,,,,,,,,,,trtllm,False,8,5030.317,10060.632,10060.632,1257.579,13.334,GLM-5 NVFP4 / trtllm / agg,False
glm_trtllm,GLM-5 NVFP4,agg,glm_trtllm/nvidia/GLM-5-NVFP4_b300_sxm_trtllm_isl4000_osl1000_ttft2000_tpot30_509875/agg/pareto.csv,nvidia/GLM-5-NVFP4,4000,1000,0,320,4.787,80.0,320.0,1977.112,65.567,67478.862,4.787,1.197,4781.803,1195.451,15.252,4,1.0,1.0,4.0,1.0,4.0,tp1pp1dp4etp1ep4,nvfp4,fp8,bfloat16,nvfp4,half,136.717,0.08,1.0,79.0,4079.0,4000.0,79.0,trtllm,1.3.0rc10,b300_sxm,0.0,1195.451,,,,,,,,,,,,,,,,,,,,,,,,,,,,,,,,,,,,,,,,,,,,trtllm,False,8,4781.803,9563.608,9563.608,1195.451,15.252,GLM-5 NVFP4 / trtllm / agg,False
glm_trtllm,GLM-5 NVFP4,agg,glm_trtllm/nvidia/GLM-5-NVFP4_b300_sxm_trtllm_isl4000_osl1000_ttft2000_tpot30_509875/agg/pareto.csv,nvidia/GLM-5-NVFP4,4000,1000,0,256,4.484,64.0,256.0,1969.375,55.777,57690.172,4.484,1.121,4479.956,1119.989,17.929,4,1.0,1.0,4.0,1.0,4.0,tp1pp1dp4etp1ep4,nvfp4,fp8,bfloat16,nvfp4,half,132.23,0.064,1.0,63.0,4063.0,4000.0,63.0,trtllm,1.3.0rc10,b300_sxm,0.0,1119.989,,,,,,,,,,,,,,,,,,,,,,,,,,,,,,,,,,,,,,,,,,,,trtllm,False,8,4479.956,8959.912,8959.912,1119.989,17.929,GLM-5 NVFP4 / trtllm / agg,False
glm_trtllm,GLM-5 NVFP4,agg,glm_trtllm/nvidia/GLM-5-NVFP4_b300_sxm_trtllm_isl4000_osl1000_ttft2000_tpot30_509875/agg/pareto.csv,nvidia/GLM-5-NVFP4,4000,1000,0,224,4.31,56.0,224.0,1965.363,50.656,52570.447,4.31,1.077,4305.223,1076.306,19.741,4,1.0,1.0,4.0,1.0,4.0,tp1pp1dp4etp1ep4,nvfp4,fp8,bfloat16,nvfp4,half,129.987,0.056,1.0,55.0,4055.0,4000.0,55.0,trtllm,1.3.0rc10,b300_sxm,0.0,1076.306,,,,,,,,,,,,,,,,,,,,,,,,,,,,,,,,,,,,,,,,,,,,trtllm,False,8,4305.223,8610.448,8610.448,1076.306,19.741,GLM-5 NVFP4 / trtllm / agg,False
glm_trtllm,GLM-5 NVFP4,agg,glm_trtllm/nvidia/GLM-5-NVFP4_b300_sxm_trtllm_isl4000_osl1000_ttft2000_tpot30_509875/agg/pareto.csv,nvidia/GLM-5-NVFP4,4000,1000,0,192,4.101,48.0,192.0,1961.35,45.48,47395.718,4.101,1.025,4097.199,1024.3,21.988,4,1.0,1.0,4.0,1.0,4.0,tp1pp1dp4etp1ep4,nvfp4,fp8,bfloat16,nvfp4,half,127.744,0.048,1.0,47.0,4047.0,4000.0,47.0,trtllm,1.3.0rc10,b300_sxm,0.0,1024.3,,,,,,,,,,,,,,,,,,,,,,,,,,,,,,,,,,,,,,,,,,,,trtllm,False,8,4097.199,8194.4,8194.4,1024.3,21.988,GLM-5 NVFP4 / trtllm / agg,False
glm_trtllm,GLM-5 NVFP4,agg,glm_trtllm/nvidia/GLM-5-NVFP4_b300_sxm_trtllm_isl4000_osl1000_ttft2000_tpot30_509875/agg/pareto.csv,nvidia/GLM-5-NVFP4,4000,1000,0,160,3.811,40.0,160.0,1883.938,40.638,42480.815,3.811,0.953,3807.2,951.8,24.608,4,1.0,1.0,4.0,1.0,4.0,tp1pp1dp4etp1ep4,nvfp4,fp8,bfloat16,nvfp4,half,125.501,0.04,1.0,39.0,4039.0,4000.0,39.0,trtllm,1.3.0rc10,b300_sxm,0.0,951.8,,,,,,,,,,,,,,,,,,,,,,,,,,,,,,,,,,,,,,,,,,,,trtllm,False,8,3807.2,7614.4,7614.4,951.8,24.608,GLM-5 NVFP4 / trtllm / agg,False
glm_trtllm,GLM-5 NVFP4,agg,glm_trtllm/nvidia/GLM-5-NVFP4_b300_sxm_trtllm_isl4000_osl1000_ttft2000_tpot30_509875/agg/pareto.csv,nvidia/GLM-5-NVFP4,4000,1000,0,128,3.455,32.0,128.0,1684.725,35.692,37341.175,3.455,0.864,3451.332,862.833,28.017,4,1.0,1.0,4.0,1.0,4.0,tp1pp1dp4etp1ep4,nvfp4,fp8,bfloat16,nvfp4,half,123.258,0.032,1.0,31.0,4031.0,4000.0,31.0,trtllm,1.3.0rc10,b300_sxm,0.0,862.833,,,,,,,,,,,,,,,,,,,,,,,,,,,,,,,,,,,,,,,,,,,,trtllm,False,8,3451.332,6902.664,6902.664,862.833,28.017,GLM-5 NVFP4 / trtllm / agg,False
glm_trtllm,GLM-5 NVFP4,agg,glm_trtllm/nvidia/GLM-5-NVFP4_b300_sxm_trtllm_isl4000_osl1000_ttft2000_tpot30_509875/agg/pareto.csv,nvidia/GLM-5-NVFP4,4000,1000,0,112,3.244,28.0,112.0,1585.359,33.163,34715.497,3.244,0.811,3240.574,810.143,30.154,4,1.0,1.0,4.0,1.0,4.0,tp1pp1dp4etp1ep4,nvfp4,fp8,bfloat16,nvfp4,half,122.136,0.028,1.0,27.0,4027.0,4000.0,27.0,trtllm,1.3.0rc10,b300_sxm,0.0,810.143,,,,,,,,,,,,,,,,,,,,,,,,,,,,,,,,,,,,,,,,,,,,trtllm,False,8,3240.574,6481.144,6481.144,810.143,30.154,GLM-5 NVFP4 / trtllm / agg,False
glm_trtllm,GLM-5 NVFP4,agg,glm_trtllm/nvidia/GLM-5-NVFP4_b300_sxm_trtllm_isl4000_osl1000_ttft2000_tpot30_509875/agg/pareto.csv,nvidia/GLM-5-NVFP4,4000,1000,0,224,6.463,28.0,224.0,1870.939,33.028,34866.186,6.463,0.808,6457.024,807.128,30.277,8,1.0,1.0,8.0,1.0,8.0,tp1pp1dp8etp1ep8,nvfp4,fp8,bfloat16,nvfp4,half,72.777,0.028,1.0,27.0,4027.0,4000.0,27.0,trtllm,1.3.0rc10,b300_sxm,0.0,807.128,,,,,,,,,,,,,,,,,,,,,,,,,,,,,,,,,,,,,,,,,,,,trtllm,False,8,6457.024,6457.024,6457.024,807.128,30.277,GLM-5 NVFP4 / trtllm / agg,False
glm_trtllm,GLM-5 NVFP4,agg,glm_trtllm/nvidia/GLM-5-NVFP4_b300_sxm_trtllm_isl4000_osl1000_ttft2000_tpot30_509875/agg/pareto.csv,nvidia/GLM-5-NVFP4,4000,1000,0,192,6.077,24.0,192.0,1753.907,29.96,31683.897,6.077,0.76,6070.791,758.849,33.378,8,1.0,1.0,8.0,1.0,8.0,tp1pp1dp8etp1ep8,nvfp4,fp8,bfloat16,nvfp4,half,71.655,0.024,1.0,23.0,4023.0,4000.0,23.0,trtllm,1.3.0rc10,b300_sxm,0.0,758.849,,,,,,,,,,,,,,,,,,,,,,,,,,,,,,,,,,,,,,,,,,,,trtllm,True,8,6070.791,6070.792,6070.792,758.849,33.378,GLM-5 NVFP4 / trtllm / agg,False
glm_trtllm,GLM-5 NVFP4,agg,glm_trtllm/nvidia/GLM-5-NVFP4_b300_sxm_trtllm_isl4000_osl1000_ttft2000_tpot30_509875/agg/pareto.csv,nvidia/GLM-5-NVFP4,4000,1000,0,160,5.541,20.0,160.0,1637.123,27.235,28844.542,5.541,0.693,5535.347,691.918,36.718,8,1.0,1.0,8.0,1.0,8.0,tp1pp1dp8etp1ep8,nvfp4,fp8,bfloat16,nvfp4,half,70.533,0.02,1.0,19.0,4019.0,4000.0,19.0,trtllm,1.3.0rc10,b300_sxm,0.0,691.918,,,,,,,,,,,,,,,,,,,,,,,,,,,,,,,,,,,,,,,,,,,,trtllm,True,8,5535.347,5535.344,5535.344,691.918,36.718,GLM-5 NVFP4 / trtllm / agg,True
glm_trtllm,GLM-5 NVFP4,agg,glm_trtllm/nvidia/GLM-5-NVFP4_b300_sxm_trtllm_isl4000_osl1000_ttft2000_tpot30_509875/agg/pareto.csv,nvidia/GLM-5-NVFP4,4000,1000,0,128,4.994,16.0,128.0,1520.592,23.983,25479.631,4.994,0.624,4988.667,623.583,41.696,8,1.0,1.0,8.0,1.0,8.0,tp1pp1dp8etp1ep8,nvfp4,fp8,bfloat16,nvfp4,half,69.412,0.016,1.0,15.0,4015.0,4000.0,15.0,trtllm,1.3.0rc10,b300_sxm,0.0,623.583,,,,,,,,,,,,,,,,,,,,,,,,,,,,,,,,,,,,,,,,,,,,trtllm,True,8,4988.667,4988.664,4988.664,623.583,41.696,GLM-5 NVFP4 / trtllm / agg,True
glm_trtllm,GLM-5 NVFP4,agg,glm_trtllm/nvidia/GLM-5-NVFP4_b300_sxm_trtllm_isl4000_osl1000_ttft2000_tpot30_509875/agg/pareto.csv,nvidia/GLM-5-NVFP4,4000,1000,0,120,4.804,15.0,120.0,1491.501,23.33,24798.197,4.804,0.6,4798.847,599.856,42.863,8,1.0,1.0,8.0,1.0,8.0,tp1pp1dp8etp1ep8,nvfp4,fp8,bfloat16,nvfp4,half,69.131,0.015,1.0,14.0,4014.0,4000.0,14.0,trtllm,1.3.0rc10,b300_sxm,0.0,599.856,,,,,,,,,,,,,,,,,,,,,,,,,,,,,,,,,,,,,,,,,,,,trtllm,True,8,4798.847,4798.848,4798.848,599.856,42.863,GLM-5 NVFP4 / trtllm / agg,True
glm_trtllm,GLM-5 NVFP4,agg,glm_trtllm/nvidia/GLM-5-NVFP4_b300_sxm_trtllm_isl4000_osl1000_ttft2000_tpot30_509875/agg/pareto.csv,nvidia/GLM-5-NVFP4,4000,1000,0,112,4.603,14.0,112.0,1462.425,22.677,24116.9,4.603,0.575,4598.839,574.855,44.097,8,1.0,1.0,8.0,1.0,8.0,tp1pp1dp8etp1ep8,nvfp4,fp8,bfloat16,nvfp4,half,68.851,0.014,1.0,13.0,4013.0,4000.0,13.0,trtllm,1.3.0rc10,b300_sxm,0.0,574.855,,,,,,,,,,,,,,,,,,,,,,,,,,,,,,,,,,,,,,,,,,,,trtllm,True,8,4598.839,4598.84,4598.84,574.855,44.097,GLM-5 NVFP4 / trtllm / agg,True
glm_trtllm,GLM-5 NVFP4,agg,glm_trtllm/nvidia/GLM-5-NVFP4_b300_sxm_trtllm_isl4000_osl1000_ttft2000_tpot30_509875/agg/pareto.csv,nvidia/GLM-5-NVFP4,4000,1000,0,104,4.392,13.0,104.0,1433.365,22.024,23435.74,4.392,0.549,4387.803,548.475,45.404,8,1.0,1.0,8.0,1.0,8.0,tp1pp1dp8etp1ep8,nvfp4,fp8,bfloat16,nvfp4,half,68.571,0.013,1.0,12.0,4012.0,4000.0,12.0,trtllm,1.3.0rc10,b300_sxm,0.0,548.475,,,,,,,,,,,,,,,,,,,,,,,,,,,,,,,,,,,,,,,,,,,,trtllm,True,8,4387.803,4387.8,4387.8,548.475,45.404,GLM-5 NVFP4 / trtllm / agg,True
glm_trtllm,GLM-5 NVFP4,agg,glm_trtllm/nvidia/GLM-5-NVFP4_b300_sxm_trtllm_isl4000_osl1000_ttft2000_tpot30_509875/agg/pareto.csv,nvidia/GLM-5-NVFP4,4000,1000,0,96,4.169,12.0,96.0,1404.319,21.372,22754.717,4.169,0.521,4164.809,520.601,46.791,8,1.0,1.0,8.0,1.0,8.0,tp1pp1dp8etp1ep8,nvfp4,fp8,bfloat16,nvfp4,half,68.29,0.012,1.0,11.0,4011.0,4000.0,11.0,trtllm,1.3.0rc10,b300_sxm,0.0,520.601,,,,,,,,,,,,,,,,,,,,,,,,,,,,,,,,,,,,,,,,,,,,trtllm,True,8,4164.809,4164.808,4164.808,520.601,46.791,GLM-5 NVFP4 / trtllm / agg,True
glm_trtllm,GLM-5 NVFP4,agg,glm_trtllm/nvidia/GLM-5-NVFP4_b300_sxm_trtllm_isl4000_osl1000_ttft2000_tpot30_509875/agg/pareto.csv,nvidia/GLM-5-NVFP4,4000,1000,0,88,3.938,11.0,88.0,1375.29,20.688,22042.618,3.938,0.492,3934.292,491.786,48.337,8,1.0,1.0,8.0,1.0,8.0,tp1pp1dp8etp1ep8,nvfp4,fp8,bfloat16,nvfp4,half,68.01,0.011,1.0,10.0,4010.0,4000.0,10.0,trtllm,1.3.0rc10,b300_sxm,0.0,491.786,,,,,,,,,,,,,,,,,,,,,,,,,,,,,,,,,,,,,,,,,,,,trtllm,True,8,3934.292,3934.288,3934.288,491.786,48.337,GLM-5 NVFP4 / trtllm / agg,True
glm_trtllm,GLM-5 NVFP4,agg,glm_trtllm/nvidia/GLM-5-NVFP4_b300_sxm_trtllm_isl4000_osl1000_ttft2000_tpot30_509875/agg/pareto.csv,nvidia/GLM-5-NVFP4,4000,1000,0,80,3.696,10.0,80.0,1346.276,19.988,21313.833,3.696,0.462,3692.097,461.512,50.031,8,1.0,1.0,8.0,1.0,8.0,tp1pp1dp8etp1ep8,nvfp4,fp8,bfloat16,nvfp4,half,67.729,0.01,1.0,9.0,4009.0,4000.0,9.0,trtllm,1.3.0rc10,b300_sxm,0.0,461.512,,,,,,,,,,,,,,,,,,,,,,,,,,,,,,,,,,,,,,,,,,,,trtllm,True,8,3692.097,3692.096,3692.096,461.512,50.031,GLM-5 NVFP4 / trtllm / agg,True
glm_trtllm,GLM-5 NVFP4,agg,glm_trtllm/nvidia/GLM-5-NVFP4_b300_sxm_trtllm_isl4000_osl1000_ttft2000_tpot30_509875/agg/pareto.csv,nvidia/GLM-5-NVFP4,4000,1000,0,72,3.457,9.0,72.0,1317.277,19.168,20465.842,3.457,0.432,3453.359,431.67,52.171,8,1.0,1.0,8.0,1.0,8.0,tp1pp1dp8etp1ep8,nvfp4,fp8,bfloat16,nvfp4,half,67.449,0.009,1.0,8.0,4008.0,4000.0,8.0,trtllm,1.3.0rc10,b300_sxm,0.0,431.67,,,,,,,,,,,,,,,,,,,,,,,,,,,,,,,,,,,,,,,,,,,,trtllm,True,8,3453.359,3453.36,3453.36,431.67,52.171,GLM-5 NVFP4 / trtllm / agg,True
glm_trtllm,GLM-5 NVFP4,agg,glm_trtllm/nvidia/GLM-5-NVFP4_b300_sxm_trtllm_isl4000_osl1000_ttft2000_tpot30_509875/agg/pareto.csv,nvidia/GLM-5-NVFP4,4000,1000,0,64,3.21,8.0,64.0,1288.355,18.275,19544.921,3.21,0.401,3206.769,400.846,54.72,8,1.0,1.0,8.0,1.0,8.0,tp1pp1dp8etp1ep8,nvfp4,fp8,bfloat16,nvfp4,half,67.169,0.008,1.0,7.0,4007.0,4000.0,7.0,trtllm,1.3.0rc10,b300_sxm,0.0,400.846,,,,,,,,,,,,,,,,,,,,,,,,,,,,,,,,,,,,,,,,,,,,trtllm,True,8,3206.769,3206.768,3206.768,400.846,54.72,GLM-5 NVFP4 / trtllm / agg,True
glm_trtllm,GLM-5 NVFP4,agg,glm_trtllm/nvidia/GLM-5-NVFP4_b300_sxm_trtllm_isl4000_osl1000_ttft2000_tpot30_509875/agg/pareto.csv,nvidia/GLM-5-NVFP4,4000,1000,0,56,2.926,7.0,56.0,1259.447,17.475,18716.768,2.926,0.366,2922.915,365.364,57.225,8,1.0,1.0,8.0,1.0,8.0,tp1pp1dp8etp1ep8,nvfp4,fp8,bfloat16,nvfp4,half,66.888,0.007,1.0,6.0,4006.0,4000.0,6.0,trtllm,1.3.0rc10,b300_sxm,0.0,365.364,,,,,,,,,,,,,,,,,,,,,,,,,,,,,,,,,,,,,,,,,,,,trtllm,True,8,2922.915,2922.912,2922.912,365.364,57.225,GLM-5 NVFP4 / trtllm / agg,True
glm_trtllm,GLM-5 NVFP4,agg,glm_trtllm/nvidia/GLM-5-NVFP4_b300_sxm_trtllm_isl4000_osl1000_ttft2000_tpot30_509875/agg/pareto.csv,nvidia/GLM-5-NVFP4,4000,1000,0,48,2.622,6.0,48.0,1230.551,16.641,17855.053,2.622,0.328,2619.145,327.393,60.092,8,1.0,1.0,8.0,1.0,8.0,tp1pp1dp8etp1ep8,nvfp4,fp8,bfloat16,nvfp4,half,66.608,0.006,1.0,5.0,4005.0,4000.0,5.0,trtllm,1.3.0rc10,b300_sxm,0.0,327.393,,,,,,,,,,,,,,,,,,,,,,,,,,,,,,,,,,,,,,,,,,,,trtllm,True,8,2619.145,2619.144,2619.144,327.393,60.092,GLM-5 NVFP4 / trtllm / agg,True
glm_trtllm,GLM-5 NVFP4,agg,glm_trtllm/nvidia/GLM-5-NVFP4_b300_sxm_trtllm_isl4000_osl1000_ttft2000_tpot30_509875/agg/pareto.csv,nvidia/GLM-5-NVFP4,4000,1000,0,40,2.214,5.0,40.0,1278.003,16.289,17550.727,2.214,0.277,2211.906,276.488,61.391,8,1.0,1.0,8.0,2.0,4.0,tp1pp1dp8etp2ep4,nvfp4,fp8,bfloat16,nvfp4,half,70.327,0.005,1.0,4.0,4004.0,4000.0,4.0,trtllm,1.3.0rc10,b300_sxm,0.0,276.488,,,,,,,,,,,,,,,,,,,,,,,,,,,,,,,,,,,,,,,,,,,,trtllm,True,8,2211.906,2211.904,2211.904,276.488,61.391,GLM-5 NVFP4 / trtllm / agg,True
glm_trtllm,GLM-5 NVFP4,agg,glm_trtllm/nvidia/GLM-5-NVFP4_b300_sxm_trtllm_isl4000_osl1000_ttft2000_tpot30_509875/agg/pareto.csv,nvidia/GLM-5-NVFP4,4000,1000,0,16,0.95,16.0,16.0,875.651,15.727,16587.124,0.95,0.237,948.743,237.186,63.584,4,4.0,1.0,1.0,1.0,4.0,tp4pp1dp1etp1ep4,nvfp4,fp8,bfloat16,nvfp4,half,112.168,0.008,2.0,14.0,8014.0,8000.0,14.0,trtllm,1.3.0rc10,b300_sxm,0.0,237.186,,,,,,,,,,,,,,,,,,,,,,,,,,,,,,,,,,,,,,,,,,,,trtllm,True,8,948.743,1897.488,1897.488,237.186,63.584,GLM-5 NVFP4 / trtllm / agg,True
glm_trtllm,GLM-5 NVFP4,agg,glm_trtllm/nvidia/GLM-5-NVFP4_b300_sxm_trtllm_isl4000_osl1000_ttft2000_tpot30_509875/agg/pareto.csv,nvidia/GLM-5-NVFP4,4000,1000,0,32,1.895,4.0,32.0,1172.915,15.213,16370.623,1.895,0.237,1893.419,236.677,65.734,8,1.0,1.0,8.0,1.0,8.0,tp1pp1dp8etp1ep8,nvfp4,fp8,bfloat16,nvfp4,half,66.047,0.004,1.0,3.0,4003.0,4000.0,3.0,trtllm,1.3.0rc10,b300_sxm,0.0,236.677,,,,,,,,,,,,,,,,,,,,,,,,,,,,,,,,,,,,,,,,,,,,trtllm,True,8,1893.419,1893.416,1893.416,236.677,65.734,GLM-5 NVFP4 / trtllm / agg,True
glm_trtllm,GLM-5 NVFP4,agg,glm_trtllm/nvidia/GLM-5-NVFP4_b300_sxm_trtllm_isl4000_osl1000_ttft2000_tpot30_509875/agg/pareto.csv,nvidia/GLM-5-NVFP4,4000,1000,0,13,0.8,13.0,13.0,893.765,15.081,15960.074,0.8,0.2,798.958,199.74,66.307,4,4.0,1.0,1.0,2.0,2.0,tp4pp1dp1etp2ep2,nvfp4,fp8,bfloat16,nvfp4,half,112.327,0.006,2.0,11.0,8011.0,8000.0,11.0,trtllm,1.3.0rc10,b300_sxm,0.0,199.74,,,,,,,,,,,,,,,,,,,,,,,,,,,,,,,,,,,,,,,,,,,,trtllm,True,8,798.958,1597.92,1597.92,199.74,66.307,GLM-5 NVFP4 / trtllm / agg,True
glm_trtllm,GLM-5 NVFP4,agg,glm_trtllm/nvidia/GLM-5-NVFP4_b300_sxm_trtllm_isl4000_osl1000_ttft2000_tpot30_509875/agg/pareto.csv,nvidia/GLM-5-NVFP4,4000,1000,0,12,0.764,12.0,12.0,873.313,14.524,15382.908,0.764,0.191,763.61,190.902,68.851,4,4.0,1.0,1.0,2.0,2.0,tp4pp1dp1etp2ep2,nvfp4,fp8,bfloat16,nvfp4,half,112.046,0.006,2.0,10.0,8010.0,8000.0,10.0,trtllm,1.3.0rc10,b300_sxm,0.0,190.902,,,,,,,,,,,,,,,,,,,,,,,,,,,,,,,,,,,,,,,,,,,,trtllm,True,8,763.61,1527.216,1527.216,190.902,68.851,GLM-5 NVFP4 / trtllm / agg,True
glm_trtllm,GLM-5 NVFP4,agg,glm_trtllm/nvidia/GLM-5-NVFP4_b300_sxm_trtllm_isl4000_osl1000_ttft2000_tpot30_509875/agg/pareto.csv,nvidia/GLM-5-NVFP4,4000,1000,0,11,0.708,11.0,11.0,873.174,14.361,15219.594,0.708,0.177,707.321,176.83,69.634,4,4.0,1.0,1.0,2.0,2.0,tp4pp1dp1etp2ep2,nvfp4,fp8,bfloat16,nvfp4,half,111.766,0.006,2.0,9.0,8009.0,8000.0,9.0,trtllm,1.3.0rc10,b300_sxm,0.0,176.83,,,,,,,,,,,,,,,,,,,,,,,,,,,,,,,,,,,,,,,,,,,,trtllm,True,8,707.321,1414.64,1414.64,176.83,69.634,GLM-5 NVFP4 / trtllm / agg,True
glm_trtllm,GLM-5 NVFP4,agg,glm_trtllm/nvidia/GLM-5-NVFP4_b300_sxm_trtllm_isl4000_osl1000_ttft2000_tpot30_509875/agg/pareto.csv,nvidia/GLM-5-NVFP4,4000,1000,0,10,0.667,10.0,10.0,852.732,13.808,14647.037,0.667,0.167,666.672,166.668,72.421,4,4.0,1.0,1.0,2.0,2.0,tp4pp1dp1etp2ep2,nvfp4,fp8,bfloat16,nvfp4,half,111.485,0.005,2.0,8.0,8008.0,8000.0,8.0,trtllm,1.3.0rc10,b300_sxm,0.0,166.668,,,,,,,,,,,,,,,,,,,,,,,,,,,,,,,,,,,,,,,,,,,,trtllm,True,8,666.672,1333.344,1333.344,166.668,72.421,GLM-5 NVFP4 / trtllm / agg,True
glm_trtllm,GLM-5 NVFP4,agg,glm_trtllm/nvidia/GLM-5-NVFP4_b300_sxm_trtllm_isl4000_osl1000_ttft2000_tpot30_509875/agg/pareto.csv,nvidia/GLM-5-NVFP4,4000,1000,0,9,0.607,9.0,9.0,852.726,13.652,14491.225,0.607,0.152,606.297,151.574,73.249,4,4.0,1.0,1.0,2.0,2.0,tp4pp1dp1etp2ep2,nvfp4,fp8,bfloat16,nvfp4,half,111.205,0.004,2.0,7.0,8007.0,8000.0,7.0,trtllm,1.3.0rc10,b300_sxm,0.0,151.574,,,,,,,,,,,,,,,,,,,,,,,,,,,,,,,,,,,,,,,,,,,,trtllm,True,8,606.297,1212.592,1212.592,151.574,73.249,GLM-5 NVFP4 / trtllm / agg,True
glm_trtllm,GLM-5 NVFP4,agg,glm_trtllm/nvidia/GLM-5-NVFP4_b300_sxm_trtllm_isl4000_osl1000_ttft2000_tpot30_509875/agg/pareto.csv,nvidia/GLM-5-NVFP4,4000,1000,0,8,0.562,8.0,8.0,832.417,13.063,13882.389,0.562,0.14,561.156,140.289,76.552,4,4.0,1.0,1.0,2.0,2.0,tp4pp1dp1etp2ep2,nvfp4,fp8,bfloat16,nvfp4,half,110.924,0.004,2.0,6.0,8006.0,8000.0,6.0,trtllm,1.3.0rc10,b300_sxm,0.0,140.289,,,,,,,,,,,,,,,,,,,,,,,,,,,,,,,,,,,,,,,,,,,,trtllm,True,8,561.156,1122.312,1122.312,140.289,76.552,GLM-5 NVFP4 / trtllm / agg,True
glm_trtllm,GLM-5 NVFP4,agg,glm_trtllm/nvidia/GLM-5-NVFP4_b300_sxm_trtllm_isl4000_osl1000_ttft2000_tpot30_509875/agg/pareto.csv,nvidia/GLM-5-NVFP4,4000,1000,0,14,1.019,14.0,14.0,809.606,12.672,13469.164,1.019,0.127,1018.036,127.254,78.913,8,8.0,1.0,1.0,2.0,4.0,tp8pp1dp1etp2ep4,nvfp4,fp8,bfloat16,nvfp4,half,61.833,0.007,2.0,12.0,8012.0,8000.0,12.0,trtllm,1.3.0rc10,b300_sxm,0.0,127.254,,,,,,,,,,,,,,,,,,,,,,,,,,,,,,,,,,,,,,,,,,,,trtllm,True,8,1018.036,1018.032,1018.032,127.254,78.913,GLM-5 NVFP4 / trtllm / agg,True
glm_trtllm,GLM-5 NVFP4,agg,glm_trtllm/nvidia/GLM-5-NVFP4_b300_sxm_trtllm_isl4000_osl1000_ttft2000_tpot30_509875/agg/pareto.csv,nvidia/GLM-5-NVFP4,4000,1000,0,13,0.953,13.0,13.0,809.506,12.581,13378.14,0.953,0.119,951.614,118.952,79.484,8,8.0,1.0,1.0,2.0,4.0,tp8pp1dp1etp2ep4,nvfp4,fp8,bfloat16,nvfp4,half,61.553,0.006,2.0,11.0,8011.0,8000.0,11.0,trtllm,1.3.0rc10,b300_sxm,0.0,118.952,,,,,,,,,,,,,,,,,,,,,,,,,,,,,,,,,,,,,,,,,,,,trtllm,True,8,951.614,951.616,951.616,118.952,79.484,GLM-5 NVFP4 / trtllm / agg,True
glm_trtllm,GLM-5 NVFP4,agg,glm_trtllm/nvidia/GLM-5-NVFP4_b300_sxm_trtllm_isl4000_osl1000_ttft2000_tpot30_509875/agg/pareto.csv,nvidia/GLM-5-NVFP4,4000,1000,0,6,0.458,6.0,6.0,812.102,12.314,13113.769,0.458,0.114,457.506,114.377,81.209,4,4.0,1.0,1.0,2.0,2.0,tp4pp1dp1etp2ep2,nvfp4,fp8,bfloat16,nvfp4,half,110.364,0.003,2.0,4.0,8004.0,8000.0,4.0,trtllm,1.3.0rc10,b300_sxm,0.0,114.377,,,,,,,,,,,,,,,,,,,,,,,,,,,,,,,,,,,,,,,,,,,,trtllm,True,8,457.506,915.016,915.016,114.377,81.209,GLM-5 NVFP4 / trtllm / agg,True
glm_trtllm,GLM-5 NVFP4,agg,glm_trtllm/nvidia/GLM-5-NVFP4_b300_sxm_trtllm_isl4000_osl1000_ttft2000_tpot30_509875/agg/pareto.csv,nvidia/GLM-5-NVFP4,4000,1000,0,12,0.909,12.0,12.0,791.011,12.132,12911.151,0.909,0.114,908.209,113.526,82.425,8,8.0,1.0,1.0,2.0,4.0,tp8pp1dp1etp2ep4,nvfp4,fp8,bfloat16,nvfp4,half,61.272,0.006,2.0,10.0,8010.0,8000.0,10.0,trtllm,1.3.0rc10,b300_sxm,0.0,113.526,,,,,,,,,,,,,,,,,,,,,,,,,,,,,,,,,,,,,,,,,,,,trtllm,True,8,908.209,908.208,908.208,113.526,82.425,GLM-5 NVFP4 / trtllm / agg,True
glm_trtllm,GLM-5 NVFP4,agg,glm_trtllm/nvidia/GLM-5-NVFP4_b300_sxm_trtllm_isl4000_osl1000_ttft2000_tpot30_509875/agg/pareto.csv,nvidia/GLM-5-NVFP4,4000,1000,0,11,0.839,11.0,11.0,790.914,12.041,12820.084,0.839,0.105,838.299,104.787,83.048,8,8.0,1.0,1.0,2.0,4.0,tp8pp1dp1etp2ep4,nvfp4,fp8,bfloat16,nvfp4,half,60.992,0.006,2.0,9.0,8009.0,8000.0,9.0,trtllm,1.3.0rc10,b300_sxm,0.0,104.787,,,,,,,,,,,,,,,,,,,,,,,,,,,,,,,,,,,,,,,,,,,,trtllm,True,8,838.299,838.296,838.296,104.787,83.048,GLM-5 NVFP4 / trtllm / agg,True
glm_trtllm,GLM-5 NVFP4,agg,glm_trtllm/nvidia/GLM-5-NVFP4_b300_sxm_trtllm_isl4000_osl1000_ttft2000_tpot30_509875/agg/pareto.csv,nvidia/GLM-5-NVFP4,4000,1000,0,5,0.396,5.0,5.0,486.134,11.971,12444.924,0.396,0.099,395.508,98.877,83.537,4,4.0,1.0,1.0,2.0,2.0,tp4pp1dp1etp2ep2,nvfp4,fp8,bfloat16,nvfp4,half,110.083,0.005,1.0,4.0,4004.0,4000.0,4.0,trtllm,1.3.0rc10,b300_sxm,0.0,98.877,,,,,,,,,,,,,,,,,,,,,,,,,,,,,,,,,,,,,,,,,,,,trtllm,True,8,395.508,791.016,791.016,98.877,83.537,GLM-5 NVFP4 / trtllm / agg,True
glm_trtllm,GLM-5 NVFP4,agg,glm_trtllm/nvidia/GLM-5-NVFP4_b300_sxm_trtllm_isl4000_osl1000_ttft2000_tpot30_509875/agg/pareto.csv,nvidia/GLM-5-NVFP4,4000,1000,0,10,0.79,10.0,10.0,772.425,11.594,12355.079,0.79,0.099,788.917,98.615,86.25,8,8.0,1.0,1.0,2.0,4.0,tp8pp1dp1etp2ep4,nvfp4,fp8,bfloat16,nvfp4,half,60.712,0.005,2.0,8.0,8008.0,8000.0,8.0,trtllm,1.3.0rc10,b300_sxm,0.0,98.615,,,,,,,,,,,,,,,,,,,,,,,,,,,,,,,,,,,,,,,,,,,,trtllm,True,8,788.917,788.92,788.92,98.615,86.25,GLM-5 NVFP4 / trtllm / agg,True
glm_trtllm,GLM-5 NVFP4,agg,glm_trtllm/nvidia/GLM-5-NVFP4_b300_sxm_trtllm_isl4000_osl1000_ttft2000_tpot30_509875/agg/pareto.csv,nvidia/GLM-5-NVFP4,4000,1000,0,9,0.716,9.0,9.0,772.347,11.506,12267.174,0.716,0.089,714.981,89.373,86.909,8,8.0,1.0,1.0,2.0,4.0,tp8pp1dp1etp2ep4,nvfp4,fp8,bfloat16,nvfp4,half,60.431,0.004,2.0,7.0,8007.0,8000.0,7.0,trtllm,1.3.0rc10,b300_sxm,0.0,89.373,,,,,,,,,,,,,,,,,,,,,,,,,,,,,,,,,,,,,,,,,,,,trtllm,True,8,714.981,714.984,714.984,89.373,86.909,GLM-5 NVFP4 / trtllm / agg,True
glm_trtllm,GLM-5 NVFP4,agg,glm_trtllm/nvidia/GLM-5-NVFP4_b300_sxm_trtllm_isl4000_osl1000_ttft2000_tpot30_509875/agg/pareto.csv,nvidia/GLM-5-NVFP4,4000,1000,0,4,0.336,4.0,4.0,791.658,11.496,12276.385,0.336,0.084,336.061,84.015,86.985,4,4.0,1.0,1.0,2.0,2.0,tp4pp1dp1etp2ep2,nvfp4,fp8,bfloat16,nvfp4,half,109.803,0.002,2.0,2.0,8002.0,8000.0,2.0,trtllm,1.3.0rc10,b300_sxm,0.0,84.015,,,,,,,,,,,,,,,,,,,,,,,,,,,,,,,,,,,,,,,,,,,,trtllm,True,8,336.061,672.12,672.12,84.015,86.985,GLM-5 NVFP4 / trtllm / agg,True
glm_trtllm,GLM-5 NVFP4,agg,glm_trtllm/nvidia/GLM-5-NVFP4_b300_sxm_trtllm_isl4000_osl1000_ttft2000_tpot30_509875/agg/pareto.csv,nvidia/GLM-5-NVFP4,4000,1000,0,4,0.334,4.0,4.0,474.491,11.322,11785.14,0.334,0.083,333.49,83.372,88.324,4,4.0,1.0,1.0,2.0,2.0,tp4pp1dp1etp2ep2,nvfp4,fp8,bfloat16,nvfp4,half,109.803,0.004,1.0,3.0,4003.0,4000.0,3.0,trtllm,1.3.0rc10,b300_sxm,0.0,83.372,,,,,,,,,,,,,,,,,,,,,,,,,,,,,,,,,,,,,,,,,,,,trtllm,True,8,333.49,666.976,666.976,83.372,88.324,GLM-5 NVFP4 / trtllm / agg,True
glm_trtllm,GLM-5 NVFP4,agg,glm_trtllm/nvidia/GLM-5-NVFP4_b300_sxm_trtllm_isl4000_osl1000_ttft2000_tpot30_509875/agg/pareto.csv,nvidia/GLM-5-NVFP4,4000,1000,0,8,0.662,8.0,8.0,753.882,11.022,11765.235,0.662,0.083,660.903,82.613,90.725,8,8.0,1.0,1.0,2.0,4.0,tp8pp1dp1etp2ep4,nvfp4,fp8,bfloat16,nvfp4,half,60.151,0.004,2.0,6.0,8006.0,8000.0,6.0,trtllm,1.3.0rc10,b300_sxm,0.0,82.613,,,,,,,,,,,,,,,,,,,,,,,,,,,,,,,,,,,,,,,,,,,,trtllm,True,8,660.903,660.904,660.904,82.613,90.725,GLM-5 NVFP4 / trtllm / agg,True
glm_trtllm,GLM-5 NVFP4,agg,glm_trtllm/nvidia/GLM-5-NVFP4_b300_sxm_trtllm_isl4000_osl1000_ttft2000_tpot30_509875/agg/pareto.csv,nvidia/GLM-5-NVFP4,4000,1000,0,7,0.589,7.0,7.0,753.805,10.806,11549.197,0.589,0.074,588.79,73.599,92.539,8,8.0,1.0,1.0,2.0,4.0,tp8pp1dp1etp2ep4,nvfp4,fp8,bfloat16,nvfp4,half,59.87,0.004,2.0,5.0,8005.0,8000.0,5.0,trtllm,1.3.0rc10,b300_sxm,0.0,73.599,,,,,,,,,,,,,,,,,,,,,,,,,,,,,,,,,,,,,,,,,,,,trtllm,True,8,588.79,588.792,588.792,73.599,92.539,GLM-5 NVFP4 / trtllm / agg,True
glm_trtllm,GLM-5 NVFP4,agg,glm_trtllm/nvidia/GLM-5-NVFP4_b300_sxm_trtllm_isl4000_osl1000_ttft2000_tpot30_509875/agg/pareto.csv,nvidia/GLM-5-NVFP4,4000,1000,0,6,0.532,6.0,6.0,735.345,10.557,11281.934,0.532,0.067,531.79,66.474,94.723,8,8.0,1.0,1.0,2.0,4.0,tp8pp1dp1etp2ep4,nvfp4,fp8,bfloat16,nvfp4,half,59.59,0.003,2.0,4.0,8004.0,8000.0,4.0,trtllm,1.3.0rc10,b300_sxm,0.0,66.474,,,,,,,,,,,,,,,,,,,,,,,,,,,,,,,,,,,,,,,,,,,,trtllm,True,8,531.79,531.792,531.792,66.474,94.723,GLM-5 NVFP4 / trtllm / agg,True
glm_trtllm,GLM-5 NVFP4,agg,glm_trtllm/nvidia/GLM-5-NVFP4_b300_sxm_trtllm_isl4000_osl1000_ttft2000_tpot30_509875/agg/pareto.csv,nvidia/GLM-5-NVFP4,4000,1000,0,5,0.456,5.0,5.0,446.36,10.364,10799.723,0.456,0.057,455.321,56.915,96.49,8,8.0,1.0,1.0,2.0,4.0,tp8pp1dp1etp2ep4,nvfp4,fp8,bfloat16,nvfp4,half,59.31,0.005,1.0,4.0,4004.0,4000.0,4.0,trtllm,1.3.0rc10,b300_sxm,0.0,56.915,,,,,,,,,,,,,,,,,,,,,,,,,,,,,,,,,,,,,,,,,,,,trtllm,True,8,455.321,455.32,455.32,56.915,96.49,GLM-5 NVFP4 / trtllm / agg,True
glm_trtllm,GLM-5 NVFP4,agg,glm_trtllm/nvidia/GLM-5-NVFP4_b300_sxm_trtllm_isl4000_osl1000_ttft2000_tpot30_509875/agg/pareto.csv,nvidia/GLM-5-NVFP4,4000,1000,0,5,0.453,5.0,5.0,735.217,10.316,11040.586,0.453,0.057,452.845,56.606,96.94,8,8.0,1.0,1.0,2.0,4.0,tp8pp1dp1etp2ep4,nvfp4,fp8,bfloat16,nvfp4,half,59.31,0.002,2.0,3.0,8003.0,8000.0,3.0,trtllm,1.3.0rc10,b300_sxm,0.0,56.606,,,,,,,,,,,,,,,,,,,,,,,,,,,,,,,,,,,,,,,,,,,,trtllm,True,8,452.845,452.848,452.848,56.606,96.94,GLM-5 NVFP4 / trtllm / agg,True
glm_trtllm,GLM-5 NVFP4,agg,glm_trtllm/nvidia/GLM-5-NVFP4_b300_sxm_trtllm_isl4000_osl1000_ttft2000_tpot30_509875/agg/pareto.csv,nvidia/GLM-5-NVFP4,4000,1000,0,4,0.384,4.0,4.0,716.711,10.046,10752.388,0.384,0.048,384.112,48.014,99.545,8,8.0,1.0,1.0,2.0,4.0,tp8pp1dp1etp2ep4,nvfp4,fp8,bfloat16,nvfp4,half,59.029,0.002,2.0,2.0,8002.0,8000.0,2.0,trtllm,1.3.0rc10,b300_sxm,0.0,48.014,,,,,,,,,,,,,,,,,,,,,,,,,,,,,,,,,,,,,,,,,,,,trtllm,True,8,384.112,384.112,384.112,48.014,99.545,GLM-5 NVFP4 / trtllm / agg,True
glm_trtllm,GLM-5 NVFP4,agg,glm_trtllm/nvidia/GLM-5-NVFP4_b300_sxm_trtllm_isl4000_osl1000_ttft2000_tpot30_509875/agg/pareto.csv,nvidia/GLM-5-NVFP4,4000,1000,0,4,0.381,4.0,4.0,435.593,9.891,10316.618,0.381,0.048,380.619,47.577,101.103,8,8.0,1.0,1.0,2.0,4.0,tp8pp1dp1etp2ep4,nvfp4,fp8,bfloat16,nvfp4,half,59.029,0.004,1.0,3.0,4003.0,4000.0,3.0,trtllm,1.3.0rc10,b300_sxm,0.0,47.577,,,,,,,,,,,,,,,,,,,,,,,,,,,,,,,,,,,,,,,,,,,,trtllm,True,8,380.619,380.616,380.616,47.577,101.103,GLM-5 NVFP4 / trtllm / agg,True
glm_trtllm,GLM-5 NVFP4,agg,glm_trtllm/nvidia/GLM-5-NVFP4_b300_sxm_trtllm_isl4000_osl1000_ttft2000_tpot30_509875/agg/pareto.csv,nvidia/GLM-5-NVFP4,4000,1000,0,3,0.301,3.0,3.0,443.203,9.533,9967.121,0.301,0.038,300.977,37.622,104.894,8,8.0,1.0,1.0,4.0,2.0,tp8pp1dp1etp4ep2,nvfp4,fp8,bfloat16,nvfp4,half,59.749,0.003,1.0,2.0,4002.0,4000.0,2.0,trtllm,1.3.0rc10,b300_sxm,0.0,37.622,,,,,,,,,,,,,,,,,,,,,,,,,,,,,,,,,,,,,,,,,,,,trtllm,True,8,300.977,300.976,300.976,37.622,104.894,GLM-5 NVFP4 / trtllm / agg,True
glm_trtllm,GLM-5 NVFP4,agg,glm_trtllm/nvidia/GLM-5-NVFP4_b300_sxm_trtllm_isl4000_osl1000_ttft2000_tpot30_509875/agg/pareto.csv,nvidia/GLM-5-NVFP4,4000,1000,0,2,0.214,2.0,2.0,431.903,9.146,9568.832,0.214,0.027,213.498,26.687,109.337,8,8.0,1.0,1.0,4.0,2.0,tp8pp1dp1etp4ep2,nvfp4,fp8,bfloat16,nvfp4,half,59.468,0.002,1.0,1.0,4001.0,4000.0,1.0,trtllm,1.3.0rc10,b300_sxm,0.0,26.687,,,,,,,,,,,,,,,,,,,,,,,,,,,,,,,,,,,,,,,,,,,,trtllm,True,8,213.498,213.496,213.496,26.687,109.337,GLM-5 NVFP4 / trtllm / agg,True
glm_trtllm,GLM-5 NVFP4,agg,glm_trtllm/nvidia/GLM-5-NVFP4_b300_sxm_trtllm_isl4000_osl1000_ttft2000_tpot30_509875/agg/pareto.csv,nvidia/GLM-5-NVFP4,4000,1000,0,1,0.12,1.0,1.0,412.72,8.096,8500.732,0.12,0.015,120.286,15.036,123.516,8,8.0,1.0,1.0,4.0,2.0,tp8pp1dp1etp4ep2,nvfp4,fp8,bfloat16,nvfp4,half,59.188,0.001,1.0,1.0,4000.0,4000.0,1.0,trtllm,1.3.0rc10,b300_sxm,0.0,15.036,,,,,,,,,,,,,,,,,,,,,,,,,,,,,,,,,,,,,,,,,,,,trtllm,True,8,120.286,120.288,120.288,15.036,123.516,GLM-5 NVFP4 / trtllm / agg,True
glm_trtllm,GLM-5 NVFP4,disagg,glm_trtllm/nvidia/GLM-5-NVFP4_b300_sxm_trtllm_isl4000_osl1000_ttft2000_tpot30_509875/disagg/pareto.csv,nvidia/GLM-5-NVFP4,4000,1000,0,256,7.24,,,895.084,29.523,30388.561,7.24,0.905,7239.6,904.95,33.871,8,,,,,,,,,,,,,,,,,,,,,,0.0,904.95,1.0,2.0,2.0,64.0,256.0,1.0,4.022,8.68,1.0,1.0,2.0,1.0,2.0,tp1pp1dp2etp1ep2,nvfp4,fp8,bfloat16,nvfp4,half,209.774,trtllm,1.3.0rc10,b300_sxm,1.0,1.0,4.0,1.0,4.0,tp1pp1dp4etp1ep4,nvfp4,fp8,bfloat16,nvfp4,half,125.617,trtllm,1.3.0rc10,b300_sxm,0.0,0.0,0.0,,0.0,trtllm,True,8,7239.6,7239.6,7239.6,904.95,33.871,GLM-5 NVFP4 / trtllm / disagg,True
glm_trtllm,GLM-5 NVFP4,disagg,glm_trtllm/nvidia/GLM-5-NVFP4_b300_sxm_trtllm_isl4000_osl1000_ttft2000_tpot30_509875/disagg/pareto.csv,nvidia/GLM-5-NVFP4,4000,1000,0,224,7.041,,,895.084,29.298,30163.786,7.041,0.88,7040.76,880.095,34.132,8,,,,,,,,,,,,,,,,,,,,,,0.0,880.095,1.0,2.0,2.0,56.0,224.0,1.0,4.022,7.653,1.0,1.0,2.0,1.0,2.0,tp1pp1dp2etp1ep2,nvfp4,fp8,bfloat16,nvfp4,half,209.774,trtllm,1.3.0rc10,b300_sxm,1.0,1.0,4.0,2.0,2.0,tp1pp1dp4etp2ep2,nvfp4,fp8,bfloat16,nvfp4,half,123.374,trtllm,1.3.0rc10,b300_sxm,0.0,0.0,0.0,,0.0,trtllm,True,8,7040.76,7040.76,7040.76,880.095,34.132,GLM-5 NVFP4 / trtllm / disagg,True
glm_trtllm,GLM-5 NVFP4,disagg,glm_trtllm/nvidia/GLM-5-NVFP4_b300_sxm_trtllm_isl4000_osl1000_ttft2000_tpot30_509875/disagg/pareto.csv,nvidia/GLM-5-NVFP4,4000,1000,0,144,5.39,,,895.084,24.602,25472.482,5.39,0.674,5390.28,673.785,40.647,8,,,,,,,,,,,,,,,,,,,,,,0.0,673.785,1.0,2.0,2.0,36.0,144.0,1.0,4.022,5.859,1.0,1.0,2.0,1.0,2.0,tp1pp1dp2etp1ep2,nvfp4,fp8,bfloat16,nvfp4,half,209.774,trtllm,1.3.0rc10,b300_sxm,1.0,1.0,4.0,1.0,4.0,tp1pp1dp4etp1ep4,nvfp4,fp8,bfloat16,nvfp4,half,117.766,trtllm,1.3.0rc10,b300_sxm,0.0,0.0,0.0,,0.0,trtllm,True,8,5390.28,5390.28,5390.28,673.785,40.647,GLM-5 NVFP4 / trtllm / disagg,True
glm_trtllm,GLM-5 NVFP4,disagg,glm_trtllm/nvidia/GLM-5-NVFP4_b300_sxm_trtllm_isl4000_osl1000_ttft2000_tpot30_509875/disagg/pareto.csv,nvidia/GLM-5-NVFP4,4000,1000,0,120,4.492,,,895.084,24.6,25470.484,4.492,0.562,4492.36,561.545,40.651,8,,,,,,,,,,,,,,,,,,,,,,0.0,561.545,1.0,2.0,2.0,30.0,120.0,1.0,4.022,4.883,1.0,1.0,2.0,1.0,2.0,tp1pp1dp2etp1ep2,nvfp4,fp8,bfloat16,nvfp4,half,209.774,trtllm,1.3.0rc10,b300_sxm,1.0,1.0,4.0,2.0,2.0,tp1pp1dp4etp2ep2,nvfp4,fp8,bfloat16,nvfp4,half,116.083,trtllm,1.3.0rc10,b300_sxm,0.0,0.0,0.0,,0.0,trtllm,True,8,4492.36,4492.36,4492.36,561.545,40.651,GLM-5 NVFP4 / trtllm / disagg,False
glm_trtllm,GLM-5 NVFP4,disagg,glm_trtllm/nvidia/GLM-5-NVFP4_b300_sxm_trtllm_isl4000_osl1000_ttft2000_tpot30_509875/disagg/pareto.csv,nvidia/GLM-5-NVFP4,4000,1000,0,56,2.594,,,895.084,19.878,20753.206,2.594,0.324,2594.4,324.3,50.308,8,,,,,,,,,,,,,,,,,,,,,,0.0,324.3,1.0,2.0,2.0,56.0,56.0,1.0,4.022,2.82,1.0,1.0,2.0,1.0,2.0,tp1pp1dp2etp1ep2,nvfp4,fp8,bfloat16,nvfp4,half,209.774,trtllm,1.3.0rc10,b300_sxm,4.0,1.0,1.0,1.0,4.0,tp4pp1dp1etp1ep4,nvfp4,fp8,bfloat16,nvfp4,half,121.271,trtllm,1.3.0rc10,b300_sxm,0.0,0.0,0.0,,0.0,trtllm,True,8,2594.4,2594.4,2594.4,324.3,50.308,GLM-5 NVFP4 / trtllm / disagg,False
glm_trtllm,GLM-5 NVFP4,disagg,glm_trtllm/nvidia/GLM-5-NVFP4_b300_sxm_trtllm_isl4000_osl1000_ttft2000_tpot30_509875/disagg/pareto.csv,nvidia/GLM-5-NVFP4,4000,1000,0,48,2.349,,,895.084,18.821,19697.263,2.349,0.294,2348.76,293.595,53.132,8,,,,,,,,,,,,,,,,,,,,,,0.0,293.595,1.0,2.0,2.0,48.0,48.0,1.0,4.022,2.553,1.0,1.0,2.0,1.0,2.0,tp1pp1dp2etp1ep2,nvfp4,fp8,bfloat16,nvfp4,half,209.774,trtllm,1.3.0rc10,b300_sxm,4.0,1.0,1.0,1.0,4.0,tp4pp1dp1etp1ep4,nvfp4,fp8,bfloat16,nvfp4,half,119.027,trtllm,1.3.0rc10,b300_sxm,0.0,0.0,0.0,,0.0,trtllm,True,8,2348.76,2348.76,2348.76,293.595,53.132,GLM-5 NVFP4 / trtllm / disagg,False
glm_trtllm,GLM-5 NVFP4,disagg,glm_trtllm/nvidia/GLM-5-NVFP4_b300_sxm_trtllm_isl4000_osl1000_ttft2000_tpot30_509875/disagg/pareto.csv,nvidia/GLM-5-NVFP4,4000,1000,0,33,1.62,,,895.084,18.769,19645.315,1.62,0.203,1620.12,202.515,53.279,8,,,,,,,,,,,,,,,,,,,,,,0.0,202.515,1.0,2.0,1.0,11.0,11.0,3.0,4.022,0.587,1.0,1.0,2.0,1.0,2.0,tp1pp1dp2etp1ep2,nvfp4,fp8,bfloat16,nvfp4,half,209.774,trtllm,1.3.0rc10,b300_sxm,2.0,1.0,1.0,1.0,2.0,tp2pp1dp1etp1ep2,nvfp4,fp8,bfloat16,nvfp4,half,208.151,trtllm,1.3.0rc10,b300_sxm,0.0,0.0,0.0,,0.0,trtllm,True,8,1620.12,1620.12,1620.12,202.515,53.279,GLM-5 NVFP4 / trtllm / disagg,False
glm_trtllm,GLM-5 NVFP4,disagg,glm_trtllm/nvidia/GLM-5-NVFP4_b300_sxm_trtllm_isl4000_osl1000_ttft2000_tpot30_509875/disagg/pareto.csv,nvidia/GLM-5-NVFP4,4000,1000,0,27,1.408,,,895.084,17.661,18538.423,1.408,0.176,1407.6,175.95,56.623,8,,,,,,,,,,,,,,,,,,,,,,0.0,175.95,1.0,2.0,1.0,9.0,9.0,3.0,4.022,0.51,1.0,1.0,2.0,1.0,2.0,tp1pp1dp2etp1ep2,nvfp4,fp8,bfloat16,nvfp4,half,209.774,trtllm,1.3.0rc10,b300_sxm,2.0,1.0,1.0,1.0,2.0,tp2pp1dp1etp1ep2,nvfp4,fp8,bfloat16,nvfp4,half,207.59,trtllm,1.3.0rc10,b300_sxm,0.0,0.0,0.0,,0.0,trtllm,True,8,1407.6,1407.6,1407.6,175.95,56.623,GLM-5 NVFP4 / trtllm / disagg,False
glm_trtllm,GLM-5 NVFP4,disagg,glm_trtllm/nvidia/GLM-5-NVFP4_b300_sxm_trtllm_isl4000_osl1000_ttft2000_tpot30_509875/disagg/pareto.csv,nvidia/GLM-5-NVFP4,4000,1000,0,22,1.162,,,895.084,17.442,18319.642,1.162,0.145,1161.96,145.245,57.333,8,,,,,,,,,,,,,,,,,,,,,,0.0,145.245,1.0,2.0,2.0,22.0,22.0,1.0,4.022,1.263,1.0,1.0,2.0,1.0,2.0,tp1pp1dp2etp1ep2,nvfp4,fp8,bfloat16,nvfp4,half,209.774,trtllm,1.3.0rc10,b300_sxm,4.0,1.0,1.0,2.0,2.0,tp4pp1dp1etp2ep2,nvfp4,fp8,bfloat16,nvfp4,half,111.737,trtllm,1.3.0rc10,b300_sxm,0.0,0.0,0.0,,0.0,trtllm,True,8,1161.96,1161.96,1161.96,145.245,57.333,GLM-5 NVFP4 / trtllm / disagg,False
glm_trtllm,GLM-5 NVFP4,disagg,glm_trtllm/nvidia/GLM-5-NVFP4_b300_sxm_trtllm_isl4000_osl1000_ttft2000_tpot30_509875/disagg/pareto.csv,nvidia/GLM-5-NVFP4,4000,1000,0,21,1.156,,,895.084,16.71,17588.374,1.156,0.145,1156.44,144.555,59.844,8,,,,,,,,,,,,,,,,,,,,,,0.0,144.555,1.0,2.0,1.0,7.0,7.0,3.0,4.022,0.419,1.0,1.0,2.0,1.0,2.0,tp1pp1dp2etp1ep2,nvfp4,fp8,bfloat16,nvfp4,half,209.774,trtllm,1.3.0rc10,b300_sxm,2.0,1.0,1.0,1.0,2.0,tp2pp1dp1etp1ep2,nvfp4,fp8,bfloat16,nvfp4,half,207.029,trtllm,1.3.0rc10,b300_sxm,0.0,0.0,0.0,,0.0,trtllm,True,8,1156.44,1156.44,1156.44,144.555,59.844,GLM-5 NVFP4 / trtllm / disagg,False
glm_trtllm,GLM-5 NVFP4,disagg,glm_trtllm/nvidia/GLM-5-NVFP4_b300_sxm_trtllm_isl4000_osl1000_ttft2000_tpot30_509875/disagg/pareto.csv,nvidia/GLM-5-NVFP4,4000,1000,0,20,1.125,,,895.084,16.367,17245.717,1.125,0.141,1125.16,140.645,61.099,8,,,,,,,,,,,,,,,,,,,,,,0.0,140.645,1.0,2.0,2.0,20.0,20.0,1.0,4.022,1.223,1.0,1.0,2.0,1.0,2.0,tp1pp1dp2etp1ep2,nvfp4,fp8,bfloat16,nvfp4,half,209.774,trtllm,1.3.0rc10,b300_sxm,4.0,1.0,1.0,1.0,4.0,tp4pp1dp1etp1ep4,nvfp4,fp8,bfloat16,nvfp4,half,111.176,trtllm,1.3.0rc10,b300_sxm,0.0,0.0,0.0,,0.0,trtllm,True,8,1125.16,1125.16,1125.16,140.645,61.099,GLM-5 NVFP4 / trtllm / disagg,False
glm_trtllm,GLM-5 NVFP4,disagg,glm_trtllm/nvidia/GLM-5-NVFP4_b300_sxm_trtllm_isl4000_osl1000_ttft2000_tpot30_509875/disagg/pareto.csv,nvidia/GLM-5-NVFP4,4000,1000,0,18,1.057,,,895.084,15.682,16561.402,1.057,0.132,1057.08,132.135,63.769,8,,,,,,,,,,,,,,,,,,,,,,0.0,132.135,1.0,2.0,2.0,18.0,18.0,1.0,4.022,1.149,1.0,1.0,2.0,1.0,2.0,tp1pp1dp2etp1ep2,nvfp4,fp8,bfloat16,nvfp4,half,209.774,trtllm,1.3.0rc10,b300_sxm,4.0,1.0,1.0,1.0,4.0,tp4pp1dp1etp1ep4,nvfp4,fp8,bfloat16,nvfp4,half,110.615,trtllm,1.3.0rc10,b300_sxm,0.0,0.0,0.0,,0.0,trtllm,True,8,1057.08,1057.08,1057.08,132.135,63.769,GLM-5 NVFP4 / trtllm / disagg,False
glm_trtllm,GLM-5 NVFP4,disagg,glm_trtllm/nvidia/GLM-5-NVFP4_b300_sxm_trtllm_isl4000_osl1000_ttft2000_tpot30_509875/disagg/pareto.csv,nvidia/GLM-5-NVFP4,4000,1000,0,16,0.984,,,895.084,14.967,15847.117,0.984,0.123,984.4,123.05,66.815,8,,,,,,,,,,,,,,,,,,,,,,0.0,123.05,1.0,2.0,2.0,16.0,16.0,1.0,4.022,1.07,1.0,1.0,2.0,1.0,2.0,tp1pp1dp2etp1ep2,nvfp4,fp8,bfloat16,nvfp4,half,209.774,trtllm,1.3.0rc10,b300_sxm,4.0,1.0,1.0,1.0,4.0,tp4pp1dp1etp1ep4,nvfp4,fp8,bfloat16,nvfp4,half,110.054,trtllm,1.3.0rc10,b300_sxm,0.0,0.0,0.0,,0.0,trtllm,True,8,984.4,984.4,984.4,123.05,66.815,GLM-5 NVFP4 / trtllm / disagg,False
glm_trtllm,GLM-5 NVFP4,disagg,glm_trtllm/nvidia/GLM-5-NVFP4_b300_sxm_trtllm_isl4000_osl1000_ttft2000_tpot30_509875/disagg/pareto.csv,nvidia/GLM-5-NVFP4,4000,1000,0,15,0.924,,,895.084,14.954,15834.13,0.924,0.115,923.68,115.46,66.872,8,,,,,,,,,,,,,,,,,,,,,,0.0,115.46,1.0,2.0,2.0,15.0,15.0,1.0,4.022,1.004,1.0,1.0,2.0,1.0,2.0,tp1pp1dp2etp1ep2,nvfp4,fp8,bfloat16,nvfp4,half,209.774,trtllm,1.3.0rc10,b300_sxm,4.0,1.0,1.0,2.0,2.0,tp4pp1dp1etp2ep2,nvfp4,fp8,bfloat16,nvfp4,half,109.774,trtllm,1.3.0rc10,b300_sxm,0.0,0.0,0.0,,0.0,trtllm,True,8,923.68,923.68,923.68,115.46,66.872,GLM-5 NVFP4 / trtllm / disagg,False
glm_trtllm,GLM-5 NVFP4,disagg,glm_trtllm/nvidia/GLM-5-NVFP4_b300_sxm_trtllm_isl4000_osl1000_ttft2000_tpot30_509875/disagg/pareto.csv,nvidia/GLM-5-NVFP4,4000,1000,0,9,0.599,,,895.084,13.844,14725.24,0.599,0.075,598.92,74.865,72.231,8,,,,,,,,,,,,,,,,,,,,,,0.0,74.865,1.0,2.0,1.0,3.0,3.0,3.0,4.022,0.217,1.0,1.0,2.0,1.0,2.0,tp1pp1dp2etp1ep2,nvfp4,fp8,bfloat16,nvfp4,half,209.774,trtllm,1.3.0rc10,b300_sxm,2.0,1.0,1.0,2.0,1.0,tp2pp1dp1etp2ep1,nvfp4,fp8,bfloat16,nvfp4,half,205.908,trtllm,1.3.0rc10,b300_sxm,0.0,0.0,0.0,,0.0,trtllm,True,8,598.92,598.92,598.92,74.865,72.231,GLM-5 NVFP4 / trtllm / disagg,False
glm_trtllm,GLM-5 NVFP4,disagg,glm_trtllm/nvidia/GLM-5-NVFP4_b300_sxm_trtllm_isl4000_osl1000_ttft2000_tpot30_509875/disagg/pareto.csv,nvidia/GLM-5-NVFP4,4000,1000,0,6,0.442,,,895.084,12.482,13364.602,0.442,0.055,441.6,55.2,80.119,8,,,,,,,,,,,,,,,,,,,,,,0.0,55.2,1.0,2.0,1.0,2.0,2.0,3.0,4.022,0.16,1.0,1.0,2.0,1.0,2.0,tp1pp1dp2etp1ep2,nvfp4,fp8,bfloat16,nvfp4,half,209.774,trtllm,1.3.0rc10,b300_sxm,2.0,1.0,1.0,2.0,1.0,tp2pp1dp1etp2ep1,nvfp4,fp8,bfloat16,nvfp4,half,205.627,trtllm,1.3.0rc10,b300_sxm,0.0,0.0,0.0,,0.0,trtllm,True,8,441.6,441.6,441.6,55.2,80.119,GLM-5 NVFP4 / trtllm / disagg,False
glm_trtllm,GLM-5 NVFP4,disagg,glm_trtllm/nvidia/GLM-5-NVFP4_b300_sxm_trtllm_isl4000_osl1000_ttft2000_tpot30_509875/disagg/pareto.csv,nvidia/GLM-5-NVFP4,4000,1000,0,3,0.24,,,895.084,11.494,12377.59,0.24,0.03,240.12,30.015,87.001,8,,,,,,,,,,,,,,,,,,,,,,0.0,30.015,1.0,2.0,2.0,3.0,3.0,1.0,4.022,0.261,1.0,1.0,2.0,1.0,2.0,tp1pp1dp2etp1ep2,nvfp4,fp8,bfloat16,nvfp4,half,209.774,trtllm,1.3.0rc10,b300_sxm,4.0,1.0,1.0,2.0,2.0,tp4pp1dp1etp2ep2,nvfp4,fp8,bfloat16,nvfp4,half,106.409,trtllm,1.3.0rc10,b300_sxm,0.0,0.0,0.0,,0.0,trtllm,True,8,240.12,240.12,240.12,30.015,87.001,GLM-5 NVFP4 / trtllm / disagg,False
glm_trtllm,GLM-5 NVFP4,disagg,glm_trtllm/nvidia/GLM-5-NVFP4_b300_sxm_trtllm_isl4000_osl1000_ttft2000_tpot30_509875/disagg/pareto.csv,nvidia/GLM-5-NVFP4,4000,1000,0,2,0.167,,,895.084,10.999,11883.085,0.167,0.021,167.44,20.93,90.916,8,,,,,,,,,,,,,,,,,,,,,,0.0,20.93,1.0,2.0,2.0,2.0,2.0,1.0,4.022,0.182,1.0,1.0,2.0,1.0,2.0,tp1pp1dp2etp1ep2,nvfp4,fp8,bfloat16,nvfp4,half,209.774,trtllm,1.3.0rc10,b300_sxm,4.0,1.0,1.0,2.0,2.0,tp4pp1dp1etp2ep2,nvfp4,fp8,bfloat16,nvfp4,half,106.129,trtllm,1.3.0rc10,b300_sxm,0.0,0.0,0.0,,0.0,trtllm,True,8,167.44,167.44,167.44,20.93,90.916,GLM-5 NVFP4 / trtllm / disagg,False
glm_trtllm,GLM-5 NVFP4,disagg,glm_trtllm/nvidia/GLM-5-NVFP4_b300_sxm_trtllm_isl4000_osl1000_ttft2000_tpot30_509875/disagg/pareto.csv,nvidia/GLM-5-NVFP4,4000,1000,0,1,0.091,,,895.084,10.065,10950.019,0.091,0.011,91.08,11.385,99.351,8,,,,,,,,,,,,,,,,,,,,,,0.0,11.385,1.0,2.0,2.0,1.0,1.0,1.0,4.022,0.099,1.0,1.0,2.0,1.0,2.0,tp1pp1dp2etp1ep2,nvfp4,fp8,bfloat16,nvfp4,half,209.774,trtllm,1.3.0rc10,b300_sxm,4.0,1.0,1.0,4.0,1.0,tp4pp1dp1etp4ep1,nvfp4,fp8,bfloat16,nvfp4,half,105.848,trtllm,1.3.0rc10,b300_sxm,0.0,0.0,0.0,,0.0,trtllm,True,8,91.08,91.08,91.08,11.385,99.351,GLM-5 NVFP4 / trtllm / disagg,False
glm_vllm,GLM-5 NVFP4,agg,glm_vllm/nvidia/GLM-5-NVFP4_b300_sxm_vllm_isl4000_osl1000_ttft2000_tpot30_648170/agg/pareto.csv,nvidia/GLM-5-NVFP4,4000,1000,0,2048,7.121,512.0,2048.0,1964.606,286.978,288656.006,7.121,1.78,7114.106,1778.526,3.485,4,1.0,1.0,4.0,1.0,4.0,tp1pp1dp4etp1ep4,nvfp4,fp8,bfloat16,nvfp4,half,254.818,0.512,1.0,511.0,4511.0,4000.0,511.0,vllm,0.19.0,b300_sxm,0.0,1778.526,,,,,,,,,,,,,,,,,,,,,,,,,,,,,,,,,,,,,,,,,,,,vllm,False,8,7114.106,14228.208,14228.208,1778.526,3.485,GLM-5 NVFP4 / vllm / agg,False
glm_vllm,GLM-5 NVFP4,agg,glm_vllm/nvidia/GLM-5-NVFP4_b300_sxm_vllm_isl4000_osl1000_ttft2000_tpot30_648170/agg/pareto.csv,nvidia/GLM-5-NVFP4,4000,1000,0,1920,7.085,480.0,1920.0,1951.272,270.334,272014.645,7.085,1.771,7078.147,1769.537,3.699,4,1.0,1.0,4.0,1.0,4.0,tp1pp1dp4etp1ep4,nvfp4,fp8,bfloat16,nvfp4,half,245.818,0.48,1.0,479.0,4479.0,4000.0,479.0,vllm,0.19.0,b300_sxm,0.0,1769.537,,,,,,,,,,,,,,,,,,,,,,,,,,,,,,,,,,,,,,,,,,,,vllm,False,8,7078.147,14156.296,14156.296,1769.537,3.699,GLM-5 NVFP4 / vllm / agg,False
glm_vllm,GLM-5 NVFP4,agg,glm_vllm/nvidia/GLM-5-NVFP4_b300_sxm_vllm_isl4000_osl1000_ttft2000_tpot30_648170/agg/pareto.csv,nvidia/GLM-5-NVFP4,4000,1000,0,1792,7.044,448.0,1792.0,1937.938,253.699,255382.786,7.044,1.761,7037.233,1759.308,3.942,4,1.0,1.0,4.0,1.0,4.0,tp1pp1dp4etp1ep4,nvfp4,fp8,bfloat16,nvfp4,half,236.819,0.448,1.0,447.0,4447.0,4000.0,447.0,vllm,0.19.0,b300_sxm,0.0,1759.308,,,,,,,,,,,,,,,,,,,,,,,,,,,,,,,,,,,,,,,,,,,,vllm,False,8,7037.233,14074.464,14074.464,1759.308,3.942,GLM-5 NVFP4 / vllm / agg,False
glm_vllm,GLM-5 NVFP4,agg,glm_vllm/nvidia/GLM-5-NVFP4_b300_sxm_vllm_isl4000_osl1000_ttft2000_tpot30_648170/agg/pareto.csv,nvidia/GLM-5-NVFP4,4000,1000,0,1664,6.997,416.0,1664.0,1924.603,237.073,238760.429,6.997,1.749,6990.329,1747.582,4.218,4,1.0,1.0,4.0,1.0,4.0,tp1pp1dp4etp1ep4,nvfp4,fp8,bfloat16,nvfp4,half,227.82,0.416,1.0,415.0,4415.0,4000.0,415.0,vllm,0.19.0,b300_sxm,0.0,1747.582,,,,,,,,,,,,,,,,,,,,,,,,,,,,,,,,,,,,,,,,,,,,vllm,False,8,6990.329,13980.656,13980.656,1747.582,4.218,GLM-5 NVFP4 / vllm / agg,False
glm_vllm,GLM-5 NVFP4,agg,glm_vllm/nvidia/GLM-5-NVFP4_b300_sxm_vllm_isl4000_osl1000_ttft2000_tpot30_648170/agg/pareto.csv,nvidia/GLM-5-NVFP4,4000,1000,0,1536,6.951,384.0,1536.0,1911.269,220.19,221880.585,6.951,1.738,6944.458,1736.114,4.542,4,1.0,1.0,4.0,1.0,4.0,tp1pp1dp4etp1ep4,nvfp4,fp8,bfloat16,nvfp4,half,218.821,0.384,1.0,383.0,4383.0,4000.0,383.0,vllm,0.19.0,b300_sxm,0.0,1736.114,,,,,,,,,,,,,,,,,,,,,,,,,,,,,,,,,,,,,,,,,,,,vllm,False,8,6944.458,13888.912,13888.912,1736.114,4.542,GLM-5 NVFP4 / vllm / agg,False
glm_vllm,GLM-5 NVFP4,agg,glm_vllm/nvidia/GLM-5-NVFP4_b300_sxm_vllm_isl4000_osl1000_ttft2000_tpot30_648170/agg/pareto.csv,nvidia/GLM-5-NVFP4,4000,1000,0,1408,6.876,352.0,1408.0,1897.39,203.972,205665.636,6.876,1.719,6868.684,1717.171,4.903,4,1.0,1.0,4.0,1.0,4.0,tp1pp1dp4etp1ep4,nvfp4,fp8,bfloat16,nvfp4,half,209.821,0.352,1.0,351.0,4351.0,4000.0,351.0,vllm,0.19.0,b300_sxm,0.0,1717.171,,,,,,,,,,,,,,,,,,,,,,,,,,,,,,,,,,,,,,,,,,,,vllm,False,8,6868.684,13737.368,13737.368,1717.171,4.903,GLM-5 NVFP4 / vllm / agg,False
glm_vllm,GLM-5 NVFP4,agg,glm_vllm/nvidia/GLM-5-NVFP4_b300_sxm_vllm_isl4000_osl1000_ttft2000_tpot30_648170/agg/pareto.csv,nvidia/GLM-5-NVFP4,4000,1000,0,1280,6.781,320.0,1280.0,1884.351,187.916,189612.444,6.781,1.695,6774.118,1693.53,5.322,4,1.0,1.0,4.0,1.0,4.0,tp1pp1dp4etp1ep4,nvfp4,fp8,bfloat16,nvfp4,half,200.822,0.32,1.0,319.0,4319.0,4000.0,319.0,vllm,0.19.0,b300_sxm,0.0,1693.53,,,,,,,,,,,,,,,,,,,,,,,,,,,,,,,,,,,,,,,,,,,,vllm,False,8,6774.118,13548.24,13548.24,1693.53,5.322,GLM-5 NVFP4 / vllm / agg,False
glm_vllm,GLM-5 NVFP4,agg,glm_vllm/nvidia/GLM-5-NVFP4_b300_sxm_vllm_isl4000_osl1000_ttft2000_tpot30_648170/agg/pareto.csv,nvidia/GLM-5-NVFP4,4000,1000,0,1152,6.665,288.0,1152.0,1871.311,171.964,173663.597,6.665,1.666,6658.003,1664.501,5.815,4,1.0,1.0,4.0,1.0,4.0,tp1pp1dp4etp1ep4,nvfp4,fp8,bfloat16,nvfp4,half,191.823,0.288,1.0,287.0,4287.0,4000.0,287.0,vllm,0.19.0,b300_sxm,0.0,1664.501,,,,,,,,,,,,,,,,,,,,,,,,,,,,,,,,,,,,,,,,,,,,vllm,False,8,6658.003,13316.008,13316.008,1664.501,5.815,GLM-5 NVFP4 / vllm / agg,False
glm_vllm,GLM-5 NVFP4,agg,glm_vllm/nvidia/GLM-5-NVFP4_b300_sxm_vllm_isl4000_osl1000_ttft2000_tpot30_648170/agg/pareto.csv,nvidia/GLM-5-NVFP4,4000,1000,0,1024,6.531,256.0,1024.0,1858.243,155.859,157561.612,6.531,1.633,6524.692,1631.173,6.416,4,1.0,1.0,4.0,1.0,4.0,tp1pp1dp4etp1ep4,nvfp4,fp8,bfloat16,nvfp4,half,182.824,0.256,1.0,255.0,4255.0,4000.0,255.0,vllm,0.19.0,b300_sxm,0.0,1631.173,,,,,,,,,,,,,,,,,,,,,,,,,,,,,,,,,,,,,,,,,,,,vllm,False,8,6524.692,13049.384,13049.384,1631.173,6.416,GLM-5 NVFP4 / vllm / agg,False
glm_vllm,GLM-5 NVFP4,agg,glm_vllm/nvidia/GLM-5-NVFP4_b300_sxm_vllm_isl4000_osl1000_ttft2000_tpot30_648170/agg/pareto.csv,nvidia/GLM-5-NVFP4,4000,1000,0,416,3.256,208.0,416.0,1720.85,126.867,128460.63,3.256,1.628,3252.424,1626.212,7.882,2,1.0,1.0,2.0,1.0,2.0,tp1pp1dp2etp1ep2,nvfp4,fp8,bfloat16,nvfp4,half,268.044,0.208,1.0,207.0,4207.0,4000.0,207.0,vllm,0.19.0,b300_sxm,0.0,1626.212,,,,,,,,,,,,,,,,,,,,,,,,,,,,,,,,,,,,,,,,,,,,vllm,False,8,3252.424,13009.696,13009.696,1626.212,7.882,GLM-5 NVFP4 / vllm / agg,False
glm_vllm,GLM-5 NVFP4,agg,glm_vllm/nvidia/GLM-5-NVFP4_b300_sxm_vllm_isl4000_osl1000_ttft2000_tpot30_648170/agg/pareto.csv,nvidia/GLM-5-NVFP4,4000,1000,0,384,3.201,192.0,384.0,1714.621,119.048,120643.395,3.201,1.6,3197.422,1598.711,8.4,2,1.0,1.0,2.0,1.0,2.0,tp1pp1dp2etp1ep2,nvfp4,fp8,bfloat16,nvfp4,half,263.544,0.192,1.0,191.0,4191.0,4000.0,191.0,vllm,0.19.0,b300_sxm,0.0,1598.711,,,,,,,,,,,,,,,,,,,,,,,,,,,,,,,,,,,,,,,,,,,,vllm,False,8,3197.422,12789.688,12789.688,1598.711,8.4,GLM-5 NVFP4 / vllm / agg,False
glm_vllm,GLM-5 NVFP4,agg,glm_vllm/nvidia/GLM-5-NVFP4_b300_sxm_vllm_isl4000_osl1000_ttft2000_tpot30_648170/agg/pareto.csv,nvidia/GLM-5-NVFP4,4000,1000,0,352,3.134,176.0,352.0,1708.392,111.383,112979.699,3.134,1.567,3130.495,1565.248,8.978,2,1.0,1.0,2.0,1.0,2.0,tp1pp1dp2etp1ep2,nvfp4,fp8,bfloat16,nvfp4,half,259.044,0.176,1.0,175.0,4175.0,4000.0,175.0,vllm,0.19.0,b300_sxm,0.0,1565.248,,,,,,,,,,,,,,,,,,,,,,,,,,,,,,,,,,,,,,,,,,,,vllm,False,8,3130.495,12521.984,12521.984,1565.248,8.978,GLM-5 NVFP4 / vllm / agg,False
glm_vllm,GLM-5 NVFP4,agg,glm_vllm/nvidia/GLM-5-NVFP4_b300_sxm_vllm_isl4000_osl1000_ttft2000_tpot30_648170/agg/pareto.csv,nvidia/GLM-5-NVFP4,4000,1000,0,320,3.057,160.0,320.0,1702.163,103.699,105297.621,3.057,1.529,3054.325,1527.163,9.643,2,1.0,1.0,2.0,1.0,2.0,tp1pp1dp2etp1ep2,nvfp4,fp8,bfloat16,nvfp4,half,254.545,0.16,1.0,159.0,4159.0,4000.0,159.0,vllm,0.19.0,b300_sxm,0.0,1527.163,,,,,,,,,,,,,,,,,,,,,,,,,,,,,,,,,,,,,,,,,,,,vllm,False,8,3054.325,12217.304,12217.304,1527.163,9.643,GLM-5 NVFP4 / vllm / agg,False
glm_vllm,GLM-5 NVFP4,agg,glm_vllm/nvidia/GLM-5-NVFP4_b300_sxm_vllm_isl4000_osl1000_ttft2000_tpot30_648170/agg/pareto.csv,nvidia/GLM-5-NVFP4,4000,1000,0,288,2.969,144.0,288.0,1695.934,96.006,97605.879,2.969,1.485,2966.412,1483.206,10.416,2,1.0,1.0,2.0,1.0,2.0,tp1pp1dp2etp1ep2,nvfp4,fp8,bfloat16,nvfp4,half,250.045,0.144,1.0,143.0,4143.0,4000.0,143.0,vllm,0.19.0,b300_sxm,0.0,1483.206,,,,,,,,,,,,,,,,,,,,,,,,,,,,,,,,,,,,,,,,,,,,vllm,False,8,2966.412,11865.648,11865.648,1483.206,10.416,GLM-5 NVFP4 / vllm / agg,False
glm_vllm,GLM-5 NVFP4,agg,glm_vllm/nvidia/GLM-5-NVFP4_b300_sxm_vllm_isl4000_osl1000_ttft2000_tpot30_648170/agg/pareto.csv,nvidia/GLM-5-NVFP4,4000,1000,0,512,5.78,128.0,512.0,1802.417,87.49,89204.742,5.78,1.445,5774.361,1443.59,11.43,4,1.0,1.0,4.0,1.0,4.0,tp1pp1dp4etp1ep4,nvfp4,fp8,bfloat16,nvfp4,half,146.827,0.128,1.0,127.0,4127.0,4000.0,127.0,vllm,0.19.0,b300_sxm,0.0,1443.59,,,,,,,,,,,,,,,,,,,,,,,,,,,,,,,,,,,,,,,,,,,,vllm,False,8,5774.361,11548.72,11548.72,1443.59,11.43,GLM-5 NVFP4 / vllm / agg,False
glm_vllm,GLM-5 NVFP4,agg,glm_vllm/nvidia/GLM-5-NVFP4_b300_sxm_vllm_isl4000_osl1000_ttft2000_tpot30_648170/agg/pareto.csv,nvidia/GLM-5-NVFP4,4000,1000,0,448,5.578,112.0,448.0,1795.369,79.202,80918.033,5.578,1.395,5572.751,1393.188,12.626,4,1.0,1.0,4.0,1.0,4.0,tp1pp1dp4etp1ep4,nvfp4,fp8,bfloat16,nvfp4,half,142.327,0.112,1.0,111.0,4111.0,4000.0,111.0,vllm,0.19.0,b300_sxm,0.0,1393.188,,,,,,,,,,,,,,,,,,,,,,,,,,,,,,,,,,,,,,,,,,,,vllm,False,8,5572.751,11145.504,11145.504,1393.188,12.626,GLM-5 NVFP4 / vllm / agg,False
glm_vllm,GLM-5 NVFP4,agg,glm_vllm/nvidia/GLM-5-NVFP4_b300_sxm_vllm_isl4000_osl1000_ttft2000_tpot30_648170/agg/pareto.csv,nvidia/GLM-5-NVFP4,4000,1000,0,384,5.346,96.0,384.0,1785.802,70.709,72423.631,5.346,1.336,5340.181,1335.045,14.143,4,1.0,1.0,4.0,1.0,4.0,tp1pp1dp4etp1ep4,nvfp4,fp8,bfloat16,nvfp4,half,137.827,0.096,1.0,95.0,4095.0,4000.0,95.0,vllm,0.19.0,b300_sxm,0.0,1335.045,,,,,,,,,,,,,,,,,,,,,,,,,,,,,,,,,,,,,,,,,,,,vllm,False,8,5340.181,10680.36,10680.36,1335.045,14.143,GLM-5 NVFP4 / vllm / agg,False
glm_vllm,GLM-5 NVFP4,agg,glm_vllm/nvidia/GLM-5-NVFP4_b300_sxm_vllm_isl4000_osl1000_ttft2000_tpot30_648170/agg/pareto.csv,nvidia/GLM-5-NVFP4,4000,1000,0,320,5.068,80.0,320.0,1778.799,61.996,63712.666,5.068,1.267,5062.716,1265.679,16.13,4,1.0,1.0,4.0,1.0,4.0,tp1pp1dp4etp1ep4,nvfp4,fp8,bfloat16,nvfp4,half,133.328,0.08,1.0,79.0,4079.0,4000.0,79.0,vllm,0.19.0,b300_sxm,0.0,1265.679,,,,,,,,,,,,,,,,,,,,,,,,,,,,,,,,,,,,,,,,,,,,vllm,False,8,5062.716,10125.432,10125.432,1265.679,16.13,GLM-5 NVFP4 / vllm / agg,False
glm_vllm,GLM-5 NVFP4,agg,glm_vllm/nvidia/GLM-5-NVFP4_b300_sxm_vllm_isl4000_osl1000_ttft2000_tpot30_648170/agg/pareto.csv,nvidia/GLM-5-NVFP4,4000,1000,0,256,4.744,64.0,256.0,1771.911,52.796,54515.161,4.744,1.186,4738.932,1184.733,18.941,4,1.0,1.0,4.0,1.0,4.0,tp1pp1dp4etp1ep4,nvfp4,fp8,bfloat16,nvfp4,half,128.828,0.064,1.0,63.0,4063.0,4000.0,63.0,vllm,0.19.0,b300_sxm,0.0,1184.733,,,,,,,,,,,,,,,,,,,,,,,,,,,,,,,,,,,,,,,,,,,,vllm,False,8,4738.932,9477.864,9477.864,1184.733,18.941,GLM-5 NVFP4 / vllm / agg,False
glm_vllm,GLM-5 NVFP4,agg,glm_vllm/nvidia/GLM-5-NVFP4_b300_sxm_vllm_isl4000_osl1000_ttft2000_tpot30_648170/agg/pareto.csv,nvidia/GLM-5-NVFP4,4000,1000,0,224,4.505,56.0,224.0,1769.325,48.546,50266.288,4.505,1.126,4500.103,1125.026,20.599,4,1.0,1.0,4.0,1.0,4.0,tp1pp1dp4etp1ep4,nvfp4,fp8,bfloat16,nvfp4,half,126.578,0.056,1.0,55.0,4055.0,4000.0,55.0,vllm,0.19.0,b300_sxm,0.0,1125.026,,,,,,,,,,,,,,,,,,,,,,,,,,,,,,,,,,,,,,,,,,,,vllm,False,8,4500.103,9000.208,9000.208,1125.026,20.599,GLM-5 NVFP4 / vllm / agg,False
glm_vllm,GLM-5 NVFP4,agg,glm_vllm/nvidia/GLM-5-NVFP4_b300_sxm_vllm_isl4000_osl1000_ttft2000_tpot30_648170/agg/pareto.csv,nvidia/GLM-5-NVFP4,4000,1000,0,192,4.229,48.0,192.0,1766.74,44.212,45934.624,4.229,1.057,4224.426,1056.106,22.618,4,1.0,1.0,4.0,1.0,4.0,tp1pp1dp4etp1ep4,nvfp4,fp8,bfloat16,nvfp4,half,124.329,0.048,1.0,47.0,4047.0,4000.0,47.0,vllm,0.19.0,b300_sxm,0.0,1056.106,,,,,,,,,,,,,,,,,,,,,,,,,,,,,,,,,,,,,,,,,,,,vllm,False,8,4224.426,8448.848,8448.848,1056.106,22.618,GLM-5 NVFP4 / vllm / agg,False
glm_vllm,GLM-5 NVFP4,agg,glm_vllm/nvidia/GLM-5-NVFP4_b300_sxm_vllm_isl4000_osl1000_ttft2000_tpot30_648170/agg/pareto.csv,nvidia/GLM-5-NVFP4,4000,1000,0,160,3.887,40.0,160.0,1697.999,39.964,41622.319,3.887,0.972,3882.674,970.668,25.022,4,1.0,1.0,4.0,1.0,4.0,tp1pp1dp4etp1ep4,nvfp4,fp8,bfloat16,nvfp4,half,122.079,0.04,1.0,39.0,4039.0,4000.0,39.0,vllm,0.19.0,b300_sxm,0.0,970.668,,,,,,,,,,,,,,,,,,,,,,,,,,,,,,,,,,,,,,,,,,,,vllm,False,8,3882.674,7765.344,7765.344,970.668,25.022,GLM-5 NVFP4 / vllm / agg,False
glm_vllm,GLM-5 NVFP4,agg,glm_vllm/nvidia/GLM-5-NVFP4_b300_sxm_vllm_isl4000_osl1000_ttft2000_tpot30_648170/agg/pareto.csv,nvidia/GLM-5-NVFP4,4000,1000,0,128,3.456,32.0,128.0,1519.291,35.818,37301.55,3.456,0.864,3453.037,863.259,27.919,4,1.0,1.0,4.0,1.0,4.0,tp1pp1dp4etp1ep4,nvfp4,fp8,bfloat16,nvfp4,half,119.829,0.032,1.0,31.0,4031.0,4000.0,31.0,vllm,0.19.0,b300_sxm,0.0,863.259,,,,,,,,,,,,,,,,,,,,,,,,,,,,,,,,,,,,,,,,,,,,vllm,False,8,3453.037,6906.072,6906.072,863.259,27.919,GLM-5 NVFP4 / vllm / agg,False
glm_vllm,GLM-5 NVFP4,agg,glm_vllm/nvidia/GLM-5-NVFP4_b300_sxm_vllm_isl4000_osl1000_ttft2000_tpot30_648170/agg/pareto.csv,nvidia/GLM-5-NVFP4,4000,1000,0,112,3.226,28.0,112.0,1429.927,33.499,34895.72,3.226,0.806,3222.699,805.675,29.851,4,1.0,1.0,4.0,1.0,4.0,tp1pp1dp4etp1ep4,nvfp4,fp8,bfloat16,nvfp4,half,118.704,0.028,1.0,27.0,4027.0,4000.0,27.0,vllm,0.19.0,b300_sxm,0.0,805.675,,,,,,,,,,,,,,,,,,,,,,,,,,,,,,,,,,,,,,,,,,,,vllm,False,8,3222.699,6445.4,6445.4,805.675,29.851,GLM-5 NVFP4 / vllm / agg,False
glm_vllm,GLM-5 NVFP4,agg,glm_vllm/nvidia/GLM-5-NVFP4_b300_sxm_vllm_isl4000_osl1000_ttft2000_tpot30_648170/agg/pareto.csv,nvidia/GLM-5-NVFP4,4000,1000,0,96,2.963,24.0,96.0,1340.721,31.179,32488.538,2.963,0.741,2959.616,739.904,32.073,4,1.0,1.0,4.0,1.0,4.0,tp1pp1dp4etp1ep4,nvfp4,fp8,bfloat16,nvfp4,half,117.579,0.024,1.0,23.0,4023.0,4000.0,23.0,vllm,0.19.0,b300_sxm,0.0,739.904,,,,,,,,,,,,,,,,,,,,,,,,,,,,,,,,,,,,,,,,,,,,vllm,False,8,2959.616,5919.232,5919.232,739.904,32.073,GLM-5 NVFP4 / vllm / agg,False
glm_vllm,GLM-5 NVFP4,agg,glm_vllm/nvidia/GLM-5-NVFP4_b300_sxm_vllm_isl4000_osl1000_ttft2000_tpot30_648170/agg/pareto.csv,nvidia/GLM-5-NVFP4,4000,1000,0,80,2.656,20.0,80.0,1979.711,27.68,29632.396,2.656,0.664,2652.98,663.245,36.127,4,1.0,1.0,4.0,1.0,4.0,tp1pp1dp4etp1ep4,nvfp4,fp8,bfloat16,nvfp4,half,119.749,0.01,2.0,18.0,8018.0,8000.0,18.0,vllm,0.19.0,b300_sxm,0.0,663.245,,,,,,,,,,,,,,,,,,,,,,,,,,,,,,,,,,,,,,,,,,,,vllm,True,8,2652.98,5305.96,5305.96,663.245,36.127,GLM-5 NVFP4 / vllm / agg,False
glm_vllm,GLM-5 NVFP4,agg,glm_vllm/nvidia/GLM-5-NVFP4_b300_sxm_vllm_isl4000_osl1000_ttft2000_tpot30_648170/agg/pareto.csv,nvidia/GLM-5-NVFP4,4000,1000,0,128,4.708,16.0,128.0,1365.753,25.718,27057.581,4.708,0.589,4703.506,587.938,38.884,8,1.0,1.0,8.0,1.0,8.0,tp1pp1dp8etp1ep8,nvfp4,fp8,bfloat16,nvfp4,half,65.97,0.016,1.0,15.0,4015.0,4000.0,15.0,vllm,0.19.0,b300_sxm,0.0,587.938,,,,,,,,,,,,,,,,,,,,,,,,,,,,,,,,,,,,,,,,,,,,vllm,True,8,4703.506,4703.504,4703.504,587.938,38.884,GLM-5 NVFP4 / vllm / agg,False
glm_vllm,GLM-5 NVFP4,agg,glm_vllm/nvidia/GLM-5-NVFP4_b300_sxm_vllm_isl4000_osl1000_ttft2000_tpot30_648170/agg/pareto.csv,nvidia/GLM-5-NVFP4,4000,1000,0,120,4.509,15.0,120.0,1339.816,25.14,26454.898,4.509,0.564,4504.948,563.118,39.777,8,1.0,1.0,8.0,1.0,8.0,tp1pp1dp8etp1ep8,nvfp4,fp8,bfloat16,nvfp4,half,65.689,0.015,1.0,14.0,4014.0,4000.0,14.0,vllm,0.19.0,b300_sxm,0.0,563.118,,,,,,,,,,,,,,,,,,,,,,,,,,,,,,,,,,,,,,,,,,,,vllm,True,8,4504.948,4504.944,4504.944,563.118,39.777,GLM-5 NVFP4 / vllm / agg,False
glm_vllm,GLM-5 NVFP4,agg,glm_vllm/nvidia/GLM-5-NVFP4_b300_sxm_vllm_isl4000_osl1000_ttft2000_tpot30_648170/agg/pareto.csv,nvidia/GLM-5-NVFP4,4000,1000,0,112,4.302,14.0,112.0,1313.885,24.563,25852.19,4.302,0.538,4297.612,537.201,40.712,8,1.0,1.0,8.0,1.0,8.0,tp1pp1dp8etp1ep8,nvfp4,fp8,bfloat16,nvfp4,half,65.408,0.014,1.0,13.0,4013.0,4000.0,13.0,vllm,0.19.0,b300_sxm,0.0,537.201,,,,,,,,,,,,,,,,,,,,,,,,,,,,,,,,,,,,,,,,,,,,vllm,True,8,4297.612,4297.608,4297.608,537.201,40.712,GLM-5 NVFP4 / vllm / agg,False
glm_vllm,GLM-5 NVFP4,agg,glm_vllm/nvidia/GLM-5-NVFP4_b300_sxm_vllm_isl4000_osl1000_ttft2000_tpot30_648170/agg/pareto.csv,nvidia/GLM-5-NVFP4,4000,1000,0,56,2.073,14.0,56.0,1852.489,24.56,26388.07,2.073,0.518,2071.035,517.759,40.716,4,1.0,1.0,4.0,1.0,4.0,tp1pp1dp4etp1ep4,nvfp4,fp8,bfloat16,nvfp4,half,118.062,0.007,2.0,12.0,8012.0,8000.0,12.0,vllm,0.19.0,b300_sxm,0.0,517.759,,,,,,,,,,,,,,,,,,,,,,,,,,,,,,,,,,,,,,,,,,,,vllm,True,8,2071.035,4142.072,4142.072,517.759,40.716,GLM-5 NVFP4 / vllm / agg,False
glm_vllm,GLM-5 NVFP4,agg,glm_vllm/nvidia/GLM-5-NVFP4_b300_sxm_vllm_isl4000_osl1000_ttft2000_tpot30_648170/agg/pareto.csv,nvidia/GLM-5-NVFP4,4000,1000,0,104,4.085,13.0,104.0,1287.961,23.985,25249.459,4.085,0.511,4080.902,510.113,41.692,8,1.0,1.0,8.0,1.0,8.0,tp1pp1dp8etp1ep8,nvfp4,fp8,bfloat16,nvfp4,half,65.126,0.013,1.0,12.0,4012.0,4000.0,12.0,vllm,0.19.0,b300_sxm,0.0,510.113,,,,,,,,,,,,,,,,,,,,,,,,,,,,,,,,,,,,,,,,,,,,vllm,True,8,4080.902,4080.904,4080.904,510.113,41.692,GLM-5 NVFP4 / vllm / agg,False
glm_vllm,GLM-5 NVFP4,agg,glm_vllm/nvidia/GLM-5-NVFP4_b300_sxm_vllm_isl4000_osl1000_ttft2000_tpot30_648170/agg/pareto.csv,nvidia/GLM-5-NVFP4,4000,1000,0,96,3.858,12.0,96.0,1262.043,23.408,24646.703,3.858,0.482,3854.166,481.771,42.72,8,1.0,1.0,8.0,1.0,8.0,tp1pp1dp8etp1ep8,nvfp4,fp8,bfloat16,nvfp4,half,64.845,0.012,1.0,11.0,4011.0,4000.0,11.0,vllm,0.19.0,b300_sxm,0.0,481.771,,,,,,,,,,,,,,,,,,,,,,,,,,,,,,,,,,,,,,,,,,,,vllm,True,8,3854.166,3854.168,3854.168,481.771,42.72,GLM-5 NVFP4 / vllm / agg,False
glm_vllm,GLM-5 NVFP4,agg,glm_vllm/nvidia/GLM-5-NVFP4_b300_sxm_vllm_isl4000_osl1000_ttft2000_tpot30_648170/agg/pareto.csv,nvidia/GLM-5-NVFP4,4000,1000,0,48,1.867,12.0,48.0,1810.186,23.252,25038.543,1.867,0.467,1865.278,466.32,43.008,4,1.0,1.0,4.0,1.0,4.0,tp1pp1dp4etp1ep4,nvfp4,fp8,bfloat16,nvfp4,half,117.5,0.006,2.0,10.0,8010.0,8000.0,10.0,vllm,0.19.0,b300_sxm,0.0,466.32,,,,,,,,,,,,,,,,,,,,,,,,,,,,,,,,,,,,,,,,,,,,vllm,True,8,1865.278,3730.56,3730.56,466.32,43.008,GLM-5 NVFP4 / vllm / agg,False
glm_vllm,GLM-5 NVFP4,agg,glm_vllm/nvidia/GLM-5-NVFP4_b300_sxm_vllm_isl4000_osl1000_ttft2000_tpot30_648170/agg/pareto.csv,nvidia/GLM-5-NVFP4,4000,1000,0,88,3.627,11.0,88.0,1236.132,22.786,23999.507,3.627,0.453,3623.3,452.912,43.886,8,1.0,1.0,8.0,1.0,8.0,tp1pp1dp8etp1ep8,nvfp4,fp8,bfloat16,nvfp4,half,64.564,0.011,1.0,10.0,4010.0,4000.0,10.0,vllm,0.19.0,b300_sxm,0.0,452.912,,,,,,,,,,,,,,,,,,,,,,,,,,,,,,,,,,,,,,,,,,,,vllm,True,8,3623.3,3623.296,3623.296,452.912,43.886,GLM-5 NVFP4 / vllm / agg,False
glm_vllm,GLM-5 NVFP4,agg,glm_vllm/nvidia/GLM-5-NVFP4_b300_sxm_vllm_isl4000_osl1000_ttft2000_tpot30_648170/agg/pareto.csv,nvidia/GLM-5-NVFP4,4000,1000,0,80,3.386,10.0,80.0,1210.227,22.147,23335.439,3.386,0.423,3382.73,422.841,45.152,8,1.0,1.0,8.0,1.0,8.0,tp1pp1dp8etp1ep8,nvfp4,fp8,bfloat16,nvfp4,half,64.283,0.01,1.0,9.0,4009.0,4000.0,9.0,vllm,0.19.0,b300_sxm,0.0,422.841,,,,,,,,,,,,,,,,,,,,,,,,,,,,,,,,,,,,,,,,,,,,vllm,True,8,3382.73,3382.728,3382.728,422.841,45.152,GLM-5 NVFP4 / vllm / agg,False
glm_vllm,GLM-5 NVFP4,agg,glm_vllm/nvidia/GLM-5-NVFP4_b300_sxm_vllm_isl4000_osl1000_ttft2000_tpot30_648170/agg/pareto.csv,nvidia/GLM-5-NVFP4,4000,1000,0,72,3.13,9.0,72.0,1184.328,21.521,22683.324,3.13,0.391,3127.205,390.901,46.467,8,1.0,1.0,8.0,1.0,8.0,tp1pp1dp8etp1ep8,nvfp4,fp8,bfloat16,nvfp4,half,64.001,0.009,1.0,8.0,4008.0,4000.0,8.0,vllm,0.19.0,b300_sxm,0.0,390.901,,,,,,,,,,,,,,,,,,,,,,,,,,,,,,,,,,,,,,,,,,,,vllm,True,8,3127.205,3127.208,3127.208,390.901,46.467,GLM-5 NVFP4 / vllm / agg,False
glm_vllm,GLM-5 NVFP4,agg,glm_vllm/nvidia/GLM-5-NVFP4_b300_sxm_vllm_isl4000_osl1000_ttft2000_tpot30_648170/agg/pareto.csv,nvidia/GLM-5-NVFP4,4000,1000,0,64,2.87,8.0,64.0,1157.965,20.816,21953.537,2.87,0.359,2867.356,358.42,48.039,8,1.0,1.0,8.0,1.0,8.0,tp1pp1dp8etp1ep8,nvfp4,fp8,bfloat16,nvfp4,half,63.72,0.008,1.0,7.0,4007.0,4000.0,7.0,vllm,0.19.0,b300_sxm,0.0,358.42,,,,,,,,,,,,,,,,,,,,,,,,,,,,,,,,,,,,,,,,,,,,vllm,True,8,2867.356,2867.36,2867.36,358.42,48.039,GLM-5 NVFP4 / vllm / agg,False
glm_vllm,GLM-5 NVFP4,agg,glm_vllm/nvidia/GLM-5-NVFP4_b300_sxm_vllm_isl4000_osl1000_ttft2000_tpot30_648170/agg/pareto.csv,nvidia/GLM-5-NVFP4,4000,1000,0,64,2.793,8.0,64.0,1960.172,20.108,22048.134,2.793,0.349,2789.98,348.748,49.731,8,1.0,1.0,8.0,8.0,1.0,tp1pp1dp8etp8ep1,nvfp4,fp8,bfloat16,nvfp4,half,94.38,0.004,2.0,6.0,8006.0,8000.0,6.0,vllm,0.19.0,b300_sxm,0.0,348.748,,,,,,,,,,,,,,,,,,,,,,,,,,,,,,,,,,,,,,,,,,,,vllm,True,8,2789.98,2789.984,2789.984,348.748,49.731,GLM-5 NVFP4 / vllm / agg,False
glm_vllm,GLM-5 NVFP4,agg,glm_vllm/nvidia/GLM-5-NVFP4_b300_sxm_vllm_isl4000_osl1000_ttft2000_tpot30_648170/agg/pareto.csv,nvidia/GLM-5-NVFP4,4000,1000,0,56,2.598,7.0,56.0,1131.629,20.074,21185.727,2.598,0.325,2595.157,324.395,49.815,8,1.0,1.0,8.0,1.0,8.0,tp1pp1dp8etp1ep8,nvfp4,fp8,bfloat16,nvfp4,half,63.439,0.007,1.0,6.0,4006.0,4000.0,6.0,vllm,0.19.0,b300_sxm,0.0,324.395,,,,,,,,,,,,,,,,,,,,,,,,,,,,,,,,,,,,,,,,,,,,vllm,True,8,2595.157,2595.16,2595.16,324.395,49.815,GLM-5 NVFP4 / vllm / agg,False
glm_vllm,GLM-5 NVFP4,agg,glm_vllm/nvidia/GLM-5-NVFP4_b300_sxm_vllm_isl4000_osl1000_ttft2000_tpot30_648170/agg/pareto.csv,nvidia/GLM-5-NVFP4,4000,1000,0,56,2.494,7.0,56.0,1959.625,19.647,21587.24,2.494,0.312,2491.265,311.408,50.898,8,1.0,1.0,8.0,8.0,1.0,tp1pp1dp8etp8ep1,nvfp4,fp8,bfloat16,nvfp4,half,94.095,0.004,2.0,5.0,8005.0,8000.0,5.0,vllm,0.19.0,b300_sxm,0.0,311.408,,,,,,,,,,,,,,,,,,,,,,,,,,,,,,,,,,,,,,,,,,,,vllm,True,8,2491.265,2491.264,2491.264,311.408,50.898,GLM-5 NVFP4 / vllm / agg,False
glm_vllm,GLM-5 NVFP4,agg,glm_vllm/nvidia/GLM-5-NVFP4_b300_sxm_vllm_isl4000_osl1000_ttft2000_tpot30_648170/agg/pareto.csv,nvidia/GLM-5-NVFP4,4000,1000,0,48,2.313,6.0,48.0,1986.799,18.803,20771.212,2.313,0.289,2310.672,288.834,53.182,8,1.0,1.0,8.0,1.0,8.0,tp1pp1dp8etp1ep8,nvfp4,fp8,bfloat16,nvfp4,half,66.453,0.003,2.0,4.0,8004.0,8000.0,4.0,vllm,0.19.0,b300_sxm,0.0,288.834,,,,,,,,,,,,,,,,,,,,,,,,,,,,,,,,,,,,,,,,,,,,vllm,True,8,2310.672,2310.672,2310.672,288.834,53.182,GLM-5 NVFP4 / vllm / agg,False
glm_vllm,GLM-5 NVFP4,agg,glm_vllm/nvidia/GLM-5-NVFP4_b300_sxm_vllm_isl4000_osl1000_ttft2000_tpot30_648170/agg/pareto.csv,nvidia/GLM-5-NVFP4,4000,1000,0,40,2.012,5.0,40.0,1079.039,18.398,19458.37,2.012,0.251,2009.654,251.207,54.355,8,1.0,1.0,8.0,1.0,8.0,tp1pp1dp8etp1ep8,nvfp4,fp8,bfloat16,nvfp4,half,62.877,0.005,1.0,4.0,4004.0,4000.0,4.0,vllm,0.19.0,b300_sxm,0.0,251.207,,,,,,,,,,,,,,,,,,,,,,,,,,,,,,,,,,,,,,,,,,,,vllm,True,8,2009.654,2009.656,2009.656,251.207,54.355,GLM-5 NVFP4 / vllm / agg,False
glm_vllm,GLM-5 NVFP4,agg,glm_vllm/nvidia/GLM-5-NVFP4_b300_sxm_vllm_isl4000_osl1000_ttft2000_tpot30_648170/agg/pareto.csv,nvidia/GLM-5-NVFP4,4000,1000,0,40,1.968,5.0,40.0,1986.514,18.38,20347.834,1.968,0.246,1965.621,245.703,54.408,8,1.0,1.0,8.0,1.0,8.0,tp1pp1dp8etp1ep8,nvfp4,fp8,bfloat16,nvfp4,half,66.172,0.002,2.0,3.0,8003.0,8000.0,3.0,vllm,0.19.0,b300_sxm,0.0,245.703,,,,,,,,,,,,,,,,,,,,,,,,,,,,,,,,,,,,,,,,,,,,vllm,True,8,1965.621,1965.624,1965.624,245.703,54.408,GLM-5 NVFP4 / vllm / agg,False
glm_vllm,GLM-5 NVFP4,agg,glm_vllm/nvidia/GLM-5-NVFP4_b300_sxm_vllm_isl4000_osl1000_ttft2000_tpot30_648170/agg/pareto.csv,nvidia/GLM-5-NVFP4,4000,1000,0,32,1.694,4.0,32.0,1936.574,17.919,19837.967,1.694,0.212,1691.92,211.49,55.806,8,1.0,1.0,8.0,1.0,8.0,tp1pp1dp8etp1ep8,nvfp4,fp8,bfloat16,nvfp4,half,65.89,0.002,2.0,2.0,8002.0,8000.0,2.0,vllm,0.19.0,b300_sxm,0.0,211.49,,,,,,,,,,,,,,,,,,,,,,,,,,,,,,,,,,,,,,,,,,,,vllm,True,8,1691.92,1691.92,1691.92,211.49,55.806,GLM-5 NVFP4 / vllm / agg,False
glm_vllm,GLM-5 NVFP4,agg,glm_vllm/nvidia/GLM-5-NVFP4_b300_sxm_vllm_isl4000_osl1000_ttft2000_tpot30_648170/agg/pareto.csv,nvidia/GLM-5-NVFP4,4000,1000,0,32,1.691,4.0,32.0,1053.058,17.44,18476.02,1.691,0.211,1688.825,211.103,57.338,8,1.0,1.0,8.0,1.0,8.0,tp1pp1dp8etp1ep8,nvfp4,fp8,bfloat16,nvfp4,half,62.595,0.004,1.0,3.0,4003.0,4000.0,3.0,vllm,0.19.0,b300_sxm,0.0,211.103,,,,,,,,,,,,,,,,,,,,,,,,,,,,,,,,,,,,,,,,,,,,vllm,True,8,1688.825,1688.824,1688.824,211.103,57.338,GLM-5 NVFP4 / vllm / agg,False
glm_vllm,GLM-5 NVFP4,agg,glm_vllm/nvidia/GLM-5-NVFP4_b300_sxm_vllm_isl4000_osl1000_ttft2000_tpot30_648170/agg/pareto.csv,nvidia/GLM-5-NVFP4,4000,1000,0,12,0.667,3.0,12.0,891.881,17.14,18015.044,0.667,0.167,666.078,166.519,58.342,4,1.0,1.0,4.0,4.0,1.0,tp1pp1dp4etp4ep1,nvfp4,fp8,bfloat16,nvfp4,half,117.536,0.003,1.0,2.0,4002.0,4000.0,2.0,vllm,0.19.0,b300_sxm,0.0,166.519,,,,,,,,,,,,,,,,,,,,,,,,,,,,,,,,,,,,,,,,,,,,vllm,True,8,666.078,1332.152,1332.152,166.519,58.342,GLM-5 NVFP4 / vllm / agg,False
glm_vllm,GLM-5 NVFP4,agg,glm_vllm/nvidia/GLM-5-NVFP4_b300_sxm_vllm_isl4000_osl1000_ttft2000_tpot30_648170/agg/pareto.csv,nvidia/GLM-5-NVFP4,4000,1000,0,10,0.553,10.0,10.0,1043.496,16.63,17656.733,0.553,0.138,552.829,138.207,60.133,4,4.0,1.0,1.0,4.0,1.0,tp4pp1dp1etp4ep1,nvfp4,fp8,bfloat16,nvfp4,half,113.367,0.005,2.0,8.0,8008.0,8000.0,8.0,vllm,0.19.0,b300_sxm,0.0,138.207,,,,,,,,,,,,,,,,,,,,,,,,,,,,,,,,,,,,,,,,,,,,vllm,True,8,552.829,1105.656,1105.656,138.207,60.133,GLM-5 NVFP4 / vllm / agg,False
glm_vllm,GLM-5 NVFP4,agg,glm_vllm/nvidia/GLM-5-NVFP4_b300_sxm_vllm_isl4000_osl1000_ttft2000_tpot30_648170/agg/pareto.csv,nvidia/GLM-5-NVFP4,4000,1000,0,9,0.502,9.0,9.0,1042.98,16.487,17513.191,0.502,0.126,501.528,125.382,60.655,4,4.0,1.0,1.0,4.0,1.0,tp4pp1dp1etp4ep1,nvfp4,fp8,bfloat16,nvfp4,half,113.086,0.004,2.0,7.0,8007.0,8000.0,7.0,vllm,0.19.0,b300_sxm,0.0,125.382,,,,,,,,,,,,,,,,,,,,,,,,,,,,,,,,,,,,,,,,,,,,vllm,True,8,501.528,1003.056,1003.056,125.382,60.655,GLM-5 NVFP4 / vllm / agg,False
glm_vllm,GLM-5 NVFP4,agg,glm_vllm/nvidia/GLM-5-NVFP4_b300_sxm_vllm_isl4000_osl1000_ttft2000_tpot30_648170/agg/pareto.csv,nvidia/GLM-5-NVFP4,4000,1000,0,16,0.953,2.0,16.0,1000.785,16.292,17276.823,0.953,0.119,952.037,119.005,61.379,8,1.0,1.0,8.0,1.0,8.0,tp1pp1dp8etp1ep8,nvfp4,fp8,bfloat16,nvfp4,half,62.033,0.002,1.0,1.0,4001.0,4000.0,1.0,vllm,0.19.0,b300_sxm,0.0,119.005,,,,,,,,,,,,,,,,,,,,,,,,,,,,,,,,,,,,,,,,,,,,vllm,True,8,952.037,952.04,952.04,119.005,61.379,GLM-5 NVFP4 / vllm / agg,False
glm_vllm,GLM-5 NVFP4,agg,glm_vllm/nvidia/GLM-5-NVFP4_b300_sxm_vllm_isl4000_osl1000_ttft2000_tpot30_648170/agg/pareto.csv,nvidia/GLM-5-NVFP4,4000,1000,0,4,0.233,4.0,4.0,673.123,16.234,16891.098,0.233,0.116,232.724,116.362,61.598,2,2.0,1.0,1.0,2.0,1.0,tp2pp1dp1etp2ep1,nvfp4,fp8,bfloat16,nvfp4,half,208.8,0.004,1.0,3.0,4003.0,4000.0,3.0,vllm,0.19.0,b300_sxm,0.0,116.362,,,,,,,,,,,,,,,,,,,,,,,,,,,,,,,,,,,,,,,,,,,,vllm,True,8,232.724,930.896,930.896,116.362,61.598,GLM-5 NVFP4 / vllm / agg,False
glm_vllm,GLM-5 NVFP4,agg,glm_vllm/nvidia/GLM-5-NVFP4_b300_sxm_vllm_isl4000_osl1000_ttft2000_tpot30_648170/agg/pareto.csv,nvidia/GLM-5-NVFP4,4000,1000,0,8,0.463,8.0,8.0,1017.644,15.828,16829.437,0.463,0.116,462.785,115.696,63.181,4,4.0,1.0,1.0,4.0,1.0,tp4pp1dp1etp4ep1,nvfp4,fp8,bfloat16,nvfp4,half,112.805,0.004,2.0,6.0,8006.0,8000.0,6.0,vllm,0.19.0,b300_sxm,0.0,115.696,,,,,,,,,,,,,,,,,,,,,,,,,,,,,,,,,,,,,,,,,,,,vllm,True,8,462.785,925.568,925.568,115.696,63.181,GLM-5 NVFP4 / vllm / agg,False
glm_vllm,GLM-5 NVFP4,agg,glm_vllm/nvidia/GLM-5-NVFP4_b300_sxm_vllm_isl4000_osl1000_ttft2000_tpot30_648170/agg/pareto.csv,nvidia/GLM-5-NVFP4,4000,1000,0,7,0.418,7.0,7.0,1017.14,15.321,16323.258,0.418,0.104,417.145,104.286,65.268,4,4.0,1.0,1.0,4.0,1.0,tp4pp1dp1etp4ep1,nvfp4,fp8,bfloat16,nvfp4,half,112.524,0.004,2.0,5.0,8005.0,8000.0,5.0,vllm,0.19.0,b300_sxm,0.0,104.286,,,,,,,,,,,,,,,,,,,,,,,,,,,,,,,,,,,,,,,,,,,,vllm,True,8,417.145,834.288,834.288,104.286,65.268,GLM-5 NVFP4 / vllm / agg,False
glm_vllm,GLM-5 NVFP4,agg,glm_vllm/nvidia/GLM-5-NVFP4_b300_sxm_vllm_isl4000_osl1000_ttft2000_tpot30_648170/agg/pareto.csv,nvidia/GLM-5-NVFP4,4000,1000,0,3,0.191,3.0,3.0,656.379,15.041,15682.024,0.191,0.096,191.294,95.647,66.486,2,2.0,1.0,1.0,2.0,1.0,tp2pp1dp1etp2ep1,nvfp4,fp8,bfloat16,nvfp4,half,208.519,0.003,1.0,2.0,4002.0,4000.0,2.0,vllm,0.19.0,b300_sxm,0.0,95.647,,,,,,,,,,,,,,,,,,,,,,,,,,,,,,,,,,,,,,,,,,,,vllm,True,8,191.294,765.176,765.176,95.647,66.486,GLM-5 NVFP4 / vllm / agg,False
glm_vllm,GLM-5 NVFP4,agg,glm_vllm/nvidia/GLM-5-NVFP4_b300_sxm_vllm_isl4000_osl1000_ttft2000_tpot30_648170/agg/pareto.csv,nvidia/GLM-5-NVFP4,4000,1000,0,6,0.381,6.0,6.0,991.84,14.802,15778.854,0.381,0.095,380.232,95.058,67.559,4,4.0,1.0,1.0,4.0,1.0,tp4pp1dp1etp4ep1,nvfp4,fp8,bfloat16,nvfp4,half,112.243,0.003,2.0,4.0,8004.0,8000.0,4.0,vllm,0.19.0,b300_sxm,0.0,95.058,,,,,,,,,,,,,,,,,,,,,,,,,,,,,,,,,,,,,,,,,,,,vllm,True,8,380.232,760.464,760.464,95.058,67.559,GLM-5 NVFP4 / vllm / agg,False
glm_vllm,GLM-5 NVFP4,agg,glm_vllm/nvidia/GLM-5-NVFP4_b300_sxm_vllm_isl4000_osl1000_ttft2000_tpot30_648170/agg/pareto.csv,nvidia/GLM-5-NVFP4,4000,1000,0,5,0.331,5.0,5.0,586.573,14.331,14902.759,0.331,0.083,330.237,82.559,69.781,4,4.0,1.0,1.0,4.0,1.0,tp4pp1dp1etp4ep1,nvfp4,fp8,bfloat16,nvfp4,half,109.399,0.005,1.0,4.0,4004.0,4000.0,4.0,vllm,0.19.0,b300_sxm,0.0,82.559,,,,,,,,,,,,,,,,,,,,,,,,,,,,,,,,,,,,,,,,,,,,vllm,True,8,330.237,660.472,660.472,82.559,69.781,GLM-5 NVFP4 / vllm / agg,False
glm_vllm,GLM-5 NVFP4,agg,glm_vllm/nvidia/GLM-5-NVFP4_b300_sxm_vllm_isl4000_osl1000_ttft2000_tpot30_648170/agg/pareto.csv,nvidia/GLM-5-NVFP4,4000,1000,0,5,0.328,5.0,5.0,991.57,14.281,15258.115,0.328,0.082,327.673,81.918,70.024,4,4.0,1.0,1.0,4.0,1.0,tp4pp1dp1etp4ep1,nvfp4,fp8,bfloat16,nvfp4,half,111.962,0.002,2.0,3.0,8003.0,8000.0,3.0,vllm,0.19.0,b300_sxm,0.0,81.918,,,,,,,,,,,,,,,,,,,,,,,,,,,,,,,,,,,,,,,,,,,,vllm,True,8,327.673,655.344,655.344,81.918,70.024,GLM-5 NVFP4 / vllm / agg,False
glm_vllm,GLM-5 NVFP4,agg,glm_vllm/nvidia/GLM-5-NVFP4_b300_sxm_vllm_isl4000_osl1000_ttft2000_tpot30_648170/agg/pareto.csv,nvidia/GLM-5-NVFP4,4000,1000,0,2,0.141,2.0,2.0,639.247,13.867,14492.404,0.141,0.071,140.893,70.446,72.114,2,2.0,1.0,1.0,2.0,1.0,tp2pp1dp1etp2ep1,nvfp4,fp8,bfloat16,nvfp4,half,208.238,0.002,1.0,1.0,4001.0,4000.0,1.0,vllm,0.19.0,b300_sxm,0.0,70.446,,,,,,,,,,,,,,,,,,,,,,,,,,,,,,,,,,,,,,,,,,,,vllm,True,8,140.893,563.568,563.568,70.446,72.114,GLM-5 NVFP4 / vllm / agg,False
glm_vllm,GLM-5 NVFP4,agg,glm_vllm/nvidia/GLM-5-NVFP4_b300_sxm_vllm_isl4000_osl1000_ttft2000_tpot30_648170/agg/pareto.csv,nvidia/GLM-5-NVFP4,4000,1000,0,4,0.281,4.0,4.0,966.516,13.74,14692.488,0.281,0.07,280.981,70.245,72.782,4,4.0,1.0,1.0,4.0,1.0,tp4pp1dp1etp4ep1,nvfp4,fp8,bfloat16,nvfp4,half,111.681,0.002,2.0,2.0,8002.0,8000.0,2.0,vllm,0.19.0,b300_sxm,0.0,70.245,,,,,,,,,,,,,,,,,,,,,,,,,,,,,,,,,,,,,,,,,,,,vllm,True,8,280.981,561.96,561.96,70.245,72.782,GLM-5 NVFP4 / vllm / agg,False
glm_vllm,GLM-5 NVFP4,agg,glm_vllm/nvidia/GLM-5-NVFP4_b300_sxm_vllm_isl4000_osl1000_ttft2000_tpot30_648170/agg/pareto.csv,nvidia/GLM-5-NVFP4,4000,1000,0,4,0.279,4.0,4.0,572.332,13.524,14082.375,0.279,0.07,279.039,69.76,73.945,4,4.0,1.0,1.0,4.0,1.0,tp4pp1dp1etp4ep1,nvfp4,fp8,bfloat16,nvfp4,half,109.118,0.004,1.0,3.0,4003.0,4000.0,3.0,vllm,0.19.0,b300_sxm,0.0,69.76,,,,,,,,,,,,,,,,,,,,,,,,,,,,,,,,,,,,,,,,,,,,vllm,True,8,279.039,558.08,558.08,69.76,73.945,GLM-5 NVFP4 / vllm / agg,False
glm_vllm,GLM-5 NVFP4,agg,glm_vllm/nvidia/GLM-5-NVFP4_b300_sxm_vllm_isl4000_osl1000_ttft2000_tpot30_648170/agg/pareto.csv,nvidia/GLM-5-NVFP4,4000,1000,0,3,0.225,3.0,3.0,558.105,12.83,13375.234,0.225,0.056,224.286,56.071,77.943,4,4.0,1.0,1.0,4.0,1.0,tp4pp1dp1etp4ep1,nvfp4,fp8,bfloat16,nvfp4,half,108.837,0.003,1.0,2.0,4002.0,4000.0,2.0,vllm,0.19.0,b300_sxm,0.0,56.071,,,,,,,,,,,,,,,,,,,,,,,,,,,,,,,,,,,,,,,,,,,,vllm,True,8,224.286,448.568,448.568,56.071,77.943,GLM-5 NVFP4 / vllm / agg,False
glm_vllm,GLM-5 NVFP4,agg,glm_vllm/nvidia/GLM-5-NVFP4_b300_sxm_vllm_isl4000_osl1000_ttft2000_tpot30_648170/agg/pareto.csv,nvidia/GLM-5-NVFP4,4000,1000,0,1,0.081,1.0,1.0,590.589,12.112,12690.14,0.081,0.04,80.497,40.249,82.565,2,2.0,1.0,1.0,1.0,2.0,tp2pp1dp1etp1ep2,nvfp4,fp8,bfloat16,nvfp4,half,206.98,0.001,1.0,1.0,4000.0,4000.0,1.0,vllm,0.19.0,b300_sxm,0.0,40.249,,,,,,,,,,,,,,,,,,,,,,,,,,,,,,,,,,,,,,,,,,,,vllm,True,8,80.497,321.992,321.992,40.249,82.565,GLM-5 NVFP4 / vllm / agg,False
glm_vllm,GLM-5 NVFP4,agg,glm_vllm/nvidia/GLM-5-NVFP4_b300_sxm_vllm_isl4000_osl1000_ttft2000_tpot30_648170/agg/pareto.csv,nvidia/GLM-5-NVFP4,4000,1000,0,3,0.243,3.0,3.0,536.542,11.814,12338.434,0.243,0.03,243.132,30.392,84.647,8,8.0,1.0,1.0,8.0,1.0,tp8pp1dp1etp8ep1,nvfp4,fp8,bfloat16,nvfp4,half,59.063,0.003,1.0,2.0,4002.0,4000.0,2.0,vllm,0.19.0,b300_sxm,0.0,30.392,,,,,,,,,,,,,,,,,,,,,,,,,,,,,,,,,,,,,,,,,,,,vllm,True,8,243.132,243.136,243.136,30.392,84.647,GLM-5 NVFP4 / vllm / agg,False
glm_vllm,GLM-5 NVFP4,agg,glm_vllm/nvidia/GLM-5-NVFP4_b300_sxm_vllm_isl4000_osl1000_ttft2000_tpot30_648170/agg/pareto.csv,nvidia/GLM-5-NVFP4,4000,1000,0,1,0.091,1.0,1.0,513.606,10.722,11224.984,0.091,0.023,90.97,22.742,93.265,4,4.0,1.0,1.0,4.0,1.0,tp4pp1dp1etp4ep1,nvfp4,fp8,bfloat16,nvfp4,half,108.275,0.001,1.0,1.0,4000.0,4000.0,1.0,vllm,0.19.0,b300_sxm,0.0,22.742,,,,,,,,,,,,,,,,,,,,,,,,,,,,,,,,,,,,,,,,,,,,vllm,True,8,90.97,181.936,181.936,22.742,93.265,GLM-5 NVFP4 / vllm / agg,False
glm_vllm,GLM-5 NVFP4,agg,glm_vllm/nvidia/GLM-5-NVFP4_b300_sxm_vllm_isl4000_osl1000_ttft2000_tpot30_648170/agg/pareto.csv,nvidia/GLM-5-NVFP4,4000,1000,0,1,0.097,1.0,1.0,471.933,10.113,10574.866,0.097,0.012,96.509,12.064,98.882,8,8.0,1.0,1.0,1.0,8.0,tp8pp1dp1etp1ep8,nvfp4,fp8,bfloat16,nvfp4,half,56.792,0.001,1.0,1.0,4000.0,4000.0,1.0,vllm,0.19.0,b300_sxm,0.0,12.064,,,,,,,,,,,,,,,,,,,,,,,,,,,,,,,,,,,,,,,,,,,,vllm,True,8,96.509,96.512,96.512,12.064,98.882,GLM-5 NVFP4 / vllm / agg,False
glm_vllm,GLM-5 NVFP4,disagg,glm_vllm/nvidia/GLM-5-NVFP4_b300_sxm_vllm_isl4000_osl1000_ttft2000_tpot30_648170/disagg/pareto.csv,nvidia/GLM-5-NVFP4,4000,1000,0,384,8.177,,,792.414,34.612,35369.802,8.177,1.022,8177.4,1022.175,28.891,8,,,,,,,,,,,,,,,,,,,,,,0.0,1022.175,1.0,2.0,2.0,96.0,384.0,1.0,4.543,11.105,1.0,1.0,2.0,1.0,2.0,tp1pp1dp2etp1ep2,nvfp4,fp8,bfloat16,nvfp4,half,209.774,vllm,0.19.0,b300_sxm,1.0,1.0,4.0,1.0,4.0,tp1pp1dp4etp1ep4,nvfp4,fp8,bfloat16,nvfp4,half,134.59,vllm,0.19.0,b300_sxm,0.0,0.0,0.0,,0.0,vllm,False,8,8177.4,8177.4,8177.4,1022.175,28.891,GLM-5 NVFP4 / vllm / disagg,False
glm_vllm,GLM-5 NVFP4,disagg,glm_vllm/nvidia/GLM-5-NVFP4_b300_sxm_vllm_isl4000_osl1000_ttft2000_tpot30_648170/disagg/pareto.csv,nvidia/GLM-5-NVFP4,4000,1000,0,256,7.977,,,792.414,29.552,30314.862,7.977,0.997,7977.32,997.165,33.838,8,,,,,,,,,,,,,,,,,,,,,,0.0,997.165,1.0,2.0,2.0,64.0,256.0,1.0,4.543,8.671,1.0,1.0,2.0,1.0,2.0,tp1pp1dp2etp1ep2,nvfp4,fp8,bfloat16,nvfp4,half,209.774,vllm,0.19.0,b300_sxm,1.0,1.0,4.0,1.0,4.0,tp1pp1dp4etp1ep4,nvfp4,fp8,bfloat16,nvfp4,half,125.617,vllm,0.19.0,b300_sxm,0.0,0.0,0.0,,0.0,vllm,True,8,7977.32,7977.32,7977.32,997.165,33.838,GLM-5 NVFP4 / vllm / disagg,True
glm_vllm,GLM-5 NVFP4,disagg,glm_vllm/nvidia/GLM-5-NVFP4_b300_sxm_vllm_isl4000_osl1000_ttft2000_tpot30_648170/disagg/pareto.csv,nvidia/GLM-5-NVFP4,4000,1000,0,112,4.145,,,792.414,24.885,25652.529,4.145,0.518,4144.6,518.075,40.185,8,,,,,,,,,,,,,,,,,,,,,,0.0,518.075,1.0,2.0,2.0,28.0,112.0,1.0,4.543,4.505,1.0,1.0,2.0,1.0,2.0,tp1pp1dp2etp1ep2,nvfp4,fp8,bfloat16,nvfp4,half,209.774,vllm,0.19.0,b300_sxm,1.0,1.0,4.0,1.0,4.0,tp1pp1dp4etp1ep4,nvfp4,fp8,bfloat16,nvfp4,half,115.523,vllm,0.19.0,b300_sxm,0.0,0.0,0.0,,0.0,vllm,True,8,4144.6,4144.6,4144.6,518.075,40.185,GLM-5 NVFP4 / vllm / disagg,False
glm_vllm,GLM-5 NVFP4,disagg,glm_vllm/nvidia/GLM-5-NVFP4_b300_sxm_vllm_isl4000_osl1000_ttft2000_tpot30_648170/disagg/pareto.csv,nvidia/GLM-5-NVFP4,4000,1000,0,60,2.225,,,792.414,24.825,25592.589,2.225,0.278,2225.48,278.185,40.281,8,,,,,,,,,,,,,,,,,,,,,,0.0,278.185,1.0,2.0,2.0,60.0,60.0,1.0,4.543,2.419,1.0,1.0,2.0,1.0,2.0,tp1pp1dp2etp1ep2,nvfp4,fp8,bfloat16,nvfp4,half,209.774,vllm,0.19.0,b300_sxm,4.0,1.0,1.0,1.0,4.0,tp4pp1dp1etp1ep4,nvfp4,fp8,bfloat16,nvfp4,half,122.392,vllm,0.19.0,b300_sxm,0.0,0.0,0.0,,0.0,vllm,True,8,2225.48,2225.48,2225.48,278.185,40.281,GLM-5 NVFP4 / vllm / disagg,False
glm_vllm,GLM-5 NVFP4,disagg,glm_vllm/nvidia/GLM-5-NVFP4_b300_sxm_vllm_isl4000_osl1000_ttft2000_tpot30_648170/disagg/pareto.csv,nvidia/GLM-5-NVFP4,4000,1000,0,21,0.996,,,792.414,19.406,20179.008,0.996,0.125,996.36,124.545,51.53,8,,,,,,,,,,,,,,,,,,,,,,0.0,124.545,1.0,2.0,1.0,7.0,7.0,3.0,4.543,0.361,1.0,1.0,2.0,1.0,2.0,tp1pp1dp2etp1ep2,nvfp4,fp8,bfloat16,nvfp4,half,209.774,vllm,0.19.0,b300_sxm,2.0,1.0,1.0,2.0,1.0,tp2pp1dp1etp2ep1,nvfp4,fp8,bfloat16,nvfp4,half,207.029,vllm,0.19.0,b300_sxm,0.0,0.0,0.0,,0.0,vllm,True,8,996.36,996.36,996.36,124.545,51.53,GLM-5 NVFP4 / vllm / disagg,False
glm_vllm,GLM-5 NVFP4,disagg,glm_vllm/nvidia/GLM-5-NVFP4_b300_sxm_vllm_isl4000_osl1000_ttft2000_tpot30_648170/disagg/pareto.csv,nvidia/GLM-5-NVFP4,4000,1000,0,18,0.889,,,792.414,18.677,19450.737,0.889,0.111,888.72,111.09,53.542,8,,,,,,,,,,,,,,,,,,,,,,0.0,111.09,1.0,2.0,1.0,6.0,6.0,3.0,4.543,0.322,1.0,1.0,2.0,1.0,2.0,tp1pp1dp2etp1ep2,nvfp4,fp8,bfloat16,nvfp4,half,209.774,vllm,0.19.0,b300_sxm,2.0,1.0,1.0,2.0,1.0,tp2pp1dp1etp2ep1,nvfp4,fp8,bfloat16,nvfp4,half,206.749,vllm,0.19.0,b300_sxm,0.0,0.0,0.0,,0.0,vllm,True,8,888.72,888.72,888.72,111.09,53.542,GLM-5 NVFP4 / vllm / disagg,False
glm_vllm,GLM-5 NVFP4,disagg,glm_vllm/nvidia/GLM-5-NVFP4_b300_sxm_vllm_isl4000_osl1000_ttft2000_tpot30_648170/disagg/pareto.csv,nvidia/GLM-5-NVFP4,4000,1000,0,16,0.808,,,792.414,18.249,19023.165,0.808,0.101,807.76,100.97,54.798,8,,,,,,,,,,,,,,,,,,,,,,0.0,100.97,1.0,2.0,2.0,16.0,16.0,1.0,4.543,0.878,1.0,1.0,2.0,1.0,2.0,tp1pp1dp2etp1ep2,nvfp4,fp8,bfloat16,nvfp4,half,209.774,vllm,0.19.0,b300_sxm,4.0,1.0,1.0,4.0,1.0,tp4pp1dp1etp4ep1,nvfp4,fp8,bfloat16,nvfp4,half,110.054,vllm,0.19.0,b300_sxm,0.0,0.0,0.0,,0.0,vllm,True,8,807.76,807.76,807.76,100.97,54.798,GLM-5 NVFP4 / vllm / disagg,False
glm_vllm,GLM-5 NVFP4,disagg,glm_vllm/nvidia/GLM-5-NVFP4_b300_sxm_vllm_isl4000_osl1000_ttft2000_tpot30_648170/disagg/pareto.csv,nvidia/GLM-5-NVFP4,4000,1000,0,15,0.77,,,792.414,17.945,18719.469,0.77,0.096,770.04,96.255,55.726,8,,,,,,,,,,,,,,,,,,,,,,0.0,96.255,1.0,2.0,1.0,5.0,5.0,3.0,4.543,0.279,1.0,1.0,2.0,1.0,2.0,tp1pp1dp2etp1ep2,nvfp4,fp8,bfloat16,nvfp4,half,209.774,vllm,0.19.0,b300_sxm,2.0,1.0,1.0,2.0,1.0,tp2pp1dp1etp2ep1,nvfp4,fp8,bfloat16,nvfp4,half,206.469,vllm,0.19.0,b300_sxm,0.0,0.0,0.0,,0.0,vllm,True,8,770.04,770.04,770.04,96.255,55.726,GLM-5 NVFP4 / vllm / disagg,False
glm_vllm,GLM-5 NVFP4,disagg,glm_vllm/nvidia/GLM-5-NVFP4_b300_sxm_vllm_isl4000_osl1000_ttft2000_tpot30_648170/disagg/pareto.csv,nvidia/GLM-5-NVFP4,4000,1000,0,14,0.725,,,792.414,17.787,18561.627,0.725,0.091,724.96,90.62,56.22,8,,,,,,,,,,,,,,,,,,,,,,0.0,90.62,1.0,2.0,2.0,14.0,14.0,1.0,4.543,0.788,1.0,1.0,2.0,1.0,2.0,tp1pp1dp2etp1ep2,nvfp4,fp8,bfloat16,nvfp4,half,209.774,vllm,0.19.0,b300_sxm,4.0,1.0,1.0,4.0,1.0,tp4pp1dp1etp4ep1,nvfp4,fp8,bfloat16,nvfp4,half,109.494,vllm,0.19.0,b300_sxm,0.0,0.0,0.0,,0.0,vllm,True,8,724.96,724.96,724.96,90.62,56.22,GLM-5 NVFP4 / vllm / disagg,False
glm_vllm,GLM-5 NVFP4,disagg,glm_vllm/nvidia/GLM-5-NVFP4_b300_sxm_vllm_isl4000_osl1000_ttft2000_tpot30_648170/disagg/pareto.csv,nvidia/GLM-5-NVFP4,4000,1000,0,12,0.627,,,792.414,17.61,18384.804,0.627,0.078,626.52,78.315,56.786,8,,,,,,,,,,,,,,,,,,,,,,0.0,78.315,1.0,2.0,1.0,4.0,4.0,3.0,4.543,0.227,1.0,1.0,2.0,1.0,2.0,tp1pp1dp2etp1ep2,nvfp4,fp8,bfloat16,nvfp4,half,209.774,vllm,0.19.0,b300_sxm,2.0,1.0,1.0,1.0,2.0,tp2pp1dp1etp1ep2,nvfp4,fp8,bfloat16,nvfp4,half,206.188,vllm,0.19.0,b300_sxm,0.0,0.0,0.0,,0.0,vllm,True,8,626.52,626.52,626.52,78.315,56.786,GLM-5 NVFP4 / vllm / disagg,False
glm_vllm,GLM-5 NVFP4,disagg,glm_vllm/nvidia/GLM-5-NVFP4_b300_sxm_vllm_isl4000_osl1000_ttft2000_tpot30_648170/disagg/pareto.csv,nvidia/GLM-5-NVFP4,4000,1000,0,10,0.545,,,792.414,16.915,17690.499,0.545,0.068,544.64,68.08,59.119,8,,,,,,,,,,,,,,,,,,,,,,0.0,68.08,1.0,2.0,2.0,10.0,10.0,1.0,4.543,0.592,1.0,1.0,2.0,1.0,2.0,tp1pp1dp2etp1ep2,nvfp4,fp8,bfloat16,nvfp4,half,209.774,vllm,0.19.0,b300_sxm,4.0,1.0,1.0,4.0,1.0,tp4pp1dp1etp4ep1,nvfp4,fp8,bfloat16,nvfp4,half,108.372,vllm,0.19.0,b300_sxm,0.0,0.0,0.0,,0.0,vllm,True,8,544.64,544.64,544.64,68.08,59.119,GLM-5 NVFP4 / vllm / disagg,False
glm_vllm,GLM-5 NVFP4,disagg,glm_vllm/nvidia/GLM-5-NVFP4_b300_sxm_vllm_isl4000_osl1000_ttft2000_tpot30_648170/disagg/pareto.csv,nvidia/GLM-5-NVFP4,4000,1000,0,9,0.522,,,792.414,15.902,16678.512,0.522,0.065,521.64,65.205,62.885,8,,,,,,,,,,,,,,,,,,,,,,0.0,65.205,1.0,2.0,1.0,3.0,3.0,3.0,4.543,0.189,1.0,1.0,2.0,1.0,2.0,tp1pp1dp2etp1ep2,nvfp4,fp8,bfloat16,nvfp4,half,209.774,vllm,0.19.0,b300_sxm,2.0,1.0,1.0,2.0,1.0,tp2pp1dp1etp2ep1,nvfp4,fp8,bfloat16,nvfp4,half,205.908,vllm,0.19.0,b300_sxm,0.0,0.0,0.0,,0.0,vllm,True,8,521.64,521.64,521.64,65.205,62.885,GLM-5 NVFP4 / vllm / disagg,False
glm_vllm,GLM-5 NVFP4,disagg,glm_vllm/nvidia/GLM-5-NVFP4_b300_sxm_vllm_isl4000_osl1000_ttft2000_tpot30_648170/disagg/pareto.csv,nvidia/GLM-5-NVFP4,4000,1000,0,6,0.378,,,792.414,14.634,15411.78,0.378,0.047,378.12,47.265,68.334,8,,,,,,,,,,,,,,,,,,,,,,0.0,47.265,1.0,2.0,1.0,2.0,2.0,3.0,4.543,0.137,1.0,1.0,2.0,1.0,2.0,tp1pp1dp2etp1ep2,nvfp4,fp8,bfloat16,nvfp4,half,209.774,vllm,0.19.0,b300_sxm,2.0,1.0,1.0,2.0,1.0,tp2pp1dp1etp2ep1,nvfp4,fp8,bfloat16,nvfp4,half,205.627,vllm,0.19.0,b300_sxm,0.0,0.0,0.0,,0.0,vllm,True,8,378.12,378.12,378.12,47.265,68.334,GLM-5 NVFP4 / vllm / disagg,False
glm_vllm,GLM-5 NVFP4,disagg,glm_vllm/nvidia/GLM-5-NVFP4_b300_sxm_vllm_isl4000_osl1000_ttft2000_tpot30_648170/disagg/pareto.csv,nvidia/GLM-5-NVFP4,4000,1000,0,4,0.252,,,792.414,14.618,15395.796,0.252,0.032,252.08,31.51,68.411,8,,,,,,,,,,,,,,,,,,,,,,0.0,31.51,1.0,2.0,2.0,4.0,4.0,1.0,4.543,0.274,1.0,1.0,2.0,1.0,2.0,tp1pp1dp2etp1ep2,nvfp4,fp8,bfloat16,nvfp4,half,209.774,vllm,0.19.0,b300_sxm,4.0,1.0,1.0,1.0,4.0,tp4pp1dp1etp1ep4,nvfp4,fp8,bfloat16,nvfp4,half,106.69,vllm,0.19.0,b300_sxm,0.0,0.0,0.0,,0.0,vllm,True,8,252.08,252.08,252.08,31.51,68.411,GLM-5 NVFP4 / vllm / disagg,False
glm_vllm,GLM-5 NVFP4,disagg,glm_vllm/nvidia/GLM-5-NVFP4_b300_sxm_vllm_isl4000_osl1000_ttft2000_tpot30_648170/disagg/pareto.csv,nvidia/GLM-5-NVFP4,4000,1000,0,3,0.213,,,792.414,13.078,13857.336,0.213,0.027,212.52,26.565,76.464,8,,,,,,,,,,,,,,,,,,,,,,0.0,26.565,1.0,2.0,1.0,1.0,1.0,3.0,4.543,0.077,1.0,1.0,2.0,1.0,2.0,tp1pp1dp2etp1ep2,nvfp4,fp8,bfloat16,nvfp4,half,209.774,vllm,0.19.0,b300_sxm,2.0,1.0,1.0,1.0,2.0,tp2pp1dp1etp1ep2,nvfp4,fp8,bfloat16,nvfp4,half,205.347,vllm,0.19.0,b300_sxm,0.0,0.0,0.0,,0.0,vllm,True,8,212.52,212.52,212.52,26.565,76.464,GLM-5 NVFP4 / vllm / disagg,False
glm_vllm,GLM-5 NVFP4,disagg,glm_vllm/nvidia/GLM-5-NVFP4_b300_sxm_vllm_isl4000_osl1000_ttft2000_tpot30_648170/disagg/pareto.csv,nvidia/GLM-5-NVFP4,4000,1000,0,2,0.144,,,792.414,12.838,13617.576,0.144,0.018,143.52,17.94,77.896,8,,,,,,,,,,,,,,,,,,,,,,0.0,17.94,1.0,2.0,2.0,2.0,2.0,1.0,4.543,0.156,1.0,1.0,2.0,1.0,2.0,tp1pp1dp2etp1ep2,nvfp4,fp8,bfloat16,nvfp4,half,209.774,vllm,0.19.0,b300_sxm,4.0,1.0,1.0,4.0,1.0,tp4pp1dp1etp4ep1,nvfp4,fp8,bfloat16,nvfp4,half,106.129,vllm,0.19.0,b300_sxm,0.0,0.0,0.0,,0.0,vllm,True,8,143.52,143.52,143.52,17.94,77.896,GLM-5 NVFP4 / vllm / disagg,False
glm_vllm,GLM-5 NVFP4,disagg,glm_vllm/nvidia/GLM-5-NVFP4_b300_sxm_vllm_isl4000_osl1000_ttft2000_tpot30_648170/disagg/pareto.csv,nvidia/GLM-5-NVFP4,4000,1000,0,1,0.079,,,792.414,11.577,12357.837,0.079,0.01,79.12,9.89,86.375,8,,,,,,,,,,,,,,,,,,,,,,0.0,9.89,1.0,2.0,2.0,1.0,1.0,1.0,4.543,0.086,1.0,1.0,2.0,1.0,2.0,tp1pp1dp2etp1ep2,nvfp4,fp8,bfloat16,nvfp4,half,209.774,vllm,0.19.0,b300_sxm,4.0,1.0,1.0,4.0,1.0,tp4pp1dp1etp4ep1,nvfp4,fp8,bfloat16,nvfp4,half,105.848,vllm,0.19.0,b300_sxm,0.0,0.0,0.0,,0.0,vllm,True,8,79.12,79.12,79.12,9.89,86.375,GLM-5 NVFP4 / vllm / disagg,False
kimi,Kimi K2.5 NVFP4,agg,kimi/nvidia/Kimi-K2.5-NVFP4_b300_sxm_auto_isl4000_osl1000_ttft2000_tpot30_594291/agg/pareto.csv,nvidia/Kimi-K2.5-NVFP4,4000,1000,0,2048,13.25,512.0,2048.0,984.741,154.294,155124.141,13.25,3.312,13236.465,3309.116,6.481,4,1.0,1.0,4.0,1.0,4.0,tp1pp1dp4etp1ep4,nvfp4,fp8,bfloat16,nvfp4,half,242.882,0.512,1.0,511.0,4511.0,4000.0,511.0,vllm,0.19.0,b300_sxm,0.0,3309.116,,,,,,,,,,,,,,,,,,,,,,,,,,,,,,,,,,,,,,,,,,,,vllm,False,8,13236.465,26472.928,26472.928,3309.116,6.481,Kimi K2.5 NVFP4 / vllm / agg,False
kimi,Kimi K2.5 NVFP4,agg,kimi/nvidia/Kimi-K2.5-NVFP4_b300_sxm_auto_isl4000_osl1000_ttft2000_tpot30_594291/agg/pareto.csv,nvidia/Kimi-K2.5-NVFP4,4000,1000,0,1920,13.018,480.0,1920.0,979.209,147.198,148030.008,13.018,3.254,13004.742,3251.186,6.794,4,1.0,1.0,4.0,1.0,4.0,tp1pp1dp4etp1ep4,nvfp4,fp8,bfloat16,nvfp4,half,237.587,0.48,1.0,479.0,4479.0,4000.0,479.0,vllm,0.19.0,b300_sxm,0.0,3251.186,,,,,,,,,,,,,,,,,,,,,,,,,,,,,,,,,,,,,,,,,,,,vllm,False,8,13004.742,26009.488,26009.488,3251.186,6.794,Kimi K2.5 NVFP4 / vllm / agg,False
kimi,Kimi K2.5 NVFP4,agg,kimi/nvidia/Kimi-K2.5-NVFP4_b300_sxm_auto_isl4000_osl1000_ttft2000_tpot30_594291/agg/pareto.csv,nvidia/Kimi-K2.5-NVFP4,4000,1000,0,1792,12.765,448.0,1792.0,973.677,140.071,140904.108,12.765,3.191,12752.536,3188.134,7.139,4,1.0,1.0,4.0,1.0,4.0,tp1pp1dp4etp1ep4,nvfp4,fp8,bfloat16,nvfp4,half,232.291,0.448,1.0,447.0,4447.0,4000.0,447.0,vllm,0.19.0,b300_sxm,0.0,3188.134,,,,,,,,,,,,,,,,,,,,,,,,,,,,,,,,,,,,,,,,,,,,vllm,False,8,12752.536,25505.072,25505.072,3188.134,7.139,Kimi K2.5 NVFP4 / vllm / agg,False
kimi,Kimi K2.5 NVFP4,agg,kimi/nvidia/Kimi-K2.5-NVFP4_b300_sxm_auto_isl4000_osl1000_ttft2000_tpot30_594291/agg/pareto.csv,nvidia/Kimi-K2.5-NVFP4,4000,1000,0,1664,12.483,416.0,1664.0,968.145,132.973,133808.498,12.483,3.121,12470.589,3117.647,7.52,4,1.0,1.0,4.0,1.0,4.0,tp1pp1dp4etp1ep4,nvfp4,fp8,bfloat16,nvfp4,half,226.996,0.416,1.0,415.0,4415.0,4000.0,415.0,vllm,0.19.0,b300_sxm,0.0,3117.647,,,,,,,,,,,,,,,,,,,,,,,,,,,,,,,,,,,,,,,,,,,,vllm,False,8,12470.589,24941.176,24941.176,3117.647,7.52,Kimi K2.5 NVFP4 / vllm / agg,False
kimi,Kimi K2.5 NVFP4,agg,kimi/nvidia/Kimi-K2.5-NVFP4_b300_sxm_auto_isl4000_osl1000_ttft2000_tpot30_594291/agg/pareto.csv,nvidia/Kimi-K2.5-NVFP4,4000,1000,0,1536,12.177,384.0,1536.0,962.612,125.799,126636.264,12.177,3.044,12164.382,3041.096,7.949,4,1.0,1.0,4.0,1.0,4.0,tp1pp1dp4etp1ep4,nvfp4,fp8,bfloat16,nvfp4,half,221.7,0.384,1.0,383.0,4383.0,4000.0,383.0,vllm,0.19.0,b300_sxm,0.0,3041.096,,,,,,,,,,,,,,,,,,,,,,,,,,,,,,,,,,,,,,,,,,,,vllm,False,8,12164.382,24328.768,24328.768,3041.096,7.949,Kimi K2.5 NVFP4 / vllm / agg,False
kimi,Kimi K2.5 NVFP4,agg,kimi/nvidia/Kimi-K2.5-NVFP4_b300_sxm_auto_isl4000_osl1000_ttft2000_tpot30_594291/agg/pareto.csv,nvidia/Kimi-K2.5-NVFP4,4000,1000,0,1408,11.952,352.0,1408.0,957.841,117.441,118281.247,11.952,2.988,11939.81,2984.952,8.515,4,1.0,1.0,4.0,1.0,4.0,tp1pp1dp4etp1ep4,nvfp4,fp8,bfloat16,nvfp4,half,216.405,0.352,1.0,351.0,4351.0,4000.0,351.0,vllm,0.19.0,b300_sxm,0.0,2984.952,,,,,,,,,,,,,,,,,,,,,,,,,,,,,,,,,,,,,,,,,,,,vllm,False,8,11939.81,23879.616,23879.616,2984.952,8.515,Kimi K2.5 NVFP4 / vllm / agg,False
kimi,Kimi K2.5 NVFP4,agg,kimi/nvidia/Kimi-K2.5-NVFP4_b300_sxm_auto_isl4000_osl1000_ttft2000_tpot30_594291/agg/pareto.csv,nvidia/Kimi-K2.5-NVFP4,4000,1000,0,1280,11.712,320.0,1280.0,952.298,108.902,109745.603,11.712,2.928,11700.277,2925.069,9.183,4,1.0,1.0,4.0,1.0,4.0,tp1pp1dp4etp1ep4,nvfp4,fp8,bfloat16,nvfp4,half,211.11,0.32,1.0,319.0,4319.0,4000.0,319.0,vllm,0.19.0,b300_sxm,0.0,2925.069,,,,,,,,,,,,,,,,,,,,,,,,,,,,,,,,,,,,,,,,,,,,vllm,False,8,11700.277,23400.552,23400.552,2925.069,9.183,Kimi K2.5 NVFP4 / vllm / agg,False
kimi,Kimi K2.5 NVFP4,agg,kimi/nvidia/Kimi-K2.5-NVFP4_b300_sxm_auto_isl4000_osl1000_ttft2000_tpot30_594291/agg/pareto.csv,nvidia/Kimi-K2.5-NVFP4,4000,1000,0,1152,11.443,288.0,1152.0,946.754,100.262,101108.357,11.443,2.861,11431.756,2857.939,9.974,4,1.0,1.0,4.0,1.0,4.0,tp1pp1dp4etp1ep4,nvfp4,fp8,bfloat16,nvfp4,half,205.814,0.288,1.0,287.0,4287.0,4000.0,287.0,vllm,0.19.0,b300_sxm,0.0,2857.939,,,,,,,,,,,,,,,,,,,,,,,,,,,,,,,,,,,,,,,,,,,,vllm,False,8,11431.756,22863.512,22863.512,2857.939,9.974,Kimi K2.5 NVFP4 / vllm / agg,False
kimi,Kimi K2.5 NVFP4,agg,kimi/nvidia/Kimi-K2.5-NVFP4_b300_sxm_auto_isl4000_osl1000_ttft2000_tpot30_594291/agg/pareto.csv,nvidia/Kimi-K2.5-NVFP4,4000,1000,0,1024,11.19,256.0,1024.0,941.21,91.078,91928.141,11.19,2.797,11178.76,2794.69,10.98,4,1.0,1.0,4.0,1.0,4.0,tp1pp1dp4etp1ep4,nvfp4,fp8,bfloat16,nvfp4,half,200.519,0.256,1.0,255.0,4255.0,4000.0,255.0,vllm,0.19.0,b300_sxm,0.0,2794.69,,,,,,,,,,,,,,,,,,,,,,,,,,,,,,,,,,,,,,,,,,,,vllm,False,8,11178.76,22357.52,22357.52,2794.69,10.98,Kimi K2.5 NVFP4 / vllm / agg,False
kimi,Kimi K2.5 NVFP4,agg,kimi/nvidia/Kimi-K2.5-NVFP4_b300_sxm_auto_isl4000_osl1000_ttft2000_tpot30_594291/agg/pareto.csv,nvidia/Kimi-K2.5-NVFP4,4000,1000,0,960,11.087,240.0,960.0,938.438,86.143,86994.947,11.087,2.772,11075.893,2768.973,11.609,4,1.0,1.0,4.0,1.0,4.0,tp1pp1dp4etp1ep4,nvfp4,fp8,bfloat16,nvfp4,half,197.871,0.24,1.0,239.0,4239.0,4000.0,239.0,vllm,0.19.0,b300_sxm,0.0,2768.973,,,,,,,,,,,,,,,,,,,,,,,,,,,,,,,,,,,,,,,,,,,,vllm,False,8,11075.893,22151.784,22151.784,2768.973,11.609,Kimi K2.5 NVFP4 / vllm / agg,False
kimi,Kimi K2.5 NVFP4,agg,kimi/nvidia/Kimi-K2.5-NVFP4_b300_sxm_auto_isl4000_osl1000_ttft2000_tpot30_594291/agg/pareto.csv,nvidia/Kimi-K2.5-NVFP4,4000,1000,0,896,10.981,224.0,896.0,935.666,81.137,81991.302,10.981,2.745,10970.069,2742.517,12.325,4,1.0,1.0,4.0,1.0,4.0,tp1pp1dp4etp1ep4,nvfp4,fp8,bfloat16,nvfp4,half,195.223,0.224,1.0,223.0,4223.0,4000.0,223.0,vllm,0.19.0,b300_sxm,0.0,2742.517,,,,,,,,,,,,,,,,,,,,,,,,,,,,,,,,,,,,,,,,,,,,vllm,False,8,10970.069,21940.136,21940.136,2742.517,12.325,Kimi K2.5 NVFP4 / vllm / agg,False
kimi,Kimi K2.5 NVFP4,agg,kimi/nvidia/Kimi-K2.5-NVFP4_b300_sxm_auto_isl4000_osl1000_ttft2000_tpot30_594291/agg/pareto.csv,nvidia/Kimi-K2.5-NVFP4,4000,1000,0,832,10.868,208.0,832.0,932.895,76.082,76938.714,10.868,2.717,10857.373,2714.343,13.144,4,1.0,1.0,4.0,1.0,4.0,tp1pp1dp4etp1ep4,nvfp4,fp8,bfloat16,nvfp4,half,192.575,0.208,1.0,207.0,4207.0,4000.0,207.0,vllm,0.19.0,b300_sxm,0.0,2714.343,,,,,,,,,,,,,,,,,,,,,,,,,,,,,,,,,,,,,,,,,,,,vllm,False,8,10857.373,21714.744,21714.744,2714.343,13.144,Kimi K2.5 NVFP4 / vllm / agg,False
kimi,Kimi K2.5 NVFP4,agg,kimi/nvidia/Kimi-K2.5-NVFP4_b300_sxm_auto_isl4000_osl1000_ttft2000_tpot30_594291/agg/pareto.csv,nvidia/Kimi-K2.5-NVFP4,4000,1000,0,768,10.754,192.0,768.0,930.123,70.933,71792.386,10.754,2.688,10742.84,2685.71,14.098,4,1.0,1.0,4.0,1.0,4.0,tp1pp1dp4etp1ep4,nvfp4,fp8,bfloat16,nvfp4,half,189.928,0.192,1.0,191.0,4191.0,4000.0,191.0,vllm,0.19.0,b300_sxm,0.0,2685.71,,,,,,,,,,,,,,,,,,,,,,,,,,,,,,,,,,,,,,,,,,,,vllm,False,8,10742.84,21485.68,21485.68,2685.71,14.098,Kimi K2.5 NVFP4 / vllm / agg,False
kimi,Kimi K2.5 NVFP4,agg,kimi/nvidia/Kimi-K2.5-NVFP4_b300_sxm_auto_isl4000_osl1000_ttft2000_tpot30_594291/agg/pareto.csv,nvidia/Kimi-K2.5-NVFP4,4000,1000,0,704,10.482,176.0,704.0,927.351,66.664,67525.138,10.482,2.621,10471.952,2617.988,15.0,4,1.0,1.0,4.0,1.0,4.0,tp1pp1dp4etp1ep4,nvfp4,fp8,bfloat16,nvfp4,half,187.28,0.176,1.0,175.0,4175.0,4000.0,175.0,vllm,0.19.0,b300_sxm,0.0,2617.988,,,,,,,,,,,,,,,,,,,,,,,,,,,,,,,,,,,,,,,,,,,,vllm,False,8,10471.952,20943.904,20943.904,2617.988,15.0,Kimi K2.5 NVFP4 / vllm / agg,False
kimi,Kimi K2.5 NVFP4,agg,kimi/nvidia/Kimi-K2.5-NVFP4_b300_sxm_auto_isl4000_osl1000_ttft2000_tpot30_594291/agg/pareto.csv,nvidia/Kimi-K2.5-NVFP4,4000,1000,0,640,10.181,160.0,640.0,924.579,62.357,63219.004,10.181,2.545,10170.665,2542.666,16.037,4,1.0,1.0,4.0,1.0,4.0,tp1pp1dp4etp1ep4,nvfp4,fp8,bfloat16,nvfp4,half,184.632,0.16,1.0,159.0,4159.0,4000.0,159.0,vllm,0.19.0,b300_sxm,0.0,2542.666,,,,,,,,,,,,,,,,,,,,,,,,,,,,,,,,,,,,,,,,,,,,vllm,False,8,10170.665,20341.328,20341.328,2542.666,16.037,Kimi K2.5 NVFP4 / vllm / agg,False
kimi,Kimi K2.5 NVFP4,agg,kimi/nvidia/Kimi-K2.5-NVFP4_b300_sxm_auto_isl4000_osl1000_ttft2000_tpot30_594291/agg/pareto.csv,nvidia/Kimi-K2.5-NVFP4,4000,1000,0,576,9.837,144.0,576.0,921.807,58.035,58898.582,9.837,2.459,9827.562,2456.89,17.231,4,1.0,1.0,4.0,1.0,4.0,tp1pp1dp4etp1ep4,nvfp4,fp8,bfloat16,nvfp4,half,181.984,0.144,1.0,143.0,4143.0,4000.0,143.0,vllm,0.19.0,b300_sxm,0.0,2456.89,,,,,,,,,,,,,,,,,,,,,,,,,,,,,,,,,,,,,,,,,,,,vllm,False,8,9827.562,19655.12,19655.12,2456.89,17.231,Kimi K2.5 NVFP4 / vllm / agg,False
kimi,Kimi K2.5 NVFP4,agg,kimi/nvidia/Kimi-K2.5-NVFP4_b300_sxm_auto_isl4000_osl1000_ttft2000_tpot30_594291/agg/pareto.csv,nvidia/Kimi-K2.5-NVFP4,4000,1000,0,512,9.455,128.0,512.0,919.035,53.624,54488.918,9.455,2.364,9445.428,2361.357,18.649,4,1.0,1.0,4.0,1.0,4.0,tp1pp1dp4etp1ep4,nvfp4,fp8,bfloat16,nvfp4,half,179.337,0.128,1.0,127.0,4127.0,4000.0,127.0,vllm,0.19.0,b300_sxm,0.0,2361.357,,,,,,,,,,,,,,,,,,,,,,,,,,,,,,,,,,,,,,,,,,,,vllm,False,8,9445.428,18890.856,18890.856,2361.357,18.649,Kimi K2.5 NVFP4 / vllm / agg,False
kimi,Kimi K2.5 NVFP4,agg,kimi/nvidia/Kimi-K2.5-NVFP4_b300_sxm_auto_isl4000_osl1000_ttft2000_tpot30_594291/agg/pareto.csv,nvidia/Kimi-K2.5-NVFP4,4000,1000,0,448,8.993,112.0,448.0,916.263,49.28,50146.734,8.993,2.248,8983.541,2245.885,20.292,4,1.0,1.0,4.0,1.0,4.0,tp1pp1dp4etp1ep4,nvfp4,fp8,bfloat16,nvfp4,half,176.689,0.112,1.0,111.0,4111.0,4000.0,111.0,vllm,0.19.0,b300_sxm,0.0,2245.885,,,,,,,,,,,,,,,,,,,,,,,,,,,,,,,,,,,,,,,,,,,,vllm,False,8,8983.541,17967.08,17967.08,2245.885,20.292,Kimi K2.5 NVFP4 / vllm / agg,False
kimi,Kimi K2.5 NVFP4,agg,kimi/nvidia/Kimi-K2.5-NVFP4_b300_sxm_auto_isl4000_osl1000_ttft2000_tpot30_594291/agg/pareto.csv,nvidia/Kimi-K2.5-NVFP4,4000,1000,0,384,8.496,96.0,384.0,913.294,44.646,45514.787,8.496,2.124,8487.611,2121.903,22.398,4,1.0,1.0,4.0,1.0,4.0,tp1pp1dp4etp1ep4,nvfp4,fp8,bfloat16,nvfp4,half,174.041,0.096,1.0,95.0,4095.0,4000.0,95.0,vllm,0.19.0,b300_sxm,0.0,2121.903,,,,,,,,,,,,,,,,,,,,,,,,,,,,,,,,,,,,,,,,,,,,vllm,False,8,8487.611,16975.224,16975.224,2121.903,22.398,Kimi K2.5 NVFP4 / vllm / agg,False
kimi,Kimi K2.5 NVFP4,agg,kimi/nvidia/Kimi-K2.5-NVFP4_b300_sxm_auto_isl4000_osl1000_ttft2000_tpot30_594291/agg/pareto.csv,nvidia/Kimi-K2.5-NVFP4,4000,1000,0,320,7.897,80.0,320.0,910.07,39.96,40829.998,7.897,1.974,7888.939,1972.235,25.025,4,1.0,1.0,4.0,1.0,4.0,tp1pp1dp4etp1ep4,nvfp4,fp8,bfloat16,nvfp4,half,171.393,0.08,1.0,79.0,4079.0,4000.0,79.0,vllm,0.19.0,b300_sxm,0.0,1972.235,,,,,,,,,,,,,,,,,,,,,,,,,,,,,,,,,,,,,,,,,,,,vllm,False,8,7888.939,15777.88,15777.88,1972.235,25.025,Kimi K2.5 NVFP4 / vllm / agg,False
kimi,Kimi K2.5 NVFP4,agg,kimi/nvidia/Kimi-K2.5-NVFP4_b300_sxm_auto_isl4000_osl1000_ttft2000_tpot30_594291/agg/pareto.csv,nvidia/Kimi-K2.5-NVFP4,4000,1000,0,256,7.255,64.0,256.0,906.846,34.711,35582.861,7.255,1.814,7247.597,1811.899,28.81,4,1.0,1.0,4.0,1.0,4.0,tp1pp1dp4etp1ep4,nvfp4,fp8,bfloat16,nvfp4,half,168.746,0.064,1.0,63.0,4063.0,4000.0,63.0,vllm,0.19.0,b300_sxm,0.0,1811.899,,,,,,,,,,,,,,,,,,,,,,,,,,,,,,,,,,,,,,,,,,,,vllm,False,8,7247.597,14495.192,14495.192,1811.899,28.81,Kimi K2.5 NVFP4 / vllm / agg,False
kimi,Kimi K2.5 NVFP4,agg,kimi/nvidia/Kimi-K2.5-NVFP4_b300_sxm_auto_isl4000_osl1000_ttft2000_tpot30_594291/agg/pareto.csv,nvidia/Kimi-K2.5-NVFP4,4000,1000,0,224,6.823,56.0,224.0,905.234,32.247,33119.492,6.823,1.706,6816.476,1704.119,31.011,4,1.0,1.0,4.0,1.0,4.0,tp1pp1dp4etp1ep4,nvfp4,fp8,bfloat16,nvfp4,half,167.422,0.056,1.0,55.0,4055.0,4000.0,55.0,vllm,0.19.0,b300_sxm,0.0,1704.119,,,,,,,,,,,,,,,,,,,,,,,,,,,,,,,,,,,,,,,,,,,,vllm,False,8,6816.476,13632.952,13632.952,1704.119,31.011,Kimi K2.5 NVFP4 / vllm / agg,False
kimi,Kimi K2.5 NVFP4,agg,kimi/nvidia/Kimi-K2.5-NVFP4_b300_sxm_auto_isl4000_osl1000_ttft2000_tpot30_594291/agg/pareto.csv,nvidia/Kimi-K2.5-NVFP4,4000,1000,0,384,13.074,48.0,384.0,1129.877,28.609,29710.412,13.074,1.634,13061.169,1632.646,34.954,8,1.0,1.0,8.0,1.0,8.0,tp1pp1dp8etp1ep8,nvfp4,fp8,bfloat16,nvfp4,half,101.125,0.048,1.0,47.0,4047.0,4000.0,47.0,sglang,0.5.10,b300_sxm,0.0,1632.646,,,,,,,,,,,,,,,,,,,,,,,,,,,,,,,,,,,,,,,,,,,,sglang,True,8,13061.169,13061.168,13061.168,1632.646,34.954,Kimi K2.5 NVFP4 / sglang / agg,True
kimi,Kimi K2.5 NVFP4,agg,kimi/nvidia/Kimi-K2.5-NVFP4_b300_sxm_auto_isl4000_osl1000_ttft2000_tpot30_594291/agg/pareto.csv,nvidia/Kimi-K2.5-NVFP4,4000,1000,0,384,12.741,48.0,384.0,1770.096,28.484,30225.436,12.741,1.593,12728.036,1591.004,35.108,8,1.0,1.0,8.0,1.0,8.0,tp1pp1dp8etp1ep8,nvfp4,fp8,bfloat16,nvfp4,half,110.458,0.024,2.0,46.0,8046.0,8000.0,46.0,sglang,0.5.10,b300_sxm,0.0,1591.004,,,,,,,,,,,,,,,,,,,,,,,,,,,,,,,,,,,,,,,,,,,,sglang,True,8,12728.036,12728.032,12728.032,1591.004,35.108,Kimi K2.5 NVFP4 / sglang / agg,True
kimi,Kimi K2.5 NVFP4,agg,kimi/nvidia/Kimi-K2.5-NVFP4_b300_sxm_auto_isl4000_osl1000_ttft2000_tpot30_594291/agg/pareto.csv,nvidia/Kimi-K2.5-NVFP4,4000,1000,0,320,12.329,40.0,320.0,1085.425,25.184,26244.196,12.329,1.541,12317.087,1539.636,39.708,8,1.0,1.0,8.0,1.0,8.0,tp1pp1dp8etp1ep8,nvfp4,fp8,bfloat16,nvfp4,half,99.798,0.04,1.0,39.0,4039.0,4000.0,39.0,sglang,0.5.10,b300_sxm,0.0,1539.636,,,,,,,,,,,,,,,,,,,,,,,,,,,,,,,,,,,,,,,,,,,,sglang,True,8,12317.087,12317.088,12317.088,1539.636,39.708,Kimi K2.5 NVFP4 / sglang / agg,True
kimi,Kimi K2.5 NVFP4,agg,kimi/nvidia/Kimi-K2.5-NVFP4_b300_sxm_auto_isl4000_osl1000_ttft2000_tpot30_594291/agg/pareto.csv,nvidia/Kimi-K2.5-NVFP4,4000,1000,0,320,12.04,40.0,320.0,1652.287,24.913,26540.682,12.04,1.505,12028.075,1503.509,40.139,8,1.0,1.0,8.0,1.0,8.0,tp1pp1dp8etp1ep8,nvfp4,fp8,bfloat16,nvfp4,half,109.131,0.02,2.0,38.0,8038.0,8000.0,38.0,sglang,0.5.10,b300_sxm,0.0,1503.509,,,,,,,,,,,,,,,,,,,,,,,,,,,,,,,,,,,,,,,,,,,,sglang,True,8,12028.075,12028.072,12028.072,1503.509,40.139,Kimi K2.5 NVFP4 / sglang / agg,True
kimi,Kimi K2.5 NVFP4,agg,kimi/nvidia/Kimi-K2.5-NVFP4_b300_sxm_auto_isl4000_osl1000_ttft2000_tpot30_594291/agg/pareto.csv,nvidia/Kimi-K2.5-NVFP4,4000,1000,0,256,11.332,32.0,256.0,970.788,21.812,22760.947,11.332,1.417,11320.765,1415.096,45.846,8,1.0,1.0,8.0,1.0,8.0,tp1pp1dp8etp1ep8,nvfp4,fp8,bfloat16,nvfp4,half,98.47,0.032,1.0,31.0,4031.0,4000.0,31.0,sglang,0.5.10,b300_sxm,0.0,1415.096,,,,,,,,,,,,,,,,,,,,,,,,,,,,,,,,,,,,,,,,,,,,sglang,True,8,11320.765,11320.768,11320.768,1415.096,45.846,Kimi K2.5 NVFP4 / sglang / agg,True
kimi,Kimi K2.5 NVFP4,agg,kimi/nvidia/Kimi-K2.5-NVFP4_b300_sxm_auto_isl4000_osl1000_ttft2000_tpot30_594291/agg/pareto.csv,nvidia/Kimi-K2.5-NVFP4,4000,1000,0,256,11.093,32.0,256.0,1534.723,21.404,22917.213,11.093,1.387,11082.153,1385.269,46.72,8,1.0,1.0,8.0,1.0,8.0,tp1pp1dp8etp1ep8,nvfp4,fp8,bfloat16,nvfp4,half,107.803,0.016,2.0,30.0,8030.0,8000.0,30.0,sglang,0.5.10,b300_sxm,0.0,1385.269,,,,,,,,,,,,,,,,,,,,,,,,,,,,,,,,,,,,,,,,,,,,sglang,True,8,11082.153,11082.152,11082.152,1385.269,46.72,Kimi K2.5 NVFP4 / sglang / agg,True
kimi,Kimi K2.5 NVFP4,agg,kimi/nvidia/Kimi-K2.5-NVFP4_b300_sxm_auto_isl4000_osl1000_ttft2000_tpot30_594291/agg/pareto.csv,nvidia/Kimi-K2.5-NVFP4,4000,1000,0,224,10.707,28.0,224.0,913.632,20.138,21031.506,10.707,1.338,10696.264,1337.033,49.657,8,1.0,1.0,8.0,1.0,8.0,tp1pp1dp8etp1ep8,nvfp4,fp8,bfloat16,nvfp4,half,97.807,0.028,1.0,27.0,4027.0,4000.0,27.0,sglang,0.5.10,b300_sxm,0.0,1337.033,,,,,,,,,,,,,,,,,,,,,,,,,,,,,,,,,,,,,,,,,,,,sglang,True,8,10696.264,10696.264,10696.264,1337.033,49.657,Kimi K2.5 NVFP4 / sglang / agg,True
kimi,Kimi K2.5 NVFP4,agg,kimi/nvidia/Kimi-K2.5-NVFP4_b300_sxm_auto_isl4000_osl1000_ttft2000_tpot30_594291/agg/pareto.csv,nvidia/Kimi-K2.5-NVFP4,4000,1000,0,224,10.496,28.0,224.0,1476.032,19.664,21120.173,10.496,1.312,10485.574,1310.697,50.855,8,1.0,1.0,8.0,1.0,8.0,tp1pp1dp8etp1ep8,nvfp4,fp8,bfloat16,nvfp4,half,107.14,0.014,2.0,26.0,8026.0,8000.0,26.0,sglang,0.5.10,b300_sxm,0.0,1310.697,,,,,,,,,,,,,,,,,,,,,,,,,,,,,,,,,,,,,,,,,,,,sglang,True,8,10485.574,10485.576,10485.576,1310.697,50.855,Kimi K2.5 NVFP4 / sglang / agg,True
kimi,Kimi K2.5 NVFP4,agg,kimi/nvidia/Kimi-K2.5-NVFP4_b300_sxm_auto_isl4000_osl1000_ttft2000_tpot30_594291/agg/pareto.csv,nvidia/Kimi-K2.5-NVFP4,4000,1000,0,192,10.006,24.0,192.0,856.584,18.401,19239.229,10.006,1.251,9996.047,1249.506,54.345,8,1.0,1.0,8.0,1.0,8.0,tp1pp1dp8etp1ep8,nvfp4,fp8,bfloat16,nvfp4,half,97.143,0.024,1.0,23.0,4023.0,4000.0,23.0,sglang,0.5.10,b300_sxm,0.0,1249.506,,,,,,,,,,,,,,,,,,,,,,,,,,,,,,,,,,,,,,,,,,,,sglang,True,8,9996.047,9996.048,9996.048,1249.506,54.345,Kimi K2.5 NVFP4 / sglang / agg,True
kimi,Kimi K2.5 NVFP4,agg,kimi/nvidia/Kimi-K2.5-NVFP4_b300_sxm_auto_isl4000_osl1000_ttft2000_tpot30_594291/agg/pareto.csv,nvidia/Kimi-K2.5-NVFP4,4000,1000,0,192,9.824,24.0,192.0,1417.402,17.861,19261.009,9.824,1.228,9814.425,1226.803,55.986,8,1.0,1.0,8.0,1.0,8.0,tp1pp1dp8etp1ep8,nvfp4,fp8,bfloat16,nvfp4,half,106.476,0.012,2.0,22.0,8022.0,8000.0,22.0,sglang,0.5.10,b300_sxm,0.0,1226.803,,,,,,,,,,,,,,,,,,,,,,,,,,,,,,,,,,,,,,,,,,,,sglang,True,8,9814.425,9814.424,9814.424,1226.803,55.986,Kimi K2.5 NVFP4 / sglang / agg,True
kimi,Kimi K2.5 NVFP4,agg,kimi/nvidia/Kimi-K2.5-NVFP4_b300_sxm_auto_isl4000_osl1000_ttft2000_tpot30_594291/agg/pareto.csv,nvidia/Kimi-K2.5-NVFP4,4000,1000,0,160,9.104,20.0,160.0,799.644,16.783,17565.481,9.104,1.138,9095.253,1136.907,59.585,8,1.0,1.0,8.0,1.0,8.0,tp1pp1dp8etp1ep8,nvfp4,fp8,bfloat16,nvfp4,half,96.479,0.02,1.0,19.0,4019.0,4000.0,19.0,sglang,0.5.10,b300_sxm,0.0,1136.907,,,,,,,,,,,,,,,,,,,,,,,,,,,,,,,,,,,,,,,,,,,,sglang,True,8,9095.253,9095.256,9095.256,1136.907,59.585,Kimi K2.5 NVFP4 / sglang / agg,True
kimi,Kimi K2.5 NVFP4,agg,kimi/nvidia/Kimi-K2.5-NVFP4_b300_sxm_auto_isl4000_osl1000_ttft2000_tpot30_594291/agg/pareto.csv,nvidia/Kimi-K2.5-NVFP4,4000,1000,0,160,8.955,20.0,160.0,1358.833,16.181,17523.312,8.955,1.119,8946.203,1118.275,61.802,8,1.0,1.0,8.0,1.0,8.0,tp1pp1dp8etp1ep8,nvfp4,fp8,bfloat16,nvfp4,half,105.812,0.01,2.0,18.0,8018.0,8000.0,18.0,sglang,0.5.10,b300_sxm,0.0,1118.275,,,,,,,,,,,,,,,,,,,,,,,,,,,,,,,,,,,,,,,,,,,,sglang,True,8,8946.203,8946.2,8946.2,1118.275,61.802,Kimi K2.5 NVFP4 / sglang / agg,True
kimi,Kimi K2.5 NVFP4,agg,kimi/nvidia/Kimi-K2.5-NVFP4_b300_sxm_auto_isl4000_osl1000_ttft2000_tpot30_594291/agg/pareto.csv,nvidia/Kimi-K2.5-NVFP4,4000,1000,0,64,4.188,16.0,64.0,1615.876,13.168,14770.784,4.188,1.047,4183.452,1045.863,75.941,4,1.0,1.0,4.0,4.0,1.0,tp1pp1dp4etp4ep1,nvfp4,fp8,bfloat16,nvfp4,half,208.139,0.008,2.0,14.0,8014.0,8000.0,14.0,sglang,0.5.10,b300_sxm,0.0,1045.863,,,,,,,,,,,,,,,,,,,,,,,,,,,,,,,,,,,,,,,,,,,,sglang,True,8,4183.452,8366.904,8366.904,1045.863,75.941,Kimi K2.5 NVFP4 / sglang / agg,True
kimi,Kimi K2.5 NVFP4,agg,kimi/nvidia/Kimi-K2.5-NVFP4_b300_sxm_auto_isl4000_osl1000_ttft2000_tpot30_594291/agg/pareto.csv,nvidia/Kimi-K2.5-NVFP4,4000,1000,0,60,3.992,15.0,60.0,1615.665,12.914,14517.114,3.992,0.998,3988.066,997.017,77.433,4,1.0,1.0,4.0,4.0,1.0,tp1pp1dp4etp4ep1,nvfp4,fp8,bfloat16,nvfp4,half,207.968,0.008,2.0,13.0,8013.0,8000.0,13.0,sglang,0.5.10,b300_sxm,0.0,997.017,,,,,,,,,,,,,,,,,,,,,,,,,,,,,,,,,,,,,,,,,,,,sglang,True,8,3988.066,7976.136,7976.136,997.017,77.433,Kimi K2.5 NVFP4 / sglang / agg,True
kimi,Kimi K2.5 NVFP4,agg,kimi/nvidia/Kimi-K2.5-NVFP4_b300_sxm_auto_isl4000_osl1000_ttft2000_tpot30_594291/agg/pareto.csv,nvidia/Kimi-K2.5-NVFP4,4000,1000,0,56,3.981,14.0,56.0,1579.556,11.95,13517.249,3.981,0.995,3976.76,994.19,83.685,4,1.0,1.0,4.0,4.0,1.0,tp1pp1dp4etp4ep1,nvfp4,fp8,bfloat16,nvfp4,half,207.798,0.007,2.0,12.0,8012.0,8000.0,12.0,sglang,0.5.10,b300_sxm,0.0,994.19,,,,,,,,,,,,,,,,,,,,,,,,,,,,,,,,,,,,,,,,,,,,sglang,True,8,3976.76,7953.52,7953.52,994.19,83.685,Kimi K2.5 NVFP4 / sglang / agg,True
kimi,Kimi K2.5 NVFP4,agg,kimi/nvidia/Kimi-K2.5-NVFP4_b300_sxm_auto_isl4000_osl1000_ttft2000_tpot30_594291/agg/pareto.csv,nvidia/Kimi-K2.5-NVFP4,4000,1000,0,52,3.764,13.0,52.0,1579.35,11.696,13263.423,3.764,0.941,3760.44,940.11,85.501,4,1.0,1.0,4.0,4.0,1.0,tp1pp1dp4etp4ep1,nvfp4,fp8,bfloat16,nvfp4,half,207.628,0.006,2.0,11.0,8011.0,8000.0,11.0,sglang,0.5.10,b300_sxm,0.0,940.11,,,,,,,,,,,,,,,,,,,,,,,,,,,,,,,,,,,,,,,,,,,,sglang,True,8,3760.44,7520.88,7520.88,940.11,85.501,Kimi K2.5 NVFP4 / sglang / agg,True
kimi,Kimi K2.5 NVFP4,agg,kimi/nvidia/Kimi-K2.5-NVFP4_b300_sxm_auto_isl4000_osl1000_ttft2000_tpot30_594291/agg/pareto.csv,nvidia/Kimi-K2.5-NVFP4,4000,1000,0,48,3.735,12.0,48.0,1543.254,10.731,12263.089,3.735,0.934,3731.165,932.791,93.192,4,1.0,1.0,4.0,4.0,1.0,tp1pp1dp4etp4ep1,nvfp4,fp8,bfloat16,nvfp4,half,207.457,0.006,2.0,10.0,8010.0,8000.0,10.0,sglang,0.5.10,b300_sxm,0.0,932.791,,,,,,,,,,,,,,,,,,,,,,,,,,,,,,,,,,,,,,,,,,,,sglang,True,8,3731.165,7462.328,7462.328,932.791,93.192,Kimi K2.5 NVFP4 / sglang / agg,True
kimi,Kimi K2.5 NVFP4,agg,kimi/nvidia/Kimi-K2.5-NVFP4_b300_sxm_auto_isl4000_osl1000_ttft2000_tpot30_594291/agg/pareto.csv,nvidia/Kimi-K2.5-NVFP4,4000,1000,0,44,3.499,11.0,44.0,1543.053,10.453,11985.281,3.499,0.875,3495.668,873.917,95.669,4,1.0,1.0,4.0,4.0,1.0,tp1pp1dp4etp4ep1,nvfp4,fp8,bfloat16,nvfp4,half,207.287,0.006,2.0,9.0,8009.0,8000.0,9.0,sglang,0.5.10,b300_sxm,0.0,873.917,,,,,,,,,,,,,,,,,,,,,,,,,,,,,,,,,,,,,,,,,,,,sglang,True,8,3495.668,6991.336,6991.336,873.917,95.669,Kimi K2.5 NVFP4 / sglang / agg,True
kimi,Kimi K2.5 NVFP4,agg,kimi/nvidia/Kimi-K2.5-NVFP4_b300_sxm_auto_isl4000_osl1000_ttft2000_tpot30_594291/agg/pareto.csv,nvidia/Kimi-K2.5-NVFP4,4000,1000,0,40,3.452,10.0,40.0,1506.971,9.463,10960.605,3.452,0.863,3448.537,862.134,105.674,4,1.0,1.0,4.0,4.0,1.0,tp1pp1dp4etp4ep1,nvfp4,fp8,bfloat16,nvfp4,half,207.117,0.005,2.0,8.0,8008.0,8000.0,8.0,sglang,0.5.10,b300_sxm,0.0,862.134,,,,,,,,,,,,,,,,,,,,,,,,,,,,,,,,,,,,,,,,,,,,sglang,True,8,3448.537,6897.072,6897.072,862.134,105.674,Kimi K2.5 NVFP4 / sglang / agg,True
kimi,Kimi K2.5 NVFP4,agg,kimi/nvidia/Kimi-K2.5-NVFP4_b300_sxm_auto_isl4000_osl1000_ttft2000_tpot30_594291/agg/pareto.csv,nvidia/Kimi-K2.5-NVFP4,4000,1000,0,36,3.16,9.0,36.0,1506.775,9.269,10766.968,3.16,0.79,3156.346,789.086,107.881,4,1.0,1.0,4.0,4.0,1.0,tp1pp1dp4etp4ep1,nvfp4,fp8,bfloat16,nvfp4,half,206.946,0.004,2.0,7.0,8007.0,8000.0,7.0,sglang,0.5.10,b300_sxm,0.0,789.086,,,,,,,,,,,,,,,,,,,,,,,,,,,,,,,,,,,,,,,,,,,,sglang,True,8,3156.346,6312.688,6312.688,789.086,107.881,Kimi K2.5 NVFP4 / sglang / agg,True
kimi,Kimi K2.5 NVFP4,agg,kimi/nvidia/Kimi-K2.5-NVFP4_b300_sxm_auto_isl4000_osl1000_ttft2000_tpot30_594291/agg/pareto.csv,nvidia/Kimi-K2.5-NVFP4,4000,1000,0,32,3.064,8.0,32.0,1470.707,8.318,9780.304,3.064,0.766,3060.54,765.135,120.222,4,1.0,1.0,4.0,4.0,1.0,tp1pp1dp4etp4ep1,nvfp4,fp8,bfloat16,nvfp4,half,206.776,0.004,2.0,6.0,8006.0,8000.0,6.0,sglang,0.5.10,b300_sxm,0.0,765.135,,,,,,,,,,,,,,,,,,,,,,,,,,,,,,,,,,,,,,,,,,,,sglang,True,8,3060.54,6121.08,6121.08,765.135,120.222,Kimi K2.5 NVFP4 / sglang / agg,True
kimi,Kimi K2.5 NVFP4,agg,kimi/nvidia/Kimi-K2.5-NVFP4_b300_sxm_auto_isl4000_osl1000_ttft2000_tpot30_594291/agg/pareto.csv,nvidia/Kimi-K2.5-NVFP4,4000,1000,0,28,2.725,7.0,28.0,1470.515,8.147,9609.278,2.725,0.681,2722.483,680.621,122.746,4,1.0,1.0,4.0,4.0,1.0,tp1pp1dp4etp4ep1,nvfp4,fp8,bfloat16,nvfp4,half,206.605,0.004,2.0,5.0,8005.0,8000.0,5.0,sglang,0.5.10,b300_sxm,0.0,680.621,,,,,,,,,,,,,,,,,,,,,,,,,,,,,,,,,,,,,,,,,,,,sglang,True,8,2722.483,5444.968,5444.968,680.621,122.746,Kimi K2.5 NVFP4 / sglang / agg,True
kimi,Kimi K2.5 NVFP4,agg,kimi/nvidia/Kimi-K2.5-NVFP4_b300_sxm_auto_isl4000_osl1000_ttft2000_tpot30_594291/agg/pareto.csv,nvidia/Kimi-K2.5-NVFP4,4000,1000,0,24,2.551,6.0,24.0,1434.462,7.989,9415.165,2.551,0.638,2548.692,637.173,125.177,4,1.0,1.0,4.0,4.0,1.0,tp1pp1dp4etp4ep1,nvfp4,fp8,bfloat16,nvfp4,half,206.435,0.003,2.0,4.0,8004.0,8000.0,4.0,sglang,0.5.10,b300_sxm,0.0,637.173,,,,,,,,,,,,,,,,,,,,,,,,,,,,,,,,,,,,,,,,,,,,sglang,True,8,2548.692,5097.384,5097.384,637.173,125.177,Kimi K2.5 NVFP4 / sglang / agg,True
kimi,Kimi K2.5 NVFP4,agg,kimi/nvidia/Kimi-K2.5-NVFP4_b300_sxm_auto_isl4000_osl1000_ttft2000_tpot30_594291/agg/pareto.csv,nvidia/Kimi-K2.5-NVFP4,4000,1000,0,20,2.171,5.0,20.0,1434.275,7.792,9218.692,2.171,0.543,2169.169,542.292,128.333,4,1.0,1.0,4.0,4.0,1.0,tp1pp1dp4etp4ep1,nvfp4,fp8,bfloat16,nvfp4,half,206.265,0.002,2.0,3.0,8003.0,8000.0,3.0,sglang,0.5.10,b300_sxm,0.0,542.292,,,,,,,,,,,,,,,,,,,,,,,,,,,,,,,,,,,,,,,,,,,,sglang,True,8,2169.169,4338.336,4338.336,542.292,128.333,Kimi K2.5 NVFP4 / sglang / agg,True
kimi,Kimi K2.5 NVFP4,agg,kimi/nvidia/Kimi-K2.5-NVFP4_b300_sxm_auto_isl4000_osl1000_ttft2000_tpot30_594291/agg/pareto.csv,nvidia/Kimi-K2.5-NVFP4,4000,1000,0,16,1.933,4.0,16.0,1398.235,7.569,8959.538,1.933,0.483,1930.82,482.705,132.12,4,1.0,1.0,4.0,4.0,1.0,tp1pp1dp4etp4ep1,nvfp4,fp8,bfloat16,nvfp4,half,206.094,0.002,2.0,2.0,8002.0,8000.0,2.0,sglang,0.5.10,b300_sxm,0.0,482.705,,,,,,,,,,,,,,,,,,,,,,,,,,,,,,,,,,,,,,,,,,,,sglang,True,8,1930.82,3861.64,3861.64,482.705,132.12,Kimi K2.5 NVFP4 / sglang / agg,True
kimi,Kimi K2.5 NVFP4,agg,kimi/nvidia/Kimi-K2.5-NVFP4_b300_sxm_auto_isl4000_osl1000_ttft2000_tpot30_594291/agg/pareto.csv,nvidia/Kimi-K2.5-NVFP4,4000,1000,0,16,1.85,4.0,16.0,932.454,7.307,8232.468,1.85,0.462,1847.868,461.967,136.849,4,1.0,1.0,4.0,4.0,1.0,tp1pp1dp4etp4ep1,nvfp4,fp8,bfloat16,nvfp4,half,179.078,0.004,1.0,3.0,4003.0,4000.0,3.0,sglang,0.5.10,b300_sxm,0.0,461.967,,,,,,,,,,,,,,,,,,,,,,,,,,,,,,,,,,,,,,,,,,,,sglang,True,8,1847.868,3695.736,3695.736,461.967,136.849,Kimi K2.5 NVFP4 / sglang / agg,True
kimi,Kimi K2.5 NVFP4,agg,kimi/nvidia/Kimi-K2.5-NVFP4_b300_sxm_auto_isl4000_osl1000_ttft2000_tpot30_594291/agg/pareto.csv,nvidia/Kimi-K2.5-NVFP4,4000,1000,0,12,1.5,3.0,12.0,909.603,7.105,8007.111,1.5,0.375,1498.499,374.625,140.754,4,1.0,1.0,4.0,4.0,1.0,tp1pp1dp4etp4ep1,nvfp4,fp8,bfloat16,nvfp4,half,178.907,0.003,1.0,2.0,4002.0,4000.0,2.0,sglang,0.5.10,b300_sxm,0.0,374.625,,,,,,,,,,,,,,,,,,,,,,,,,,,,,,,,,,,,,,,,,,,,sglang,True,8,1498.499,2997.0,2997.0,374.625,140.754,Kimi K2.5 NVFP4 / sglang / agg,True
kimi,Kimi K2.5 NVFP4,agg,kimi/nvidia/Kimi-K2.5-NVFP4_b300_sxm_auto_isl4000_osl1000_ttft2000_tpot30_594291/agg/pareto.csv,nvidia/Kimi-K2.5-NVFP4,4000,1000,0,10,1.264,10.0,10.0,809.969,6.777,7580.103,1.264,0.316,1262.371,315.593,147.56,4,4.0,1.0,1.0,4.0,1.0,tp4pp1dp1etp4ep1,nvfp4,fp8,bfloat16,nvfp4,half,161.582,0.005,2.0,8.0,8008.0,8000.0,8.0,sglang,0.5.10,b300_sxm,0.0,315.593,,,,,,,,,,,,,,,,,,,,,,,,,,,,,,,,,,,,,,,,,,,,sglang,True,8,1262.371,2524.744,2524.744,315.593,147.56,Kimi K2.5 NVFP4 / sglang / agg,True
kimi,Kimi K2.5 NVFP4,agg,kimi/nvidia/Kimi-K2.5-NVFP4_b300_sxm_auto_isl4000_osl1000_ttft2000_tpot30_594291/agg/pareto.csv,nvidia/Kimi-K2.5-NVFP4,4000,1000,0,9,1.158,9.0,9.0,809.927,6.635,7438.458,1.158,0.289,1156.801,289.2,150.712,4,4.0,1.0,1.0,4.0,1.0,tp4pp1dp1etp4ep1,nvfp4,fp8,bfloat16,nvfp4,half,161.416,0.004,2.0,7.0,8007.0,8000.0,7.0,sglang,0.5.10,b300_sxm,0.0,289.2,,,,,,,,,,,,,,,,,,,,,,,,,,,,,,,,,,,,,,,,,,,,sglang,True,8,1156.801,2313.6,2313.6,289.2,150.712,Kimi K2.5 NVFP4 / sglang / agg,True
kimi,Kimi K2.5 NVFP4,agg,kimi/nvidia/Kimi-K2.5-NVFP4_b300_sxm_auto_isl4000_osl1000_ttft2000_tpot30_594291/agg/pareto.csv,nvidia/Kimi-K2.5-NVFP4,4000,1000,0,8,1.095,8.0,8.0,790.602,6.165,6949.775,1.095,0.274,1094.222,273.555,162.197,4,4.0,1.0,1.0,4.0,1.0,tp4pp1dp1etp4ep1,nvfp4,fp8,bfloat16,nvfp4,half,161.251,0.004,2.0,6.0,8006.0,8000.0,6.0,sglang,0.5.10,b300_sxm,0.0,273.555,,,,,,,,,,,,,,,,,,,,,,,,,,,,,,,,,,,,,,,,,,,,sglang,True,8,1094.222,2188.44,2188.44,273.555,162.197,Kimi K2.5 NVFP4 / sglang / agg,True
kimi,Kimi K2.5 NVFP4,agg,kimi/nvidia/Kimi-K2.5-NVFP4_b300_sxm_auto_isl4000_osl1000_ttft2000_tpot30_594291/agg/pareto.csv,nvidia/Kimi-K2.5-NVFP4,4000,1000,0,7,0.973,7.0,7.0,790.56,6.054,6838.024,0.973,0.243,972.293,243.073,165.193,4,4.0,1.0,1.0,4.0,1.0,tp4pp1dp1etp4ep1,nvfp4,fp8,bfloat16,nvfp4,half,161.085,0.004,2.0,5.0,8005.0,8000.0,5.0,sglang,0.5.10,b300_sxm,0.0,243.073,,,,,,,,,,,,,,,,,,,,,,,,,,,,,,,,,,,,,,,,,,,,sglang,True,8,972.293,1944.584,1944.584,243.073,165.193,Kimi K2.5 NVFP4 / sglang / agg,True
kimi,Kimi K2.5 NVFP4,agg,kimi/nvidia/Kimi-K2.5-NVFP4_b300_sxm_auto_isl4000_osl1000_ttft2000_tpot30_594291/agg/pareto.csv,nvidia/Kimi-K2.5-NVFP4,4000,1000,0,6,0.888,6.0,6.0,771.238,5.997,6762.187,0.888,0.222,887.186,221.797,166.752,4,4.0,1.0,1.0,4.0,1.0,tp4pp1dp1etp4ep1,nvfp4,fp8,bfloat16,nvfp4,half,160.92,0.003,2.0,4.0,8004.0,8000.0,4.0,sglang,0.5.10,b300_sxm,0.0,221.797,,,,,,,,,,,,,,,,,,,,,,,,,,,,,,,,,,,,,,,,,,,,sglang,True,8,887.186,1774.376,1774.376,221.797,166.752,Kimi K2.5 NVFP4 / sglang / agg,True
kimi,Kimi K2.5 NVFP4,agg,kimi/nvidia/Kimi-K2.5-NVFP4_b300_sxm_auto_isl4000_osl1000_ttft2000_tpot30_594291/agg/pareto.csv,nvidia/Kimi-K2.5-NVFP4,4000,1000,0,5,0.745,5.0,5.0,771.198,5.952,6717.418,0.745,0.186,744.249,186.062,168.006,4,4.0,1.0,1.0,4.0,1.0,tp4pp1dp1etp4ep1,nvfp4,fp8,bfloat16,nvfp4,half,160.754,0.002,2.0,3.0,8003.0,8000.0,3.0,sglang,0.5.10,b300_sxm,0.0,186.062,,,,,,,,,,,,,,,,,,,,,,,,,,,,,,,,,,,,,,,,,,,,sglang,True,8,744.249,1488.496,1488.496,186.062,168.006,Kimi K2.5 NVFP4 / sglang / agg,True
kimi,Kimi K2.5 NVFP4,agg,kimi/nvidia/Kimi-K2.5-NVFP4_b300_sxm_auto_isl4000_osl1000_ttft2000_tpot30_594291/agg/pareto.csv,nvidia/Kimi-K2.5-NVFP4,4000,1000,0,4,0.639,4.0,4.0,751.879,5.88,6626.377,0.639,0.16,638.331,159.583,170.057,4,4.0,1.0,1.0,4.0,1.0,tp4pp1dp1etp4ep1,nvfp4,fp8,bfloat16,nvfp4,half,160.589,0.002,2.0,2.0,8002.0,8000.0,2.0,sglang,0.5.10,b300_sxm,0.0,159.583,,,,,,,,,,,,,,,,,,,,,,,,,,,,,,,,,,,,,,,,,,,,sglang,True,8,638.331,1276.664,1276.664,159.583,170.057,Kimi K2.5 NVFP4 / sglang / agg,True
kimi,Kimi K2.5 NVFP4,agg,kimi/nvidia/Kimi-K2.5-NVFP4_b300_sxm_auto_isl4000_osl1000_ttft2000_tpot30_594291/agg/pareto.csv,nvidia/Kimi-K2.5-NVFP4,4000,1000,0,4,0.625,4.0,4.0,472.12,5.725,6191.793,0.625,0.156,624.46,156.115,174.66,4,4.0,1.0,1.0,4.0,1.0,tp4pp1dp1etp4ep1,nvfp4,fp8,bfloat16,nvfp4,half,153.098,0.004,1.0,3.0,4003.0,4000.0,3.0,sglang,0.5.10,b300_sxm,0.0,156.115,,,,,,,,,,,,,,,,,,,,,,,,,,,,,,,,,,,,,,,,,,,,sglang,True,8,624.46,1248.92,1248.92,156.115,174.66,Kimi K2.5 NVFP4 / sglang / agg,True
kimi,Kimi K2.5 NVFP4,agg,kimi/nvidia/Kimi-K2.5-NVFP4_b300_sxm_auto_isl4000_osl1000_ttft2000_tpot30_594291/agg/pareto.csv,nvidia/Kimi-K2.5-NVFP4,4000,1000,0,3,0.494,3.0,3.0,460.498,5.618,6073.103,0.494,0.124,493.944,123.486,177.992,4,4.0,1.0,1.0,4.0,1.0,tp4pp1dp1etp4ep1,nvfp4,fp8,bfloat16,nvfp4,half,152.932,0.003,1.0,2.0,4002.0,4000.0,2.0,sglang,0.5.10,b300_sxm,0.0,123.486,,,,,,,,,,,,,,,,,,,,,,,,,,,,,,,,,,,,,,,,,,,,sglang,True,8,493.944,987.888,987.888,123.486,177.992,Kimi K2.5 NVFP4 / sglang / agg,True
kimi,Kimi K2.5 NVFP4,agg,kimi/nvidia/Kimi-K2.5-NVFP4_b300_sxm_auto_isl4000_osl1000_ttft2000_tpot30_594291/agg/pareto.csv,nvidia/Kimi-K2.5-NVFP4,4000,1000,0,2,0.395,2.0,2.0,182.994,4.976,5153.994,0.395,0.099,394.484,98.621,200.966,4,4.0,1.0,1.0,1.0,4.0,tp4pp1dp1etp1ep4,nvfp4,fp8,bfloat16,nvfp4,half,148.344,0.002,1.0,1.0,4001.0,4000.0,1.0,sglang,0.5.10,b300_sxm,0.0,98.621,,,,,,,,,,,,,,,,,,,,,,,,,,,,,,,,,,,,,,,,,,,,sglang,True,8,394.484,788.968,788.968,98.621,200.966,Kimi K2.5 NVFP4 / sglang / agg,True
kimi,Kimi K2.5 NVFP4,agg,kimi/nvidia/Kimi-K2.5-NVFP4_b300_sxm_auto_isl4000_osl1000_ttft2000_tpot30_594291/agg/pareto.csv,nvidia/Kimi-K2.5-NVFP4,4000,1000,0,3,0.622,3.0,3.0,155.138,4.676,4826.739,0.622,0.078,621.518,77.69,213.845,8,8.0,1.0,1.0,1.0,8.0,tp8pp1dp1etp1ep8,nvfp4,fp8,bfloat16,nvfp4,half,79.082,0.003,1.0,2.0,4002.0,4000.0,2.0,sglang,0.5.10,b300_sxm,0.0,77.69,,,,,,,,,,,,,,,,,,,,,,,,,,,,,,,,,,,,,,,,,,,,sglang,True,8,621.518,621.52,621.52,77.69,213.845,Kimi K2.5 NVFP4 / sglang / agg,True
kimi,Kimi K2.5 NVFP4,agg,kimi/nvidia/Kimi-K2.5-NVFP4_b300_sxm_auto_isl4000_osl1000_ttft2000_tpot30_594291/agg/pareto.csv,nvidia/Kimi-K2.5-NVFP4,4000,1000,0,1,0.239,1.0,1.0,178.274,4.09,4263.773,0.239,0.06,239.034,59.758,244.523,4,4.0,1.0,1.0,1.0,4.0,tp4pp1dp1etp1ep4,nvfp4,fp8,bfloat16,nvfp4,half,148.179,0.001,1.0,1.0,4000.0,4000.0,1.0,sglang,0.5.10,b300_sxm,0.0,59.758,,,,,,,,,,,,,,,,,,,,,,,,,,,,,,,,,,,,,,,,,,,,sglang,True,8,239.034,478.064,478.064,59.758,244.523,Kimi K2.5 NVFP4 / sglang / agg,True
kimi,Kimi K2.5 NVFP4,agg,kimi/nvidia/Kimi-K2.5-NVFP4_b300_sxm_auto_isl4000_osl1000_ttft2000_tpot30_594291/agg/pareto.csv,nvidia/Kimi-K2.5-NVFP4,4000,1000,0,1,0.282,1.0,1.0,147.324,3.467,3610.855,0.282,0.035,282.118,35.265,288.434,8,8.0,1.0,1.0,1.0,8.0,tp8pp1dp1etp1ep8,nvfp4,fp8,bfloat16,nvfp4,half,78.753,0.001,1.0,1.0,4000.0,4000.0,1.0,sglang,0.5.10,b300_sxm,0.0,35.265,,,,,,,,,,,,,,,,,,,,,,,,,,,,,,,,,,,,,,,,,,,,sglang,True,8,282.118,282.12,282.12,35.265,288.434,Kimi K2.5 NVFP4 / sglang / agg,True
kimi,Kimi K2.5 NVFP4,disagg,kimi/nvidia/Kimi-K2.5-NVFP4_b300_sxm_auto_isl4000_osl1000_ttft2000_tpot30_594291/disagg/pareto.csv,nvidia/Kimi-K2.5-NVFP4,4000,1000,0,480,14.64,,,442.606,29.977,30389.629,14.64,1.83,14640.3,1830.038,33.359,8,,,,,,,,,,,,,,,,,,,vllm,,,0.0,1830.038,1.0,4.0,1.0,120.0,480.0,1.0,16.267,16.028,1.0,1.0,4.0,1.0,4.0,tp1pp1dp4etp1ep4,nvfp4,fp8,bfloat16,nvfp4,half,158.287,vllm,0.19.0,b300_sxm,1.0,1.0,4.0,1.0,4.0,tp1pp1dp4etp1ep4,nvfp4,fp8,bfloat16,nvfp4,half,170.538,vllm,0.19.0,b300_sxm,0.0,0.0,0.0,,0.0,vllm,True,8,14640.3,14640.304,14640.304,1830.038,33.359,Kimi K2.5 NVFP4 / vllm / disagg,True
kimi,Kimi K2.5 NVFP4,disagg,kimi/nvidia/Kimi-K2.5-NVFP4_b300_sxm_auto_isl4000_osl1000_ttft2000_tpot30_594291/disagg/pareto.csv,nvidia/Kimi-K2.5-NVFP4,4000,1000,0,512,13.595,,,476.64,29.57,30017.07,13.595,1.699,13595.4,1699.425,33.818,8,,,,,,,,,,,,,,,,,,,trtllm,,,0.0,1699.425,1.0,4.0,1.0,128.0,512.0,1.0,15.106,17.332,1.0,1.0,4.0,1.0,4.0,tp1pp1dp4etp1ep4,nvfp4,fp8,bfloat16,nvfp4,half,158.287,trtllm,1.3.0rc10,b300_sxm,1.0,1.0,4.0,1.0,4.0,tp1pp1dp4etp1ep4,nvfp4,fp8,fp8,nvfp4,half,171.862,trtllm,1.3.0rc10,b300_sxm,0.0,0.0,0.0,,0.0,trtllm,True,8,13595.4,13595.4,13595.4,1699.425,33.818,Kimi K2.5 NVFP4 / trtllm / disagg,True
kimi,Kimi K2.5 NVFP4,disagg,kimi/nvidia/Kimi-K2.5-NVFP4_b300_sxm_auto_isl4000_osl1000_ttft2000_tpot30_594291/disagg/pareto.csv,nvidia/Kimi-K2.5-NVFP4,4000,1000,0,288,10.645,,,476.64,24.915,25366.725,10.645,1.331,10645.32,1330.665,40.136,8,,,,,,,,,,,,,,,,,,,trtllm,,,0.0,1330.665,1.0,4.0,1.0,72.0,288.0,1.0,15.106,11.571,1.0,1.0,4.0,1.0,4.0,tp1pp1dp4etp1ep4,nvfp4,fp8,bfloat16,nvfp4,half,158.287,trtllm,1.3.0rc10,b300_sxm,1.0,1.0,4.0,1.0,4.0,tp1pp1dp4etp1ep4,nvfp4,fp8,fp8,nvfp4,half,162.597,trtllm,1.3.0rc10,b300_sxm,0.0,0.0,0.0,,0.0,trtllm,True,8,10645.32,10645.32,10645.32,1330.665,40.136,Kimi K2.5 NVFP4 / trtllm / disagg,False
kimi,Kimi K2.5 NVFP4,disagg,kimi/nvidia/Kimi-K2.5-NVFP4_b300_sxm_auto_isl4000_osl1000_ttft2000_tpot30_594291/disagg/pareto.csv,nvidia/Kimi-K2.5-NVFP4,4000,1000,0,272,10.186,,,442.606,24.592,25010.014,10.186,1.273,10186.24,1273.28,40.663,8,,,,,,,,,,,,,,,,,,,vllm,,,0.0,1273.28,1.0,4.0,1.0,68.0,272.0,1.0,16.267,11.072,1.0,1.0,4.0,1.0,4.0,tp1pp1dp4etp1ep4,nvfp4,fp8,bfloat16,nvfp4,half,158.287,vllm,0.19.0,b300_sxm,1.0,1.0,4.0,1.0,4.0,tp1pp1dp4etp1ep4,nvfp4,fp8,bfloat16,nvfp4,half,161.942,vllm,0.19.0,b300_sxm,0.0,0.0,0.0,,0.0,vllm,True,8,10186.24,10186.24,10186.24,1273.28,40.663,Kimi K2.5 NVFP4 / vllm / disagg,False
kimi,Kimi K2.5 NVFP4,disagg,kimi/nvidia/Kimi-K2.5-NVFP4_b300_sxm_auto_isl4000_osl1000_ttft2000_tpot30_594291/disagg/pareto.csv,nvidia/Kimi-K2.5-NVFP4,4000,1000,0,240,9.079,,,477.763,24.344,24797.419,9.079,1.135,9079.48,1134.935,41.078,8,,,,,,,,,,,,,,,,,,,sglang,,,0.0,1134.935,1.0,4.0,1.0,60.0,240.0,1.0,15.07,9.869,1.0,1.0,4.0,1.0,4.0,tp1pp1dp4etp1ep4,nvfp4,fp8,bfloat16,nvfp4,half,160.846,sglang,0.5.10,b300_sxm,1.0,1.0,4.0,4.0,1.0,tp1pp1dp4etp4ep1,nvfp4,fp8,fp8,nvfp4,half,161.602,sglang,0.5.10,b300_sxm,0.0,0.0,0.0,,0.0,sglang,True,8,9079.48,9079.48,9079.48,1134.935,41.078,Kimi K2.5 NVFP4 / sglang / disagg,False
kimi,Kimi K2.5 NVFP4,disagg,kimi/nvidia/Kimi-K2.5-NVFP4_b300_sxm_auto_isl4000_osl1000_ttft2000_tpot30_594291/disagg/pareto.csv,nvidia/Kimi-K2.5-NVFP4,4000,1000,0,176,8.384,,,477.763,19.332,19790.431,8.384,1.048,8383.96,1047.995,51.728,8,,,,,,,,,,,,,,,,,,,sglang,,,0.0,1047.995,1.0,4.0,1.0,44.0,176.0,1.0,15.07,9.113,1.0,1.0,4.0,1.0,4.0,tp1pp1dp4etp1ep4,nvfp4,fp8,bfloat16,nvfp4,half,160.846,sglang,0.5.10,b300_sxm,1.0,1.0,4.0,4.0,1.0,tp1pp1dp4etp4ep1,nvfp4,fp8,fp8,nvfp4,half,158.876,sglang,0.5.10,b300_sxm,0.0,0.0,0.0,,0.0,sglang,True,8,8383.96,8383.96,8383.96,1047.995,51.728,Kimi K2.5 NVFP4 / sglang / disagg,False
kimi,Kimi K2.5 NVFP4,disagg,kimi/nvidia/Kimi-K2.5-NVFP4_b300_sxm_auto_isl4000_osl1000_ttft2000_tpot30_594291/disagg/pareto.csv,nvidia/Kimi-K2.5-NVFP4,4000,1000,0,160,8.121,,,477.763,18.144,18603.619,8.121,1.015,8120.84,1015.105,55.116,8,,,,,,,,,,,,,,,,,,,sglang,,,0.0,1015.105,1.0,4.0,1.0,40.0,160.0,1.0,15.07,8.827,1.0,1.0,4.0,1.0,4.0,tp1pp1dp4etp1ep4,nvfp4,fp8,bfloat16,nvfp4,half,160.846,sglang,0.5.10,b300_sxm,1.0,1.0,4.0,4.0,1.0,tp1pp1dp4etp4ep1,nvfp4,fp8,fp8,nvfp4,half,158.195,sglang,0.5.10,b300_sxm,0.0,0.0,0.0,,0.0,sglang,True,8,8120.84,8120.84,8120.84,1015.105,55.116,Kimi K2.5 NVFP4 / sglang / disagg,False
kimi,Kimi K2.5 NVFP4,disagg,kimi/nvidia/Kimi-K2.5-NVFP4_b300_sxm_auto_isl4000_osl1000_ttft2000_tpot30_594291/disagg/pareto.csv,nvidia/Kimi-K2.5-NVFP4,4000,1000,0,144,7.917,,,477.763,16.751,17212.012,7.917,0.99,7916.6,989.575,59.698,8,,,,,,,,,,,,,,,,,,,sglang,,,0.0,989.575,1.0,4.0,1.0,36.0,144.0,1.0,15.07,8.605,1.0,1.0,4.0,1.0,4.0,tp1pp1dp4etp1ep4,nvfp4,fp8,bfloat16,nvfp4,half,160.846,sglang,0.5.10,b300_sxm,1.0,1.0,4.0,4.0,1.0,tp1pp1dp4etp4ep1,nvfp4,fp8,fp8,nvfp4,half,157.513,sglang,0.5.10,b300_sxm,0.0,0.0,0.0,,0.0,sglang,True,8,7916.6,7916.6,7916.6,989.575,59.698,Kimi K2.5 NVFP4 / sglang / disagg,False
kimi,Kimi K2.5 NVFP4,disagg,kimi/nvidia/Kimi-K2.5-NVFP4_b300_sxm_auto_isl4000_osl1000_ttft2000_tpot30_594291/disagg/pareto.csv,nvidia/Kimi-K2.5-NVFP4,4000,1000,0,128,7.643,,,477.763,15.422,15884.341,7.643,0.955,7643.36,955.42,64.843,8,,,,,,,,,,,,,,,,,,,sglang,,,0.0,955.42,1.0,4.0,1.0,32.0,128.0,1.0,15.07,8.308,1.0,1.0,4.0,1.0,4.0,tp1pp1dp4etp1ep4,nvfp4,fp8,bfloat16,nvfp4,half,160.846,sglang,0.5.10,b300_sxm,1.0,1.0,4.0,4.0,1.0,tp1pp1dp4etp4ep1,nvfp4,fp8,fp8,nvfp4,half,156.832,sglang,0.5.10,b300_sxm,0.0,0.0,0.0,,0.0,sglang,True,8,7643.36,7643.36,7643.36,955.42,64.843,Kimi K2.5 NVFP4 / sglang / disagg,False
kimi,Kimi K2.5 NVFP4,disagg,kimi/nvidia/Kimi-K2.5-NVFP4_b300_sxm_auto_isl4000_osl1000_ttft2000_tpot30_594291/disagg/pareto.csv,nvidia/Kimi-K2.5-NVFP4,4000,1000,0,120,7.413,,,477.763,14.906,15368.857,7.413,0.927,7413.36,926.67,67.086,8,,,,,,,,,,,,,,,,,,,sglang,,,0.0,926.67,1.0,4.0,1.0,30.0,120.0,1.0,15.07,8.058,1.0,1.0,4.0,1.0,4.0,tp1pp1dp4etp1ep4,nvfp4,fp8,bfloat16,nvfp4,half,160.846,sglang,0.5.10,b300_sxm,1.0,1.0,4.0,4.0,1.0,tp1pp1dp4etp4ep1,nvfp4,fp8,fp8,nvfp4,half,156.491,sglang,0.5.10,b300_sxm,0.0,0.0,0.0,,0.0,sglang,True,8,7413.36,7413.36,7413.36,926.67,67.086,Kimi K2.5 NVFP4 / sglang / disagg,False
kimi,Kimi K2.5 NVFP4,disagg,kimi/nvidia/Kimi-K2.5-NVFP4_b300_sxm_auto_isl4000_osl1000_ttft2000_tpot30_594291/disagg/pareto.csv,nvidia/Kimi-K2.5-NVFP4,4000,1000,0,104,6.903,,,477.763,13.875,14338.888,6.903,0.863,6902.76,862.845,72.072,8,,,,,,,,,,,,,,,,,,,sglang,,,0.0,862.845,1.0,4.0,1.0,26.0,104.0,1.0,15.07,7.503,1.0,1.0,4.0,1.0,4.0,tp1pp1dp4etp1ep4,nvfp4,fp8,bfloat16,nvfp4,half,160.846,sglang,0.5.10,b300_sxm,1.0,1.0,4.0,4.0,1.0,tp1pp1dp4etp4ep1,nvfp4,fp8,fp8,nvfp4,half,155.836,sglang,0.5.10,b300_sxm,0.0,0.0,0.0,,0.0,sglang,True,8,6902.76,6902.76,6902.76,862.845,72.072,Kimi K2.5 NVFP4 / sglang / disagg,False
kimi,Kimi K2.5 NVFP4,disagg,kimi/nvidia/Kimi-K2.5-NVFP4_b300_sxm_auto_isl4000_osl1000_ttft2000_tpot30_594291/disagg/pareto.csv,nvidia/Kimi-K2.5-NVFP4,4000,1000,0,88,6.342,,,477.763,12.777,13241.986,6.342,0.793,6342.48,792.81,78.266,8,,,,,,,,,,,,,,,,,,,sglang,,,0.0,792.81,1.0,4.0,1.0,22.0,88.0,1.0,15.07,6.894,1.0,1.0,4.0,1.0,4.0,tp1pp1dp4etp1ep4,nvfp4,fp8,bfloat16,nvfp4,half,160.846,sglang,0.5.10,b300_sxm,1.0,1.0,4.0,4.0,1.0,tp1pp1dp4etp4ep1,nvfp4,fp8,fp8,nvfp4,half,155.181,sglang,0.5.10,b300_sxm,0.0,0.0,0.0,,0.0,sglang,True,8,6342.48,6342.48,6342.48,792.81,78.266,Kimi K2.5 NVFP4 / sglang / disagg,False
kimi,Kimi K2.5 NVFP4,disagg,kimi/nvidia/Kimi-K2.5-NVFP4_b300_sxm_auto_isl4000_osl1000_ttft2000_tpot30_594291/disagg/pareto.csv,nvidia/Kimi-K2.5-NVFP4,4000,1000,0,72,5.855,,,477.763,11.325,11791.438,5.855,0.732,5854.88,731.86,88.302,8,,,,,,,,,,,,,,,,,,,sglang,,,0.0,731.86,1.0,4.0,1.0,18.0,72.0,1.0,15.07,6.364,1.0,1.0,4.0,1.0,4.0,tp1pp1dp4etp1ep4,nvfp4,fp8,bfloat16,nvfp4,half,160.846,sglang,0.5.10,b300_sxm,1.0,1.0,4.0,4.0,1.0,tp1pp1dp4etp4ep1,nvfp4,fp8,fp8,nvfp4,half,154.527,sglang,0.5.10,b300_sxm,0.0,0.0,0.0,,0.0,sglang,True,8,5854.88,5854.88,5854.88,731.86,88.302,Kimi K2.5 NVFP4 / sglang / disagg,False
kimi,Kimi K2.5 NVFP4,disagg,kimi/nvidia/Kimi-K2.5-NVFP4_b300_sxm_auto_isl4000_osl1000_ttft2000_tpot30_594291/disagg/pareto.csv,nvidia/Kimi-K2.5-NVFP4,4000,1000,0,64,5.677,,,477.763,10.381,10848.382,5.677,0.71,5677.32,709.665,96.328,8,,,,,,,,,,,,,,,,,,,sglang,,,0.0,709.665,1.0,4.0,1.0,16.0,64.0,1.0,15.07,6.171,1.0,1.0,4.0,1.0,4.0,tp1pp1dp4etp1ep4,nvfp4,fp8,bfloat16,nvfp4,half,160.846,sglang,0.5.10,b300_sxm,1.0,1.0,4.0,4.0,1.0,tp1pp1dp4etp4ep1,nvfp4,fp8,fp8,nvfp4,half,154.2,sglang,0.5.10,b300_sxm,0.0,0.0,0.0,,0.0,sglang,True,8,5677.32,5677.32,5677.32,709.665,96.328,Kimi K2.5 NVFP4 / sglang / disagg,False
kimi,Kimi K2.5 NVFP4,disagg,kimi/nvidia/Kimi-K2.5-NVFP4_b300_sxm_auto_isl4000_osl1000_ttft2000_tpot30_594291/disagg/pareto.csv,nvidia/Kimi-K2.5-NVFP4,4000,1000,0,56,5.245,,,477.763,9.832,10299.931,5.245,0.656,5244.92,655.615,101.711,8,,,,,,,,,,,,,,,,,,,sglang,,,0.0,655.615,1.0,4.0,1.0,14.0,56.0,1.0,15.07,5.701,1.0,1.0,4.0,1.0,4.0,tp1pp1dp4etp1ep4,nvfp4,fp8,bfloat16,nvfp4,half,160.846,sglang,0.5.10,b300_sxm,1.0,1.0,4.0,4.0,1.0,tp1pp1dp4etp4ep1,nvfp4,fp8,fp8,nvfp4,half,153.872,sglang,0.5.10,b300_sxm,0.0,0.0,0.0,,0.0,sglang,True,8,5244.92,5244.92,5244.92,655.615,101.711,Kimi K2.5 NVFP4 / sglang / disagg,False
kimi,Kimi K2.5 NVFP4,disagg,kimi/nvidia/Kimi-K2.5-NVFP4_b300_sxm_auto_isl4000_osl1000_ttft2000_tpot30_594291/disagg/pareto.csv,nvidia/Kimi-K2.5-NVFP4,4000,1000,0,44,4.512,,,477.763,8.982,9450.781,4.512,0.564,4511.68,563.96,111.335,8,,,,,,,,,,,,,,,,,,,sglang,,,0.0,563.96,1.0,4.0,1.0,11.0,44.0,1.0,15.07,4.904,1.0,1.0,4.0,1.0,4.0,tp1pp1dp4etp1ep4,nvfp4,fp8,bfloat16,nvfp4,half,160.846,sglang,0.5.10,b300_sxm,1.0,1.0,4.0,4.0,1.0,tp1pp1dp4etp4ep1,nvfp4,fp8,fp8,nvfp4,half,153.382,sglang,0.5.10,b300_sxm,0.0,0.0,0.0,,0.0,sglang,True,8,4511.68,4511.68,4511.68,563.96,111.335,Kimi K2.5 NVFP4 / sglang / disagg,False
kimi,Kimi K2.5 NVFP4,disagg,kimi/nvidia/Kimi-K2.5-NVFP4_b300_sxm_auto_isl4000_osl1000_ttft2000_tpot30_594291/disagg/pareto.csv,nvidia/Kimi-K2.5-NVFP4,4000,1000,0,32,3.338,,,287.789,8.828,9106.961,3.338,0.417,3337.76,417.22,113.273,8,,,,,,,,,,,,,,,,,,,sglang,,,0.0,417.22,1.0,2.0,1.0,16.0,32.0,1.0,12.509,3.628,2.0,1.0,2.0,1.0,4.0,tp2pp1dp2etp1ep4,nvfp4,fp8,bfloat16,nvfp4,half,152.336,sglang,0.5.10,b300_sxm,2.0,1.0,2.0,4.0,1.0,tp2pp1dp2etp4ep1,nvfp4,fp8,fp8,nvfp4,half,149.989,sglang,0.5.10,b300_sxm,0.0,0.0,0.0,,0.0,sglang,True,8,3337.76,3337.76,3337.76,417.22,113.273,Kimi K2.5 NVFP4 / sglang / disagg,False
kimi,Kimi K2.5 NVFP4,disagg,kimi/nvidia/Kimi-K2.5-NVFP4_b300_sxm_auto_isl4000_osl1000_ttft2000_tpot30_594291/disagg/pareto.csv,nvidia/Kimi-K2.5-NVFP4,4000,1000,0,24,2.812,,,477.763,7.859,8328.904,2.812,0.352,2812.44,351.555,127.247,8,,,,,,,,,,,,,,,,,,,sglang,,,0.0,351.555,1.0,4.0,1.0,6.0,24.0,1.0,15.07,3.057,1.0,1.0,4.0,1.0,4.0,tp1pp1dp4etp1ep4,nvfp4,fp8,bfloat16,nvfp4,half,160.846,sglang,0.5.10,b300_sxm,1.0,1.0,4.0,4.0,1.0,tp1pp1dp4etp4ep1,nvfp4,fp8,fp8,nvfp4,half,152.564,sglang,0.5.10,b300_sxm,0.0,0.0,0.0,,0.0,sglang,True,8,2812.44,2812.44,2812.44,351.555,127.247,Kimi K2.5 NVFP4 / sglang / disagg,False
kimi,Kimi K2.5 NVFP4,disagg,kimi/nvidia/Kimi-K2.5-NVFP4_b300_sxm_auto_isl4000_osl1000_ttft2000_tpot30_594291/disagg/pareto.csv,nvidia/Kimi-K2.5-NVFP4,4000,1000,0,18,2.11,,,185.78,7.855,8032.925,2.11,0.264,2110.48,263.81,127.315,8,,,,,,,,,,,,,,,,,,,sglang,,,0.0,263.81,1.0,1.0,1.0,18.0,18.0,1.0,9.689,2.294,4.0,1.0,1.0,1.0,4.0,tp4pp1dp1etp1ep4,nvfp4,fp8,bfloat16,nvfp4,half,148.147,sglang,0.5.10,b300_sxm,4.0,1.0,1.0,4.0,1.0,tp4pp1dp1etp4ep1,nvfp4,fp8,fp8,nvfp4,half,148.092,sglang,0.5.10,b300_sxm,0.0,0.0,0.0,,0.0,sglang,True,8,2110.48,2110.48,2110.48,263.81,127.315,Kimi K2.5 NVFP4 / sglang / disagg,False
kimi,Kimi K2.5 NVFP4,disagg,kimi/nvidia/Kimi-K2.5-NVFP4_b300_sxm_auto_isl4000_osl1000_ttft2000_tpot30_594291/disagg/pareto.csv,nvidia/Kimi-K2.5-NVFP4,4000,1000,0,13,1.715,,,185.78,6.982,7160.798,1.715,0.214,1714.88,214.36,143.234,8,,,,,,,,,,,,,,,,,,,sglang,,,0.0,214.36,1.0,1.0,1.0,13.0,13.0,1.0,9.689,1.864,4.0,1.0,1.0,1.0,4.0,tp4pp1dp1etp1ep4,nvfp4,fp8,bfloat16,nvfp4,half,148.147,sglang,0.5.10,b300_sxm,4.0,1.0,1.0,4.0,1.0,tp4pp1dp1etp4ep1,nvfp4,fp8,fp8,nvfp4,half,147.274,sglang,0.5.10,b300_sxm,0.0,0.0,0.0,,0.0,sglang,True,8,1714.88,1714.88,1714.88,214.36,143.234,Kimi K2.5 NVFP4 / sglang / disagg,False
kimi,Kimi K2.5 NVFP4,disagg,kimi/nvidia/Kimi-K2.5-NVFP4_b300_sxm_auto_isl4000_osl1000_ttft2000_tpot30_594291/disagg/pareto.csv,nvidia/Kimi-K2.5-NVFP4,4000,1000,0,4,0.62,,,185.78,5.939,6118.841,0.62,0.078,620.08,77.51,168.375,8,,,,,,,,,,,,,,,,,,,sglang,,,0.0,77.51,1.0,1.0,1.0,4.0,4.0,1.0,9.689,0.674,4.0,1.0,1.0,1.0,4.0,tp4pp1dp1etp1ep4,nvfp4,fp8,bfloat16,nvfp4,half,148.147,sglang,0.5.10,b300_sxm,4.0,1.0,1.0,4.0,1.0,tp4pp1dp1etp4ep1,nvfp4,fp8,fp8,nvfp4,half,145.801,sglang,0.5.10,b300_sxm,0.0,0.0,0.0,,0.0,sglang,True,8,620.08,620.08,620.08,77.51,168.375,Kimi K2.5 NVFP4 / sglang / disagg,False
kimi,Kimi K2.5 NVFP4,disagg,kimi/nvidia/Kimi-K2.5-NVFP4_b300_sxm_auto_isl4000_osl1000_ttft2000_tpot30_594291/disagg/pareto.csv,nvidia/Kimi-K2.5-NVFP4,4000,1000,0,2,0.349,,,185.78,5.277,5457.503,0.349,0.044,348.68,43.585,189.484,8,,,,,,,,,,,,,,,,,,,sglang,,,0.0,43.585,1.0,1.0,1.0,2.0,2.0,1.0,9.689,0.379,4.0,1.0,1.0,1.0,4.0,tp4pp1dp1etp1ep4,nvfp4,fp8,bfloat16,nvfp4,half,148.147,sglang,0.5.10,b300_sxm,4.0,1.0,1.0,1.0,4.0,tp4pp1dp1etp1ep4,nvfp4,fp8,fp8,nvfp4,half,145.474,sglang,0.5.10,b300_sxm,0.0,0.0,0.0,,0.0,sglang,True,8,348.68,348.68,348.68,43.585,189.484,Kimi K2.5 NVFP4 / sglang / disagg,False
kimi,Kimi K2.5 NVFP4,disagg,kimi/nvidia/Kimi-K2.5-NVFP4_b300_sxm_auto_isl4000_osl1000_ttft2000_tpot30_594291/disagg/pareto.csv,nvidia/Kimi-K2.5-NVFP4,4000,1000,0,1,0.209,,,185.78,4.416,4597.364,0.209,0.026,208.84,26.105,226.431,8,,,,,,,,,,,,,,,,,,,sglang,,,0.0,26.105,1.0,1.0,1.0,1.0,1.0,1.0,9.689,0.227,4.0,1.0,1.0,1.0,4.0,tp4pp1dp1etp1ep4,nvfp4,fp8,bfloat16,nvfp4,half,148.147,sglang,0.5.10,b300_sxm,4.0,1.0,1.0,1.0,4.0,tp4pp1dp1etp1ep4,nvfp4,fp8,fp8,nvfp4,half,145.311,sglang,0.5.10,b300_sxm,0.0,0.0,0.0,,0.0,sglang,True,8,208.84,208.84,208.84,26.105,226.431,Kimi K2.5 NVFP4 / sglang / disagg,False
minimax,MiniMax M2.7 NVFP4,agg,minimax/nvidia/MiniMax-M2.7-NVFP4_b300_sxm_auto_isl4000_osl1000_ttft2000_tpot30_671125/agg/pareto.csv,nvidia/MiniMax-M2.7-NVFP4,4000,1000,0,640,11.43,320.0,640.0,543.573,55.754,56241.339,11.43,5.715,11418.379,5709.189,17.936,2,1.0,1.0,2.0,1.0,2.0,tp1pp1dp2etp1ep2,nvfp4,fp8,bfloat16,nvfp4,half,256.321,0.16,2.0,318.0,8318.0,8000.0,318.0,vllm,0.19.0,b300_sxm,0.0,5709.189,,,,,,,,,,,,,,,,,,,,,,,,,,,,,,,,,,,,,,,,,,,,vllm,False,8,11418.379,45673.512,45673.512,5709.189,17.936,MiniMax M2.7 NVFP4 / vllm / agg,False
minimax,MiniMax M2.7 NVFP4,agg,minimax/nvidia/MiniMax-M2.7-NVFP4_b300_sxm_auto_isl4000_osl1000_ttft2000_tpot30_671125/agg/pareto.csv,nvidia/MiniMax-M2.7-NVFP4,4000,1000,0,576,11.142,288.0,576.0,532.758,51.449,51930.435,11.142,5.571,11131.275,5565.638,19.437,2,1.0,1.0,2.0,1.0,2.0,tp1pp1dp2etp1ep2,nvfp4,fp8,bfloat16,nvfp4,half,237.392,0.144,2.0,286.0,8286.0,8000.0,286.0,vllm,0.19.0,b300_sxm,0.0,5565.638,,,,,,,,,,,,,,,,,,,,,,,,,,,,,,,,,,,,,,,,,,,,vllm,False,8,11131.275,44525.104,44525.104,5565.638,19.437,MiniMax M2.7 NVFP4 / vllm / agg,False
minimax,MiniMax M2.7 NVFP4,agg,minimax/nvidia/MiniMax-M2.7-NVFP4_b300_sxm_auto_isl4000_osl1000_ttft2000_tpot30_671125/agg/pareto.csv,nvidia/MiniMax-M2.7-NVFP4,4000,1000,0,512,10.845,256.0,512.0,522.021,46.96,47435.377,10.845,5.422,10834.097,5417.048,21.295,2,1.0,1.0,2.0,1.0,2.0,tp1pp1dp2etp1ep2,nvfp4,fp8,bfloat16,nvfp4,half,218.463,0.128,2.0,254.0,8254.0,8000.0,254.0,vllm,0.19.0,b300_sxm,0.0,5417.048,,,,,,,,,,,,,,,,,,,,,,,,,,,,,,,,,,,,,,,,,,,,vllm,False,8,10834.097,43336.384,43336.384,5417.048,21.295,MiniMax M2.7 NVFP4 / vllm / agg,False
minimax,MiniMax M2.7 NVFP4,agg,minimax/nvidia/MiniMax-M2.7-NVFP4_b300_sxm_auto_isl4000_osl1000_ttft2000_tpot30_671125/agg/pareto.csv,nvidia/MiniMax-M2.7-NVFP4,4000,1000,0,480,10.64,240.0,480.0,517.24,44.86,45332.824,10.64,5.32,10629.122,5314.561,22.291,2,1.0,1.0,2.0,1.0,2.0,tp1pp1dp2etp1ep2,nvfp4,fp8,bfloat16,nvfp4,half,208.998,0.12,2.0,238.0,8238.0,8000.0,238.0,vllm,0.19.0,b300_sxm,0.0,5314.561,,,,,,,,,,,,,,,,,,,,,,,,,,,,,,,,,,,,,,,,,,,,vllm,False,8,10629.122,42516.488,42516.488,5314.561,22.291,MiniMax M2.7 NVFP4 / vllm / agg,False
minimax,MiniMax M2.7 NVFP4,agg,minimax/nvidia/MiniMax-M2.7-NVFP4_b300_sxm_auto_isl4000_osl1000_ttft2000_tpot30_671125/agg/pareto.csv,nvidia/MiniMax-M2.7-NVFP4,4000,1000,0,448,10.398,224.0,448.0,512.459,42.828,43297.243,10.398,5.199,10388.02,5194.01,23.349,2,1.0,1.0,2.0,1.0,2.0,tp1pp1dp2etp1ep2,nvfp4,fp8,bfloat16,nvfp4,half,199.534,0.112,2.0,222.0,8222.0,8000.0,222.0,vllm,0.19.0,b300_sxm,0.0,5194.01,,,,,,,,,,,,,,,,,,,,,,,,,,,,,,,,,,,,,,,,,,,,vllm,False,8,10388.02,41552.08,41552.08,5194.01,23.349,MiniMax M2.7 NVFP4 / vllm / agg,False
minimax,MiniMax M2.7 NVFP4,agg,minimax/nvidia/MiniMax-M2.7-NVFP4_b300_sxm_auto_isl4000_osl1000_ttft2000_tpot30_671125/agg/pareto.csv,nvidia/MiniMax-M2.7-NVFP4,4000,1000,0,416,10.166,208.0,416.0,507.679,40.662,41129.039,10.166,5.083,10155.814,5077.907,24.593,2,1.0,1.0,2.0,1.0,2.0,tp1pp1dp2etp1ep2,nvfp4,fp8,bfloat16,nvfp4,half,190.069,0.104,2.0,206.0,8206.0,8000.0,206.0,vllm,0.19.0,b300_sxm,0.0,5077.907,,,,,,,,,,,,,,,,,,,,,,,,,,,,,,,,,,,,,,,,,,,,vllm,False,8,10155.814,40623.256,40623.256,5077.907,24.593,MiniMax M2.7 NVFP4 / vllm / agg,False
minimax,MiniMax M2.7 NVFP4,agg,minimax/nvidia/MiniMax-M2.7-NVFP4_b300_sxm_auto_isl4000_osl1000_ttft2000_tpot30_671125/agg/pareto.csv,nvidia/MiniMax-M2.7-NVFP4,4000,1000,0,384,9.912,192.0,384.0,502.896,38.477,38941.882,9.912,4.956,9902.527,4951.263,25.989,2,1.0,1.0,2.0,1.0,2.0,tp1pp1dp2etp1ep2,nvfp4,fp8,bfloat16,nvfp4,half,180.605,0.096,2.0,190.0,8190.0,8000.0,190.0,vllm,0.19.0,b300_sxm,0.0,4951.263,,,,,,,,,,,,,,,,,,,,,,,,,,,,,,,,,,,,,,,,,,,,vllm,False,8,9902.527,39610.104,39610.104,4951.263,25.989,MiniMax M2.7 NVFP4 / vllm / agg,False
minimax,MiniMax M2.7 NVFP4,agg,minimax/nvidia/MiniMax-M2.7-NVFP4_b300_sxm_auto_isl4000_osl1000_ttft2000_tpot30_671125/agg/pareto.csv,nvidia/MiniMax-M2.7-NVFP4,4000,1000,0,352,9.63,176.0,352.0,498.103,36.286,36748.059,9.63,4.815,9620.759,4810.38,27.559,2,1.0,1.0,2.0,1.0,2.0,tp1pp1dp2etp1ep2,nvfp4,fp8,bfloat16,nvfp4,half,171.14,0.088,2.0,174.0,8174.0,8000.0,174.0,vllm,0.19.0,b300_sxm,0.0,4810.38,,,,,,,,,,,,,,,,,,,,,,,,,,,,,,,,,,,,,,,,,,,,vllm,False,8,9620.759,38483.04,38483.04,4810.38,27.559,MiniMax M2.7 NVFP4 / vllm / agg,False
minimax,MiniMax M2.7 NVFP4,agg,minimax/nvidia/MiniMax-M2.7-NVFP4_b300_sxm_auto_isl4000_osl1000_ttft2000_tpot30_671125/agg/pareto.csv,nvidia/MiniMax-M2.7-NVFP4,4000,1000,0,320,9.278,160.0,320.0,493.31,34.222,34680.591,9.278,4.639,9269.091,4634.545,29.221,2,1.0,1.0,2.0,1.0,2.0,tp1pp1dp2etp1ep2,nvfp4,fp8,bfloat16,nvfp4,half,161.676,0.08,2.0,158.0,8158.0,8000.0,158.0,vllm,0.19.0,b300_sxm,0.0,4634.545,,,,,,,,,,,,,,,,,,,,,,,,,,,,,,,,,,,,,,,,,,,,vllm,False,8,9269.091,37076.36,37076.36,4634.545,29.221,MiniMax M2.7 NVFP4 / vllm / agg,False
minimax,MiniMax M2.7 NVFP4,agg,minimax/nvidia/MiniMax-M2.7-NVFP4_b300_sxm_auto_isl4000_osl1000_ttft2000_tpot30_671125/agg/pareto.csv,nvidia/MiniMax-M2.7-NVFP4,4000,1000,0,288,8.772,144.0,288.0,488.517,32.564,33019.89,8.772,4.386,8762.989,4381.494,30.709,2,1.0,1.0,2.0,1.0,2.0,tp1pp1dp2etp1ep2,nvfp4,fp8,bfloat16,nvfp4,half,152.212,0.072,2.0,142.0,8142.0,8000.0,142.0,vllm,0.19.0,b300_sxm,0.0,4381.494,,,,,,,,,,,,,,,,,,,,,,,,,,,,,,,,,,,,,,,,,,,,vllm,False,8,8762.989,35051.952,35051.952,4381.494,30.709,MiniMax M2.7 NVFP4 / vllm / agg,False
minimax,MiniMax M2.7 NVFP4,agg,minimax/nvidia/MiniMax-M2.7-NVFP4_b300_sxm_auto_isl4000_osl1000_ttft2000_tpot30_671125/agg/pareto.csv,nvidia/MiniMax-M2.7-NVFP4,4000,1000,0,512,16.854,128.0,512.0,357.259,30.202,30528.873,16.854,4.213,16836.808,4209.202,33.111,4,1.0,1.0,4.0,1.0,4.0,tp1pp1dp4etp1ep4,nvfp4,fp8,bfloat16,nvfp4,half,112.314,0.128,1.0,127.0,4127.0,4000.0,127.0,vllm,0.19.0,b300_sxm,0.0,4209.202,,,,,,,,,,,,,,,,,,,,,,,,,,,,,,,,,,,,,,,,,,,,vllm,False,8,16836.808,33673.616,33673.616,4209.202,33.111,MiniMax M2.7 NVFP4 / vllm / agg,False
minimax,MiniMax M2.7 NVFP4,agg,minimax/nvidia/MiniMax-M2.7-NVFP4_b300_sxm_auto_isl4000_osl1000_ttft2000_tpot30_671125/agg/pareto.csv,nvidia/MiniMax-M2.7-NVFP4,4000,1000,0,512,16.772,128.0,512.0,636.851,30.14,30746.577,16.772,4.193,16755.219,4188.805,33.179,4,1.0,1.0,4.0,1.0,4.0,tp1pp1dp4etp1ep4,nvfp4,fp8,bfloat16,nvfp4,half,113.321,0.064,2.0,126.0,8126.0,8000.0,126.0,vllm,0.19.0,b300_sxm,0.0,4188.805,,,,,,,,,,,,,,,,,,,,,,,,,,,,,,,,,,,,,,,,,,,,vllm,False,8,16755.219,33510.44,33510.44,4188.805,33.179,MiniMax M2.7 NVFP4 / vllm / agg,False
minimax,MiniMax M2.7 NVFP4,agg,minimax/nvidia/MiniMax-M2.7-NVFP4_b300_sxm_auto_isl4000_osl1000_ttft2000_tpot30_671125/agg/pareto.csv,nvidia/MiniMax-M2.7-NVFP4,4000,1000,0,448,16.118,112.0,448.0,351.213,27.614,27938.029,16.118,4.03,16101.89,4025.473,36.213,4,1.0,1.0,4.0,1.0,4.0,tp1pp1dp4etp1ep4,nvfp4,fp8,bfloat16,nvfp4,half,102.85,0.112,1.0,111.0,4111.0,4000.0,111.0,vllm,0.19.0,b300_sxm,0.0,4025.473,,,,,,,,,,,,,,,,,,,,,,,,,,,,,,,,,,,,,,,,,,,,vllm,True,8,16101.89,32203.784,32203.784,4025.473,36.213,MiniMax M2.7 NVFP4 / vllm / agg,True
minimax,MiniMax M2.7 NVFP4,agg,minimax/nvidia/MiniMax-M2.7-NVFP4_b300_sxm_auto_isl4000_osl1000_ttft2000_tpot30_671125/agg/pareto.csv,nvidia/MiniMax-M2.7-NVFP4,4000,1000,0,448,16.043,112.0,448.0,630.799,27.534,28137.67,16.043,4.011,16026.986,4006.746,36.318,4,1.0,1.0,4.0,1.0,4.0,tp1pp1dp4etp1ep4,nvfp4,fp8,bfloat16,nvfp4,half,103.857,0.056,2.0,110.0,8110.0,8000.0,110.0,vllm,0.19.0,b300_sxm,0.0,4006.746,,,,,,,,,,,,,,,,,,,,,,,,,,,,,,,,,,,,,,,,,,,,vllm,True,8,16026.986,32053.968,32053.968,4006.746,36.318,MiniMax M2.7 NVFP4 / vllm / agg,True
minimax,MiniMax M2.7 NVFP4,agg,minimax/nvidia/MiniMax-M2.7-NVFP4_b300_sxm_auto_isl4000_osl1000_ttft2000_tpot30_671125/agg/pareto.csv,nvidia/MiniMax-M2.7-NVFP4,4000,1000,0,384,15.294,96.0,384.0,344.702,24.924,25244.274,15.294,3.823,15278.484,3819.621,40.121,4,1.0,1.0,4.0,1.0,4.0,tp1pp1dp4etp1ep4,nvfp4,fp8,bfloat16,nvfp4,half,93.385,0.096,1.0,95.0,4095.0,4000.0,95.0,vllm,0.19.0,b300_sxm,0.0,3819.621,,,,,,,,,,,,,,,,,,,,,,,,,,,,,,,,,,,,,,,,,,,,vllm,True,8,15278.484,30556.968,30556.968,3819.621,40.121,MiniMax M2.7 NVFP4 / vllm / agg,True
minimax,MiniMax M2.7 NVFP4,agg,minimax/nvidia/MiniMax-M2.7-NVFP4_b300_sxm_auto_isl4000_osl1000_ttft2000_tpot30_671125/agg/pareto.csv,nvidia/MiniMax-M2.7-NVFP4,4000,1000,0,384,15.222,96.0,384.0,624.746,24.832,25432.121,15.222,3.806,15207.004,3801.751,40.27,4,1.0,1.0,4.0,1.0,4.0,tp1pp1dp4etp1ep4,nvfp4,fp8,bfloat16,nvfp4,half,94.392,0.048,2.0,94.0,8094.0,8000.0,94.0,vllm,0.19.0,b300_sxm,0.0,3801.751,,,,,,,,,,,,,,,,,,,,,,,,,,,,,,,,,,,,,,,,,,,,vllm,True,8,15207.004,30414.008,30414.008,3801.751,40.27,MiniMax M2.7 NVFP4 / vllm / agg,True
minimax,MiniMax M2.7 NVFP4,agg,minimax/nvidia/MiniMax-M2.7-NVFP4_b300_sxm_auto_isl4000_osl1000_ttft2000_tpot30_671125/agg/pareto.csv,nvidia/MiniMax-M2.7-NVFP4,4000,1000,0,320,14.291,80.0,320.0,338.871,22.204,22520.598,14.291,3.573,14276.864,3569.216,45.037,4,1.0,1.0,4.0,1.0,4.0,tp1pp1dp4etp1ep4,nvfp4,fp8,bfloat16,nvfp4,half,83.921,0.08,1.0,79.0,4079.0,4000.0,79.0,vllm,0.19.0,b300_sxm,0.0,3569.216,,,,,,,,,,,,,,,,,,,,,,,,,,,,,,,,,,,,,,,,,,,,vllm,True,8,14276.864,28553.728,28553.728,3569.216,45.037,MiniMax M2.7 NVFP4 / vllm / agg,True
minimax,MiniMax M2.7 NVFP4,agg,minimax/nvidia/MiniMax-M2.7-NVFP4_b300_sxm_auto_isl4000_osl1000_ttft2000_tpot30_671125/agg/pareto.csv,nvidia/MiniMax-M2.7-NVFP4,4000,1000,0,320,14.235,80.0,320.0,595.493,22.082,22655.51,14.235,3.559,14220.721,3555.18,45.286,4,1.0,1.0,4.0,1.0,4.0,tp1pp1dp4etp1ep4,nvfp4,fp8,bfloat16,nvfp4,half,84.928,0.04,2.0,78.0,8078.0,8000.0,78.0,vllm,0.19.0,b300_sxm,0.0,3555.18,,,,,,,,,,,,,,,,,,,,,,,,,,,,,,,,,,,,,,,,,,,,vllm,True,8,14220.721,28441.44,28441.44,3555.18,45.286,MiniMax M2.7 NVFP4 / vllm / agg,True
minimax,MiniMax M2.7 NVFP4,agg,minimax/nvidia/MiniMax-M2.7-NVFP4_b300_sxm_auto_isl4000_osl1000_ttft2000_tpot30_671125/agg/pareto.csv,nvidia/MiniMax-M2.7-NVFP4,4000,1000,0,256,12.883,64.0,256.0,333.032,19.681,19994.333,12.883,3.221,12869.751,3217.438,50.81,4,1.0,1.0,4.0,1.0,4.0,tp1pp1dp4etp1ep4,nvfp4,fp8,bfloat16,nvfp4,half,74.457,0.064,1.0,63.0,4063.0,4000.0,63.0,vllm,0.19.0,b300_sxm,0.0,3217.438,,,,,,,,,,,,,,,,,,,,,,,,,,,,,,,,,,,,,,,,,,,,vllm,True,8,12869.751,25739.504,25739.504,3217.438,50.81,MiniMax M2.7 NVFP4 / vllm / agg,True
minimax,MiniMax M2.7 NVFP4,agg,minimax/nvidia/MiniMax-M2.7-NVFP4_b300_sxm_auto_isl4000_osl1000_ttft2000_tpot30_671125/agg/pareto.csv,nvidia/MiniMax-M2.7-NVFP4,4000,1000,0,256,12.838,64.0,256.0,528.391,19.541,20049.426,12.838,3.209,12824.761,3206.19,51.176,4,1.0,1.0,4.0,1.0,4.0,tp1pp1dp4etp1ep4,nvfp4,fp8,bfloat16,nvfp4,half,75.463,0.032,2.0,62.0,8062.0,8000.0,62.0,vllm,0.19.0,b300_sxm,0.0,3206.19,,,,,,,,,,,,,,,,,,,,,,,,,,,,,,,,,,,,,,,,,,,,vllm,True,8,12824.761,25649.52,25649.52,3206.19,51.176,MiniMax M2.7 NVFP4 / vllm / agg,True
minimax,MiniMax M2.7 NVFP4,agg,minimax/nvidia/MiniMax-M2.7-NVFP4_b300_sxm_auto_isl4000_osl1000_ttft2000_tpot30_671125/agg/pareto.csv,nvidia/MiniMax-M2.7-NVFP4,4000,1000,0,224,12.049,56.0,224.0,330.058,18.399,18710.73,12.049,3.012,12036.522,3009.13,54.351,4,1.0,1.0,4.0,1.0,4.0,tp1pp1dp4etp1ep4,nvfp4,fp8,bfloat16,nvfp4,half,69.724,0.056,1.0,55.0,4055.0,4000.0,55.0,vllm,0.19.0,b300_sxm,0.0,3009.13,,,,,,,,,,,,,,,,,,,,,,,,,,,,,,,,,,,,,,,,,,,,vllm,True,8,12036.522,24073.04,24073.04,3009.13,54.351,MiniMax M2.7 NVFP4 / vllm / agg,True
minimax,MiniMax M2.7 NVFP4,agg,minimax/nvidia/MiniMax-M2.7-NVFP4_b300_sxm_auto_isl4000_osl1000_ttft2000_tpot30_671125/agg/pareto.csv,nvidia/MiniMax-M2.7-NVFP4,4000,1000,0,224,12.01,56.0,224.0,495.254,18.249,18726.38,12.01,3.002,11997.565,2999.391,54.796,4,1.0,1.0,4.0,1.0,4.0,tp1pp1dp4etp1ep4,nvfp4,fp8,bfloat16,nvfp4,half,70.731,0.028,2.0,54.0,8054.0,8000.0,54.0,vllm,0.19.0,b300_sxm,0.0,2999.391,,,,,,,,,,,,,,,,,,,,,,,,,,,,,,,,,,,,,,,,,,,,vllm,True,8,11997.565,23995.128,23995.128,2999.391,54.796,MiniMax M2.7 NVFP4 / vllm / agg,True
minimax,MiniMax M2.7 NVFP4,agg,minimax/nvidia/MiniMax-M2.7-NVFP4_b300_sxm_auto_isl4000_osl1000_ttft2000_tpot30_671125/agg/pareto.csv,nvidia/MiniMax-M2.7-NVFP4,4000,1000,0,192,11.118,48.0,192.0,327.085,17.076,17385.905,11.118,2.779,11106.439,2776.61,58.562,4,1.0,1.0,4.0,1.0,4.0,tp1pp1dp4etp1ep4,nvfp4,fp8,bfloat16,nvfp4,half,64.992,0.048,1.0,47.0,4047.0,4000.0,47.0,vllm,0.19.0,b300_sxm,0.0,2776.61,,,,,,,,,,,,,,,,,,,,,,,,,,,,,,,,,,,,,,,,,,,,vllm,True,8,11106.439,22212.88,22212.88,2776.61,58.562,MiniMax M2.7 NVFP4 / vllm / agg,True
minimax,MiniMax M2.7 NVFP4,agg,minimax/nvidia/MiniMax-M2.7-NVFP4_b300_sxm_auto_isl4000_osl1000_ttft2000_tpot30_671125/agg/pareto.csv,nvidia/MiniMax-M2.7-NVFP4,4000,1000,0,192,11.085,48.0,192.0,462.425,16.916,17361.56,11.085,2.771,11074.271,2768.568,59.115,4,1.0,1.0,4.0,1.0,4.0,tp1pp1dp4etp1ep4,nvfp4,fp8,bfloat16,nvfp4,half,65.999,0.024,2.0,46.0,8046.0,8000.0,46.0,vllm,0.19.0,b300_sxm,0.0,2768.568,,,,,,,,,,,,,,,,,,,,,,,,,,,,,,,,,,,,,,,,,,,,vllm,True,8,11074.271,22148.544,22148.544,2768.568,59.115,MiniMax M2.7 NVFP4 / vllm / agg,True
minimax,MiniMax M2.7 NVFP4,agg,minimax/nvidia/MiniMax-M2.7-NVFP4_b300_sxm_auto_isl4000_osl1000_ttft2000_tpot30_671125/agg/pareto.csv,nvidia/MiniMax-M2.7-NVFP4,4000,1000,0,160,10.111,40.0,160.0,311.957,15.629,15925.028,10.111,2.528,10100.54,2525.135,63.985,4,1.0,1.0,4.0,1.0,4.0,tp1pp1dp4etp1ep4,nvfp4,fp8,bfloat16,nvfp4,half,60.26,0.04,1.0,39.0,4039.0,4000.0,39.0,vllm,0.19.0,b300_sxm,0.0,2525.135,,,,,,,,,,,,,,,,,,,,,,,,,,,,,,,,,,,,,,,,,,,,vllm,True,8,10100.54,20201.08,20201.08,2525.135,63.985,MiniMax M2.7 NVFP4 / vllm / agg,True
minimax,MiniMax M2.7 NVFP4,agg,minimax/nvidia/MiniMax-M2.7-NVFP4_b300_sxm_auto_isl4000_osl1000_ttft2000_tpot30_671125/agg/pareto.csv,nvidia/MiniMax-M2.7-NVFP4,4000,1000,0,160,10.086,40.0,160.0,429.905,15.457,15871.108,10.086,2.522,10076.391,2519.098,64.697,4,1.0,1.0,4.0,1.0,4.0,tp1pp1dp4etp1ep4,nvfp4,fp8,bfloat16,nvfp4,half,61.267,0.02,2.0,38.0,8038.0,8000.0,38.0,vllm,0.19.0,b300_sxm,0.0,2519.098,,,,,,,,,,,,,,,,,,,,,,,,,,,,,,,,,,,,,,,,,,,,vllm,True,8,10076.391,20152.784,20152.784,2519.098,64.697,MiniMax M2.7 NVFP4 / vllm / agg,True
minimax,MiniMax M2.7 NVFP4,agg,minimax/nvidia/MiniMax-M2.7-NVFP4_b300_sxm_auto_isl4000_osl1000_ttft2000_tpot30_671125/agg/pareto.csv,nvidia/MiniMax-M2.7-NVFP4,4000,1000,0,128,8.84,32.0,128.0,276.982,14.282,14544.871,8.84,2.21,8830.83,2207.708,70.017,4,1.0,1.0,4.0,1.0,4.0,tp1pp1dp4etp1ep4,nvfp4,fp8,bfloat16,nvfp4,half,55.528,0.032,1.0,31.0,4031.0,4000.0,31.0,vllm,0.19.0,b300_sxm,0.0,2207.708,,,,,,,,,,,,,,,,,,,,,,,,,,,,,,,,,,,,,,,,,,,,vllm,True,8,8830.83,17661.664,17661.664,2207.708,70.017,MiniMax M2.7 NVFP4 / vllm / agg,True
minimax,MiniMax M2.7 NVFP4,agg,minimax/nvidia/MiniMax-M2.7-NVFP4_b300_sxm_auto_isl4000_osl1000_ttft2000_tpot30_671125/agg/pareto.csv,nvidia/MiniMax-M2.7-NVFP4,4000,1000,0,128,8.822,32.0,128.0,397.694,14.101,14484.795,8.822,2.206,8813.216,2203.304,70.916,4,1.0,1.0,4.0,1.0,4.0,tp1pp1dp4etp1ep4,nvfp4,fp8,bfloat16,nvfp4,half,56.534,0.016,2.0,30.0,8030.0,8000.0,30.0,vllm,0.19.0,b300_sxm,0.0,2203.304,,,,,,,,,,,,,,,,,,,,,,,,,,,,,,,,,,,,,,,,,,,,vllm,True,8,8813.216,17626.432,17626.432,2203.304,70.916,MiniMax M2.7 NVFP4 / vllm / agg,True
minimax,MiniMax M2.7 NVFP4,agg,minimax/nvidia/MiniMax-M2.7-NVFP4_b300_sxm_auto_isl4000_osl1000_ttft2000_tpot30_671125/agg/pareto.csv,nvidia/MiniMax-M2.7-NVFP4,4000,1000,0,256,17.442,32.0,256.0,559.198,14.086,14631.263,17.442,2.18,17424.877,2178.11,70.992,8,1.0,1.0,8.0,1.0,8.0,tp1pp1dp8etp1ep8,nvfp4,fp8,bfloat16,nvfp4,half,41.822,0.016,2.0,30.0,8030.0,8000.0,30.0,vllm,0.19.0,b300_sxm,0.0,2178.11,,,,,,,,,,,,,,,,,,,,,,,,,,,,,,,,,,,,,,,,,,,,vllm,True,8,17424.877,17424.88,17424.88,2178.11,70.992,MiniMax M2.7 NVFP4 / vllm / agg,True
minimax,MiniMax M2.7 NVFP4,agg,minimax/nvidia/MiniMax-M2.7-NVFP4_b300_sxm_auto_isl4000_osl1000_ttft2000_tpot30_671125/agg/pareto.csv,nvidia/MiniMax-M2.7-NVFP4,4000,1000,0,224,16.24,28.0,224.0,359.367,13.502,13847.427,16.24,2.03,16224.141,2028.018,74.066,8,1.0,1.0,8.0,1.0,8.0,tp1pp1dp8etp1ep8,nvfp4,fp8,bfloat16,nvfp4,half,38.449,0.028,1.0,27.0,4027.0,4000.0,27.0,vllm,0.19.0,b300_sxm,0.0,2028.018,,,,,,,,,,,,,,,,,,,,,,,,,,,,,,,,,,,,,,,,,,,,vllm,True,8,16224.141,16224.144,16224.144,2028.018,74.066,MiniMax M2.7 NVFP4 / vllm / agg,True
minimax,MiniMax M2.7 NVFP4,agg,minimax/nvidia/MiniMax-M2.7-NVFP4_b300_sxm_auto_isl4000_osl1000_ttft2000_tpot30_671125/agg/pareto.csv,nvidia/MiniMax-M2.7-NVFP4,4000,1000,0,224,16.233,28.0,224.0,537.038,13.207,13730.846,16.233,2.029,16216.588,2027.074,75.717,8,1.0,1.0,8.0,1.0,8.0,tp1pp1dp8etp1ep8,nvfp4,fp8,bfloat16,nvfp4,half,39.455,0.014,2.0,26.0,8026.0,8000.0,26.0,vllm,0.19.0,b300_sxm,0.0,2027.074,,,,,,,,,,,,,,,,,,,,,,,,,,,,,,,,,,,,,,,,,,,,vllm,True,8,16216.588,16216.592,16216.592,2027.074,75.717,MiniMax M2.7 NVFP4 / vllm / agg,True
minimax,MiniMax M2.7 NVFP4,agg,minimax/nvidia/MiniMax-M2.7-NVFP4_b300_sxm_auto_isl4000_osl1000_ttft2000_tpot30_671125/agg/pareto.csv,nvidia/MiniMax-M2.7-NVFP4,4000,1000,0,192,14.865,24.0,192.0,336.01,12.624,12947.41,14.865,1.858,14849.666,1856.208,79.214,8,1.0,1.0,8.0,1.0,8.0,tp1pp1dp8etp1ep8,nvfp4,fp8,bfloat16,nvfp4,half,36.082,0.024,1.0,23.0,4023.0,4000.0,23.0,vllm,0.19.0,b300_sxm,0.0,1856.208,,,,,,,,,,,,,,,,,,,,,,,,,,,,,,,,,,,,,,,,,,,,vllm,True,8,14849.666,14849.664,14849.664,1856.208,79.214,MiniMax M2.7 NVFP4 / vllm / agg,True
minimax,MiniMax M2.7 NVFP4,agg,minimax/nvidia/MiniMax-M2.7-NVFP4_b300_sxm_auto_isl4000_osl1000_ttft2000_tpot30_671125/agg/pareto.csv,nvidia/MiniMax-M2.7-NVFP4,4000,1000,0,192,14.859,24.0,192.0,514.961,12.328,12830.254,14.859,1.857,14844.44,1855.555,81.119,8,1.0,1.0,8.0,1.0,8.0,tp1pp1dp8etp1ep8,nvfp4,fp8,bfloat16,nvfp4,half,37.089,0.012,2.0,22.0,8022.0,8000.0,22.0,vllm,0.19.0,b300_sxm,0.0,1855.555,,,,,,,,,,,,,,,,,,,,,,,,,,,,,,,,,,,,,,,,,,,,vllm,True,8,14844.44,14844.44,14844.44,1855.555,81.119,MiniMax M2.7 NVFP4 / vllm / agg,True
minimax,MiniMax M2.7 NVFP4,agg,minimax/nvidia/MiniMax-M2.7-NVFP4_b300_sxm_auto_isl4000_osl1000_ttft2000_tpot30_671125/agg/pareto.csv,nvidia/MiniMax-M2.7-NVFP4,4000,1000,0,160,13.109,20.0,160.0,312.815,11.912,12213.039,13.109,1.639,13095.543,1636.943,83.948,8,1.0,1.0,8.0,1.0,8.0,tp1pp1dp8etp1ep8,nvfp4,fp8,bfloat16,nvfp4,half,33.716,0.02,1.0,19.0,4019.0,4000.0,19.0,vllm,0.19.0,b300_sxm,0.0,1636.943,,,,,,,,,,,,,,,,,,,,,,,,,,,,,,,,,,,,,,,,,,,,vllm,True,8,13095.543,13095.544,13095.544,1636.943,83.948,MiniMax M2.7 NVFP4 / vllm / agg,True
minimax,MiniMax M2.7 NVFP4,agg,minimax/nvidia/MiniMax-M2.7-NVFP4_b300_sxm_auto_isl4000_osl1000_ttft2000_tpot30_671125/agg/pareto.csv,nvidia/MiniMax-M2.7-NVFP4,4000,1000,0,160,13.104,20.0,160.0,492.967,11.616,12097.241,13.104,1.638,13090.521,1636.315,86.089,8,1.0,1.0,8.0,1.0,8.0,tp1pp1dp8etp1ep8,nvfp4,fp8,bfloat16,nvfp4,half,34.723,0.01,2.0,18.0,8018.0,8000.0,18.0,vllm,0.19.0,b300_sxm,0.0,1636.315,,,,,,,,,,,,,,,,,,,,,,,,,,,,,,,,,,,,,,,,,,,,vllm,True,8,13090.521,13090.52,13090.52,1636.315,86.089,MiniMax M2.7 NVFP4 / vllm / agg,True
minimax,MiniMax M2.7 NVFP4,agg,minimax/nvidia/MiniMax-M2.7-NVFP4_b300_sxm_auto_isl4000_osl1000_ttft2000_tpot30_671125/agg/pareto.csv,nvidia/MiniMax-M2.7-NVFP4,4000,1000,0,32,2.87,32.0,32.0,195.826,10.961,11145.417,2.87,1.435,2867.25,1433.625,91.236,2,2.0,1.0,1.0,1.0,2.0,tp2pp1dp1etp1ep2,nvfp4,fp8,bfloat16,nvfp4,half,74.719,0.016,2.0,30.0,8030.0,8000.0,30.0,vllm,0.19.0,b300_sxm,0.0,1433.625,,,,,,,,,,,,,,,,,,,,,,,,,,,,,,,,,,,,,,,,,,,,vllm,True,8,2867.25,11469.0,11469.0,1433.625,91.236,MiniMax M2.7 NVFP4 / vllm / agg,True
minimax,MiniMax M2.7 NVFP4,agg,minimax/nvidia/MiniMax-M2.7-NVFP4_b300_sxm_auto_isl4000_osl1000_ttft2000_tpot30_671125/agg/pareto.csv,nvidia/MiniMax-M2.7-NVFP4,4000,1000,0,128,11.288,16.0,128.0,470.926,10.744,11204.091,11.288,1.411,11276.61,1409.576,93.076,8,1.0,1.0,8.0,1.0,8.0,tp1pp1dp8etp1ep8,nvfp4,fp8,bfloat16,nvfp4,half,32.357,0.008,2.0,14.0,8014.0,8000.0,14.0,vllm,0.19.0,b300_sxm,0.0,1409.576,,,,,,,,,,,,,,,,,,,,,,,,,,,,,,,,,,,,,,,,,,,,vllm,True,8,11276.61,11276.608,11276.608,1409.576,93.076,MiniMax M2.7 NVFP4 / vllm / agg,True
minimax,MiniMax M2.7 NVFP4,agg,minimax/nvidia/MiniMax-M2.7-NVFP4_b300_sxm_auto_isl4000_osl1000_ttft2000_tpot30_671125/agg/pareto.csv,nvidia/MiniMax-M2.7-NVFP4,4000,1000,0,120,10.747,15.0,120.0,470.628,10.57,11030.007,10.747,1.343,10736.41,1342.051,94.608,8,1.0,1.0,8.0,1.0,8.0,tp1pp1dp8etp1ep8,nvfp4,fp8,bfloat16,nvfp4,half,31.766,0.008,2.0,13.0,8013.0,8000.0,13.0,vllm,0.19.0,b300_sxm,0.0,1342.051,,,,,,,,,,,,,,,,,,,,,,,,,,,,,,,,,,,,,,,,,,,,vllm,True,8,10736.41,10736.408,10736.408,1342.051,94.608,MiniMax M2.7 NVFP4 / vllm / agg,True
minimax,MiniMax M2.7 NVFP4,agg,minimax/nvidia/MiniMax-M2.7-NVFP4_b300_sxm_auto_isl4000_osl1000_ttft2000_tpot30_671125/agg/pareto.csv,nvidia/MiniMax-M2.7-NVFP4,4000,1000,0,28,2.66,28.0,28.0,187.8,10.336,10513.829,2.66,1.33,2657.345,1328.672,96.746,2,2.0,1.0,1.0,1.0,2.0,tp2pp1dp1etp1ep2,nvfp4,fp8,bfloat16,nvfp4,half,73.536,0.014,2.0,26.0,8026.0,8000.0,26.0,vllm,0.19.0,b300_sxm,0.0,1328.672,,,,,,,,,,,,,,,,,,,,,,,,,,,,,,,,,,,,,,,,,,,,vllm,True,8,2657.345,10629.376,10629.376,1328.672,96.746,MiniMax M2.7 NVFP4 / vllm / agg,True
minimax,MiniMax M2.7 NVFP4,agg,minimax/nvidia/MiniMax-M2.7-NVFP4_b300_sxm_auto_isl4000_osl1000_ttft2000_tpot30_671125/agg/pareto.csv,nvidia/MiniMax-M2.7-NVFP4,4000,1000,0,112,10.353,14.0,112.0,459.878,10.222,10671.696,10.353,1.294,10342.302,1292.788,97.828,8,1.0,1.0,8.0,1.0,8.0,tp1pp1dp8etp1ep8,nvfp4,fp8,bfloat16,nvfp4,half,31.174,0.007,2.0,12.0,8012.0,8000.0,12.0,vllm,0.19.0,b300_sxm,0.0,1292.788,,,,,,,,,,,,,,,,,,,,,,,,,,,,,,,,,,,,,,,,,,,,vllm,True,8,10342.302,10342.304,10342.304,1292.788,97.828,MiniMax M2.7 NVFP4 / vllm / agg,True
minimax,MiniMax M2.7 NVFP4,agg,minimax/nvidia/MiniMax-M2.7-NVFP4_b300_sxm_auto_isl4000_osl1000_ttft2000_tpot30_671125/agg/pareto.csv,nvidia/MiniMax-M2.7-NVFP4,4000,1000,0,26,2.484,13.0,26.0,242.766,10.167,10399.839,2.484,1.242,2481.328,1240.664,98.355,2,1.0,1.0,2.0,1.0,2.0,tp1pp1dp2etp1ep2,nvfp4,fp8,bfloat16,nvfp4,half,74.721,0.006,2.0,11.0,8011.0,8000.0,11.0,vllm,0.19.0,b300_sxm,0.0,1240.664,,,,,,,,,,,,,,,,,,,,,,,,,,,,,,,,,,,,,,,,,,,,vllm,True,8,2481.328,9925.312,9925.312,1240.664,98.355,MiniMax M2.7 NVFP4 / vllm / agg,True
minimax,MiniMax M2.7 NVFP4,agg,minimax/nvidia/MiniMax-M2.7-NVFP4_b300_sxm_auto_isl4000_osl1000_ttft2000_tpot30_671125/agg/pareto.csv,nvidia/MiniMax-M2.7-NVFP4,4000,1000,0,104,9.783,13.0,104.0,459.587,10.034,10483.54,9.783,1.223,9773.301,1221.663,99.661,8,1.0,1.0,8.0,1.0,8.0,tp1pp1dp8etp1ep8,nvfp4,fp8,bfloat16,nvfp4,half,30.582,0.006,2.0,11.0,8011.0,8000.0,11.0,vllm,0.19.0,b300_sxm,0.0,1221.663,,,,,,,,,,,,,,,,,,,,,,,,,,,,,,,,,,,,,,,,,,,,vllm,True,8,9773.301,9773.304,9773.304,1221.663,99.661,MiniMax M2.7 NVFP4 / vllm / agg,True
minimax,MiniMax M2.7 NVFP4,agg,minimax/nvidia/MiniMax-M2.7-NVFP4_b300_sxm_auto_isl4000_osl1000_ttft2000_tpot30_671125/agg/pareto.csv,nvidia/MiniMax-M2.7-NVFP4,4000,1000,0,24,2.424,24.0,24.0,179.825,9.711,9881.291,2.424,1.212,2421.271,1210.635,102.974,2,2.0,1.0,1.0,1.0,2.0,tp2pp1dp1etp1ep2,nvfp4,fp8,bfloat16,nvfp4,half,72.353,0.012,2.0,22.0,8022.0,8000.0,22.0,vllm,0.19.0,b300_sxm,0.0,1210.635,,,,,,,,,,,,,,,,,,,,,,,,,,,,,,,,,,,,,,,,,,,,vllm,True,8,2421.271,9685.08,9685.08,1210.635,102.974,MiniMax M2.7 NVFP4 / vllm / agg,True
minimax,MiniMax M2.7 NVFP4,agg,minimax/nvidia/MiniMax-M2.7-NVFP4_b300_sxm_auto_isl4000_osl1000_ttft2000_tpot30_671125/agg/pareto.csv,nvidia/MiniMax-M2.7-NVFP4,4000,1000,0,22,2.232,11.0,22.0,236.733,9.554,9781.239,2.232,1.116,2229.973,1114.987,104.668,2,1.0,1.0,2.0,1.0,2.0,tp1pp1dp2etp1ep2,nvfp4,fp8,bfloat16,nvfp4,half,73.538,0.006,2.0,9.0,8009.0,8000.0,9.0,vllm,0.19.0,b300_sxm,0.0,1114.987,,,,,,,,,,,,,,,,,,,,,,,,,,,,,,,,,,,,,,,,,,,,vllm,True,8,2229.973,8919.896,8919.896,1114.987,104.668,MiniMax M2.7 NVFP4 / vllm / agg,True
minimax,MiniMax M2.7 NVFP4,agg,minimax/nvidia/MiniMax-M2.7-NVFP4_b300_sxm_auto_isl4000_osl1000_ttft2000_tpot30_671125/agg/pareto.csv,nvidia/MiniMax-M2.7-NVFP4,4000,1000,0,40,4.411,40.0,40.0,166.778,8.919,9076.802,4.411,1.103,4406.83,1101.708,112.121,4,4.0,1.0,1.0,1.0,4.0,tp4pp1dp1etp1ep4,nvfp4,fp8,bfloat16,nvfp4,half,40.876,0.02,2.0,38.0,8038.0,8000.0,38.0,vllm,0.19.0,b300_sxm,0.0,1101.708,,,,,,,,,,,,,,,,,,,,,,,,,,,,,,,,,,,,,,,,,,,,vllm,True,8,4406.83,8813.664,8813.664,1101.708,112.121,MiniMax M2.7 NVFP4 / vllm / agg,True
minimax,MiniMax M2.7 NVFP4,agg,minimax/nvidia/MiniMax-M2.7-NVFP4_b300_sxm_auto_isl4000_osl1000_ttft2000_tpot30_671125/agg/pareto.csv,nvidia/MiniMax-M2.7-NVFP4,4000,1000,0,9,0.984,9.0,9.0,199.058,8.885,9074.75,0.984,0.984,983.452,983.452,112.555,1,1.0,1.0,1.0,1.0,1.0,tp1pp1dp1etp1ep1,nvfp4,fp8,bfloat16,nvfp4,half,131.207,0.004,2.0,7.0,8007.0,8000.0,7.0,vllm,0.19.0,b300_sxm,0.0,983.452,,,,,,,,,,,,,,,,,,,,,,,,,,,,,,,,,,,,,,,,,,,,vllm,True,8,983.452,7867.616,7867.616,983.452,112.555,MiniMax M2.7 NVFP4 / vllm / agg,True
minimax,MiniMax M2.7 NVFP4,agg,minimax/nvidia/MiniMax-M2.7-NVFP4_b300_sxm_auto_isl4000_osl1000_ttft2000_tpot30_671125/agg/pareto.csv,nvidia/MiniMax-M2.7-NVFP4,4000,1000,0,32,3.937,32.0,32.0,154.467,7.978,8124.311,3.937,0.984,3932.705,983.176,125.348,4,4.0,1.0,1.0,1.0,4.0,tp4pp1dp1etp1ep4,nvfp4,fp8,bfloat16,nvfp4,half,39.692,0.016,2.0,30.0,8030.0,8000.0,30.0,vllm,0.19.0,b300_sxm,0.0,983.176,,,,,,,,,,,,,,,,,,,,,,,,,,,,,,,,,,,,,,,,,,,,vllm,True,8,3932.705,7865.408,7865.408,983.176,125.348,MiniMax M2.7 NVFP4 / vllm / agg,True
minimax,MiniMax M2.7 NVFP4,agg,minimax/nvidia/MiniMax-M2.7-NVFP4_b300_sxm_auto_isl4000_osl1000_ttft2000_tpot30_671125/agg/pareto.csv,nvidia/MiniMax-M2.7-NVFP4,4000,1000,0,28,3.578,28.0,28.0,148.462,7.674,7814.675,3.578,0.895,3574.456,893.614,130.312,4,4.0,1.0,1.0,1.0,4.0,tp4pp1dp1etp1ep4,nvfp4,fp8,bfloat16,nvfp4,half,39.101,0.014,2.0,26.0,8026.0,8000.0,26.0,vllm,0.19.0,b300_sxm,0.0,893.614,,,,,,,,,,,,,,,,,,,,,,,,,,,,,,,,,,,,,,,,,,,,vllm,True,8,3574.456,7148.912,7148.912,893.614,130.312,MiniMax M2.7 NVFP4 / vllm / agg,True
minimax,MiniMax M2.7 NVFP4,agg,minimax/nvidia/MiniMax-M2.7-NVFP4_b300_sxm_auto_isl4000_osl1000_ttft2000_tpot30_671125/agg/pareto.csv,nvidia/MiniMax-M2.7-NVFP4,4000,1000,0,6,0.798,6.0,6.0,189.179,7.343,7524.497,0.798,0.798,797.376,797.376,136.19,1,1.0,1.0,1.0,1.0,1.0,tp1pp1dp1etp1ep1,nvfp4,fp8,bfloat16,nvfp4,half,129.432,0.003,2.0,4.0,8004.0,8000.0,4.0,vllm,0.19.0,b300_sxm,0.0,797.376,,,,,,,,,,,,,,,,,,,,,,,,,,,,,,,,,,,,,,,,,,,,vllm,True,8,797.376,6379.008,6379.008,797.376,136.19,MiniMax M2.7 NVFP4 / vllm / agg,True
minimax,MiniMax M2.7 NVFP4,agg,minimax/nvidia/MiniMax-M2.7-NVFP4_b300_sxm_auto_isl4000_osl1000_ttft2000_tpot30_671125/agg/pareto.csv,nvidia/MiniMax-M2.7-NVFP4,4000,1000,0,5,0.712,5.0,5.0,189.112,6.848,7030.639,0.712,0.712,711.154,711.154,146.02,1,1.0,1.0,1.0,1.0,1.0,tp1pp1dp1etp1ep1,nvfp4,fp8,bfloat16,nvfp4,half,128.84,0.002,2.0,3.0,8003.0,8000.0,3.0,vllm,0.19.0,b300_sxm,0.0,711.154,,,,,,,,,,,,,,,,,,,,,,,,,,,,,,,,,,,,,,,,,,,,vllm,True,8,711.154,5689.232,5689.232,711.154,146.02,MiniMax M2.7 NVFP4 / vllm / agg,True
minimax,MiniMax M2.7 NVFP4,agg,minimax/nvidia/MiniMax-M2.7-NVFP4_b300_sxm_auto_isl4000_osl1000_ttft2000_tpot30_671125/agg/pareto.csv,nvidia/MiniMax-M2.7-NVFP4,4000,1000,0,4,0.626,4.0,4.0,184.32,6.306,6484.463,0.626,0.626,624.896,624.896,158.568,1,1.0,1.0,1.0,1.0,1.0,tp1pp1dp1etp1ep1,nvfp4,fp8,bfloat16,nvfp4,half,128.249,0.002,2.0,2.0,8002.0,8000.0,2.0,vllm,0.19.0,b300_sxm,0.0,624.896,,,,,,,,,,,,,,,,,,,,,,,,,,,,,,,,,,,,,,,,,,,,vllm,True,8,624.896,4999.168,4999.168,624.896,158.568,MiniMax M2.7 NVFP4 / vllm / agg,True
minimax,MiniMax M2.7 NVFP4,agg,minimax/nvidia/MiniMax-M2.7-NVFP4_b300_sxm_auto_isl4000_osl1000_ttft2000_tpot30_671125/agg/pareto.csv,nvidia/MiniMax-M2.7-NVFP4,4000,1000,0,4,0.622,4.0,4.0,122.107,6.272,6387.399,0.622,0.622,621.323,621.323,159.45,1,1.0,1.0,1.0,1.0,1.0,tp1pp1dp1etp1ep1,nvfp4,fp8,bfloat16,nvfp4,half,127.242,0.004,1.0,3.0,4003.0,4000.0,3.0,vllm,0.19.0,b300_sxm,0.0,621.323,,,,,,,,,,,,,,,,,,,,,,,,,,,,,,,,,,,,,,,,,,,,vllm,True,8,621.323,4970.584,4970.584,621.323,159.45,MiniMax M2.7 NVFP4 / vllm / agg,True
minimax,MiniMax M2.7 NVFP4,agg,minimax/nvidia/MiniMax-M2.7-NVFP4_b300_sxm_auto_isl4000_osl1000_ttft2000_tpot30_671125/agg/pareto.csv,nvidia/MiniMax-M2.7-NVFP4,4000,1000,0,3,0.517,3.0,3.0,119.066,5.699,5812.742,0.517,0.517,516.097,516.097,175.458,1,1.0,1.0,1.0,1.0,1.0,tp1pp1dp1etp1ep1,nvfp4,fp8,bfloat16,nvfp4,half,126.651,0.003,1.0,2.0,4002.0,4000.0,2.0,vllm,0.19.0,b300_sxm,0.0,516.097,,,,,,,,,,,,,,,,,,,,,,,,,,,,,,,,,,,,,,,,,,,,vllm,True,8,516.097,4128.776,4128.776,516.097,175.458,MiniMax M2.7 NVFP4 / vllm / agg,True
minimax,MiniMax M2.7 NVFP4,agg,minimax/nvidia/MiniMax-M2.7-NVFP4_b300_sxm_auto_isl4000_osl1000_ttft2000_tpot30_671125/agg/pareto.csv,nvidia/MiniMax-M2.7-NVFP4,4000,1000,0,2,0.384,2.0,2.0,115.987,5.156,5266.848,0.384,0.384,383.468,383.468,193.948,1,1.0,1.0,1.0,1.0,1.0,tp1pp1dp1etp1ep1,nvfp4,fp8,bfloat16,nvfp4,half,126.059,0.002,1.0,1.0,4001.0,4000.0,1.0,vllm,0.19.0,b300_sxm,0.0,383.468,,,,,,,,,,,,,,,,,,,,,,,,,,,,,,,,,,,,,,,,,,,,vllm,True,8,383.468,3067.744,3067.744,383.468,193.948,MiniMax M2.7 NVFP4 / vllm / agg,True
minimax,MiniMax M2.7 NVFP4,agg,minimax/nvidia/MiniMax-M2.7-NVFP4_b300_sxm_auto_isl4000_osl1000_ttft2000_tpot30_671125/agg/pareto.csv,nvidia/MiniMax-M2.7-NVFP4,4000,1000,0,5,0.968,5.0,5.0,121.318,5.055,5171.007,0.968,0.242,966.908,241.727,197.834,4,4.0,1.0,1.0,4.0,1.0,tp4pp1dp1etp4ep1,nvfp4,fp8,bfloat16,nvfp4,half,35.698,0.002,2.0,3.0,8003.0,8000.0,3.0,vllm,0.19.0,b300_sxm,0.0,241.727,,,,,,,,,,,,,,,,,,,,,,,,,,,,,,,,,,,,,,,,,,,,vllm,True,8,966.908,1933.816,1933.816,241.727,197.834,MiniMax M2.7 NVFP4 / vllm / agg,True
minimax,MiniMax M2.7 NVFP4,agg,minimax/nvidia/MiniMax-M2.7-NVFP4_b300_sxm_auto_isl4000_osl1000_ttft2000_tpot30_671125/agg/pareto.csv,nvidia/MiniMax-M2.7-NVFP4,4000,1000,0,1,0.239,1.0,1.0,111.908,4.128,4235.548,0.239,0.239,238.85,238.85,242.262,1,1.0,1.0,1.0,1.0,1.0,tp1pp1dp1etp1ep1,nvfp4,fp8,bfloat16,nvfp4,half,125.467,0.001,1.0,1.0,4000.0,4000.0,1.0,vllm,0.19.0,b300_sxm,0.0,238.85,,,,,,,,,,,,,,,,,,,,,,,,,,,,,,,,,,,,,,,,,,,,vllm,True,8,238.85,1910.8,1910.8,238.85,242.262,MiniMax M2.7 NVFP4 / vllm / agg,True
minimax,MiniMax M2.7 NVFP4,disagg,minimax/nvidia/MiniMax-M2.7-NVFP4_b300_sxm_auto_isl4000_osl1000_ttft2000_tpot30_671125/disagg/pareto.csv,nvidia/MiniMax-M2.7-NVFP4,4000,1000,0,1008,27.783,,,116.62,29.481,29568.139,27.783,3.473,27783.0,3472.875,33.92,8,,,,,,,,,,,,,,,,,,,vllm,,,0.0,3472.875,1.0,1.0,2.0,168.0,336.0,3.0,15.435,11.408,1.0,1.0,1.0,1.0,1.0,tp1pp1dp1etp1ep1,nvfp4,fp8,bfloat16,nvfp4,half,125.349,vllm,0.19.0,b300_sxm,1.0,1.0,2.0,1.0,2.0,tp1pp1dp2etp1ep2,nvfp4,fp8,bfloat16,nvfp4,half,164.421,vllm,0.19.0,b300_sxm,0.0,0.0,0.0,,0.0,vllm,True,8,27783.0,27783.0,27783.0,3472.875,33.92,MiniMax M2.7 NVFP4 / vllm / disagg,False
minimax,MiniMax M2.7 NVFP4,disagg,minimax/nvidia/MiniMax-M2.7-NVFP4_b300_sxm_auto_isl4000_osl1000_ttft2000_tpot30_671125/disagg/pareto.csv,nvidia/MiniMax-M2.7-NVFP4,4000,1000,0,864,27.205,,,116.62,29.249,29336.371,27.205,3.401,27205.32,3400.665,34.19,8,,,,,,,,,,,,,,,,,,,vllm,,,0.0,3400.665,1.0,1.0,2.0,144.0,288.0,3.0,15.435,9.857,1.0,1.0,1.0,1.0,1.0,tp1pp1dp1etp1ep1,nvfp4,fp8,bfloat16,nvfp4,half,125.349,vllm,0.19.0,b300_sxm,1.0,1.0,2.0,2.0,1.0,tp1pp1dp2etp2ep1,nvfp4,fp8,bfloat16,nvfp4,half,150.23,vllm,0.19.0,b300_sxm,0.0,0.0,0.0,,0.0,vllm,True,8,27205.32,27205.32,27205.32,3400.665,34.19,MiniMax M2.7 NVFP4 / vllm / disagg,False
minimax,MiniMax M2.7 NVFP4,disagg,minimax/nvidia/MiniMax-M2.7-NVFP4_b300_sxm_auto_isl4000_osl1000_ttft2000_tpot30_671125/disagg/pareto.csv,nvidia/MiniMax-M2.7-NVFP4,4000,1000,0,648,24.194,,,116.62,24.665,24756.955,24.194,3.024,24194.16,3024.27,40.543,8,,,,,,,,,,,,,,,,,,,vllm,,,0.0,3024.27,1.0,1.0,2.0,108.0,216.0,3.0,15.435,8.766,1.0,1.0,1.0,1.0,1.0,tp1pp1dp1etp1ep1,nvfp4,fp8,bfloat16,nvfp4,half,125.349,vllm,0.19.0,b300_sxm,1.0,1.0,2.0,1.0,2.0,tp1pp1dp2etp1ep2,nvfp4,fp8,bfloat16,nvfp4,half,128.944,vllm,0.19.0,b300_sxm,0.0,0.0,0.0,,0.0,vllm,True,8,24194.16,24194.16,24194.16,3024.27,40.543,MiniMax M2.7 NVFP4 / vllm / disagg,False
minimax,MiniMax M2.7 NVFP4,disagg,minimax/nvidia/MiniMax-M2.7-NVFP4_b300_sxm_auto_isl4000_osl1000_ttft2000_tpot30_671125/disagg/pareto.csv,nvidia/MiniMax-M2.7-NVFP4,4000,1000,0,544,20.627,,,116.62,24.287,24379.333,20.627,2.578,20627.32,2578.415,41.174,8,,,,,,,,,,,,,,,,,,,vllm,,,0.0,2578.415,1.0,1.0,4.0,136.0,544.0,1.0,15.435,22.421,1.0,1.0,1.0,1.0,1.0,tp1pp1dp1etp1ep1,nvfp4,fp8,bfloat16,nvfp4,half,125.349,vllm,0.19.0,b300_sxm,1.0,1.0,4.0,1.0,4.0,tp1pp1dp4etp1ep4,nvfp4,fp8,bfloat16,nvfp4,half,116.074,vllm,0.19.0,b300_sxm,0.0,0.0,0.0,,0.0,vllm,True,8,20627.32,20627.32,20627.32,2578.415,41.174,MiniMax M2.7 NVFP4 / vllm / disagg,False
minimax,MiniMax M2.7 NVFP4,disagg,minimax/nvidia/MiniMax-M2.7-NVFP4_b300_sxm_auto_isl4000_osl1000_ttft2000_tpot30_671125/disagg/pareto.csv,nvidia/MiniMax-M2.7-NVFP4,4000,1000,0,384,18.001,,,116.62,19.647,19743.973,18.001,2.25,18000.72,2250.09,50.899,8,,,,,,,,,,,,,,,,,,,vllm,,,0.0,2250.09,1.0,1.0,2.0,128.0,128.0,3.0,15.435,6.522,1.0,1.0,1.0,1.0,1.0,tp1pp1dp1etp1ep1,nvfp4,fp8,bfloat16,nvfp4,half,125.349,vllm,0.19.0,b300_sxm,2.0,1.0,1.0,1.0,2.0,tp2pp1dp1etp1ep2,nvfp4,fp8,bfloat16,nvfp4,half,101.974,vllm,0.19.0,b300_sxm,0.0,0.0,0.0,,0.0,vllm,True,8,18000.72,18000.72,18000.72,2250.09,50.899,MiniMax M2.7 NVFP4 / vllm / disagg,False
minimax,MiniMax M2.7 NVFP4,disagg,minimax/nvidia/MiniMax-M2.7-NVFP4_b300_sxm_auto_isl4000_osl1000_ttft2000_tpot30_671125/disagg/pareto.csv,nvidia/MiniMax-M2.7-NVFP4,4000,1000,0,368,17.277,,,116.62,19.616,19713.004,17.277,2.16,17276.68,2159.585,50.98,8,,,,,,,,,,,,,,,,,,,vllm,,,0.0,2159.585,1.0,1.0,4.0,92.0,368.0,1.0,15.435,18.779,1.0,1.0,1.0,1.0,1.0,tp1pp1dp1etp1ep1,nvfp4,fp8,bfloat16,nvfp4,half,125.349,vllm,0.19.0,b300_sxm,1.0,1.0,4.0,1.0,4.0,tp1pp1dp4etp1ep4,nvfp4,fp8,bfloat16,nvfp4,half,90.058,vllm,0.19.0,b300_sxm,0.0,0.0,0.0,,0.0,vllm,True,8,17276.68,17276.68,17276.68,2159.585,50.98,MiniMax M2.7 NVFP4 / vllm / disagg,False
minimax,MiniMax M2.7 NVFP4,disagg,minimax/nvidia/MiniMax-M2.7-NVFP4_b300_sxm_auto_isl4000_osl1000_ttft2000_tpot30_671125/disagg/pareto.csv,nvidia/MiniMax-M2.7-NVFP4,4000,1000,0,348,17.065,,,116.62,18.78,18877.84,17.065,2.133,17065.08,2133.135,53.248,8,,,,,,,,,,,,,,,,,,,vllm,,,0.0,2133.135,1.0,1.0,2.0,116.0,116.0,3.0,15.435,6.183,1.0,1.0,1.0,1.0,1.0,tp1pp1dp1etp1ep1,nvfp4,fp8,bfloat16,nvfp4,half,125.349,vllm,0.19.0,b300_sxm,2.0,1.0,1.0,1.0,2.0,tp2pp1dp1etp1ep2,nvfp4,fp8,bfloat16,nvfp4,half,98.426,vllm,0.19.0,b300_sxm,0.0,0.0,0.0,,0.0,vllm,True,8,17065.08,17065.08,17065.08,2133.135,53.248,MiniMax M2.7 NVFP4 / vllm / disagg,False
minimax,MiniMax M2.7 NVFP4,disagg,minimax/nvidia/MiniMax-M2.7-NVFP4_b300_sxm_auto_isl4000_osl1000_ttft2000_tpot30_671125/disagg/pareto.csv,nvidia/MiniMax-M2.7-NVFP4,4000,1000,0,336,16.562,,,116.62,18.683,18780.937,16.562,2.07,16561.84,2070.23,53.525,8,,,,,,,,,,,,,,,,,,,vllm,,,0.0,2070.23,1.0,1.0,4.0,84.0,336.0,1.0,15.435,18.002,1.0,1.0,1.0,1.0,1.0,tp1pp1dp1etp1ep1,nvfp4,fp8,bfloat16,nvfp4,half,125.349,vllm,0.19.0,b300_sxm,1.0,1.0,4.0,1.0,4.0,tp1pp1dp4etp1ep4,nvfp4,fp8,bfloat16,nvfp4,half,85.328,vllm,0.19.0,b300_sxm,0.0,0.0,0.0,,0.0,vllm,True,8,16561.84,16561.84,16561.84,2070.23,53.525,MiniMax M2.7 NVFP4 / vllm / disagg,False
minimax,MiniMax M2.7 NVFP4,disagg,minimax/nvidia/MiniMax-M2.7-NVFP4_b300_sxm_auto_isl4000_osl1000_ttft2000_tpot30_671125/disagg/pareto.csv,nvidia/MiniMax-M2.7-NVFP4,4000,1000,0,312,16.041,,,116.62,17.913,18011.707,16.041,2.005,16041.12,2005.14,55.826,8,,,,,,,,,,,,,,,,,,,vllm,,,0.0,2005.14,1.0,1.0,2.0,104.0,104.0,3.0,15.435,5.812,1.0,1.0,1.0,1.0,1.0,tp1pp1dp1etp1ep1,nvfp4,fp8,bfloat16,nvfp4,half,125.349,vllm,0.19.0,b300_sxm,2.0,1.0,1.0,1.0,2.0,tp2pp1dp1etp1ep2,nvfp4,fp8,bfloat16,nvfp4,half,94.879,vllm,0.19.0,b300_sxm,0.0,0.0,0.0,,0.0,vllm,True,8,16041.12,16041.12,16041.12,2005.14,55.826,MiniMax M2.7 NVFP4 / vllm / disagg,False
minimax,MiniMax M2.7 NVFP4,disagg,minimax/nvidia/MiniMax-M2.7-NVFP4_b300_sxm_auto_isl4000_osl1000_ttft2000_tpot30_671125/disagg/pareto.csv,nvidia/MiniMax-M2.7-NVFP4,4000,1000,0,304,15.635,,,116.62,17.905,18003.715,15.635,1.954,15635.4,1954.425,55.85,8,,,,,,,,,,,,,,,,,,,vllm,,,0.0,1954.425,1.0,1.0,4.0,76.0,304.0,1.0,15.435,16.995,1.0,1.0,1.0,1.0,1.0,tp1pp1dp1etp1ep1,nvfp4,fp8,bfloat16,nvfp4,half,125.349,vllm,0.19.0,b300_sxm,1.0,1.0,4.0,1.0,4.0,tp1pp1dp4etp1ep4,nvfp4,fp8,bfloat16,nvfp4,half,80.597,vllm,0.19.0,b300_sxm,0.0,0.0,0.0,,0.0,vllm,True,8,15635.4,15635.4,15635.4,1954.425,55.85,MiniMax M2.7 NVFP4 / vllm / disagg,False
minimax,MiniMax M2.7 NVFP4,disagg,minimax/nvidia/MiniMax-M2.7-NVFP4_b300_sxm_auto_isl4000_osl1000_ttft2000_tpot30_671125/disagg/pareto.csv,nvidia/MiniMax-M2.7-NVFP4,4000,1000,0,300,15.5,,,116.62,17.825,17923.795,15.5,1.938,15500.16,1937.52,56.1,8,,,,,,,,,,,,,,,,,,,vllm,,,0.0,1937.52,1.0,1.0,2.0,100.0,100.0,3.0,15.435,5.616,1.0,1.0,1.0,1.0,1.0,tp1pp1dp1etp1ep1,nvfp4,fp8,bfloat16,nvfp4,half,125.349,vllm,0.19.0,b300_sxm,2.0,1.0,1.0,2.0,1.0,tp2pp1dp1etp2ep1,nvfp4,fp8,bfloat16,nvfp4,half,93.696,vllm,0.19.0,b300_sxm,0.0,0.0,0.0,,0.0,vllm,True,8,15500.16,15500.16,15500.16,1937.52,56.1,MiniMax M2.7 NVFP4 / vllm / disagg,False
minimax,MiniMax M2.7 NVFP4,disagg,minimax/nvidia/MiniMax-M2.7-NVFP4_b300_sxm_auto_isl4000_osl1000_ttft2000_tpot30_671125/disagg/pareto.csv,nvidia/MiniMax-M2.7-NVFP4,4000,1000,0,288,15.045,,,116.62,17.628,17726.992,15.045,1.881,15044.76,1880.595,56.727,8,,,,,,,,,,,,,,,,,,,vllm,,,0.0,1880.595,1.0,1.0,2.0,48.0,96.0,3.0,15.435,5.451,1.0,1.0,1.0,1.0,1.0,tp1pp1dp1etp1ep1,nvfp4,fp8,bfloat16,nvfp4,half,125.349,vllm,0.19.0,b300_sxm,1.0,1.0,2.0,1.0,2.0,tp1pp1dp2etp1ep2,nvfp4,fp8,bfloat16,nvfp4,half,93.467,vllm,0.19.0,b300_sxm,0.0,0.0,0.0,,0.0,vllm,True,8,15044.76,15044.76,15044.76,1880.595,56.727,MiniMax M2.7 NVFP4 / vllm / disagg,False
minimax,MiniMax M2.7 NVFP4,disagg,minimax/nvidia/MiniMax-M2.7-NVFP4_b300_sxm_auto_isl4000_osl1000_ttft2000_tpot30_671125/disagg/pareto.csv,nvidia/MiniMax-M2.7-NVFP4,4000,1000,0,264,14.429,,,116.62,16.849,16948.771,14.429,1.804,14429.28,1803.66,59.35,8,,,,,,,,,,,,,,,,,,,vllm,,,0.0,1803.66,1.0,1.0,2.0,88.0,88.0,3.0,15.435,5.228,1.0,1.0,1.0,1.0,1.0,tp1pp1dp1etp1ep1,nvfp4,fp8,bfloat16,nvfp4,half,125.349,vllm,0.19.0,b300_sxm,2.0,1.0,1.0,1.0,2.0,tp2pp1dp1etp1ep2,nvfp4,fp8,bfloat16,nvfp4,half,90.149,vllm,0.19.0,b300_sxm,0.0,0.0,0.0,,0.0,vllm,True,8,14429.28,14429.28,14429.28,1803.66,59.35,MiniMax M2.7 NVFP4 / vllm / disagg,False
minimax,MiniMax M2.7 NVFP4,disagg,minimax/nvidia/MiniMax-M2.7-NVFP4_b300_sxm_auto_isl4000_osl1000_ttft2000_tpot30_671125/disagg/pareto.csv,nvidia/MiniMax-M2.7-NVFP4,4000,1000,0,256,14.066,,,116.62,16.76,16859.86,14.066,1.758,14065.88,1758.235,59.664,8,,,,,,,,,,,,,,,,,,,vllm,,,0.0,1758.235,1.0,1.0,4.0,64.0,256.0,1.0,15.435,15.289,1.0,1.0,1.0,1.0,1.0,tp1pp1dp1etp1ep1,nvfp4,fp8,bfloat16,nvfp4,half,125.349,vllm,0.19.0,b300_sxm,1.0,1.0,4.0,1.0,4.0,tp1pp1dp4etp1ep4,nvfp4,fp8,bfloat16,nvfp4,half,73.502,vllm,0.19.0,b300_sxm,0.0,0.0,0.0,,0.0,vllm,True,8,14065.88,14065.88,14065.88,1758.235,59.664,MiniMax M2.7 NVFP4 / vllm / disagg,False
minimax,MiniMax M2.7 NVFP4,disagg,minimax/nvidia/MiniMax-M2.7-NVFP4_b300_sxm_auto_isl4000_osl1000_ttft2000_tpot30_671125/disagg/pareto.csv,nvidia/MiniMax-M2.7-NVFP4,4000,1000,0,224,12.92,,,116.62,15.966,16066.654,12.92,1.615,12920.48,1615.06,62.634,8,,,,,,,,,,,,,,,,,,,vllm,,,0.0,1615.06,1.0,1.0,4.0,56.0,224.0,1.0,15.435,14.044,1.0,1.0,1.0,1.0,1.0,tp1pp1dp1etp1ep1,nvfp4,fp8,bfloat16,nvfp4,half,125.349,vllm,0.19.0,b300_sxm,1.0,1.0,4.0,1.0,4.0,tp1pp1dp4etp1ep4,nvfp4,fp8,bfloat16,nvfp4,half,68.772,vllm,0.19.0,b300_sxm,0.0,0.0,0.0,,0.0,vllm,True,8,12920.48,12920.48,12920.48,1615.06,62.634,MiniMax M2.7 NVFP4 / vllm / disagg,False
minimax,MiniMax M2.7 NVFP4,disagg,minimax/nvidia/MiniMax-M2.7-NVFP4_b300_sxm_auto_isl4000_osl1000_ttft2000_tpot30_671125/disagg/pareto.csv,nvidia/MiniMax-M2.7-NVFP4,4000,1000,0,216,12.577,,,116.62,15.817,15917.803,12.577,1.572,12577.32,1572.165,63.222,8,,,,,,,,,,,,,,,,,,,vllm,,,0.0,1572.165,1.0,1.0,2.0,72.0,72.0,3.0,15.435,4.557,1.0,1.0,1.0,1.0,1.0,tp1pp1dp1etp1ep1,nvfp4,fp8,bfloat16,nvfp4,half,125.349,vllm,0.19.0,b300_sxm,2.0,1.0,1.0,1.0,2.0,tp2pp1dp1etp1ep2,nvfp4,fp8,bfloat16,nvfp4,half,85.418,vllm,0.19.0,b300_sxm,0.0,0.0,0.0,,0.0,vllm,True,8,12577.32,12577.32,12577.32,1572.165,63.222,MiniMax M2.7 NVFP4 / vllm / disagg,False
minimax,MiniMax M2.7 NVFP4,disagg,minimax/nvidia/MiniMax-M2.7-NVFP4_b300_sxm_auto_isl4000_osl1000_ttft2000_tpot30_671125/disagg/pareto.csv,nvidia/MiniMax-M2.7-NVFP4,4000,1000,0,210,12.41,,,116.62,15.58,15681.04,12.41,1.551,12409.88,1551.235,64.185,8,,,,,,,,,,,,,,,,,,,vllm,,,0.0,1551.235,1.0,1.0,1.0,30.0,30.0,7.0,15.435,1.927,1.0,1.0,1.0,1.0,1.0,tp1pp1dp1etp1ep1,nvfp4,fp8,bfloat16,nvfp4,half,125.349,vllm,0.19.0,b300_sxm,1.0,1.0,1.0,1.0,1.0,tp1pp1dp1etp1ep1,nvfp4,fp8,bfloat16,nvfp4,half,141.676,vllm,0.19.0,b300_sxm,0.0,0.0,0.0,,0.0,vllm,True,8,12409.88,12409.88,12409.88,1551.235,64.185,MiniMax M2.7 NVFP4 / vllm / disagg,False
minimax,MiniMax M2.7 NVFP4,disagg,minimax/nvidia/MiniMax-M2.7-NVFP4_b300_sxm_auto_isl4000_osl1000_ttft2000_tpot30_671125/disagg/pareto.csv,nvidia/MiniMax-M2.7-NVFP4,4000,1000,0,182,11.425,,,116.62,14.669,14770.951,11.425,1.428,11424.56,1428.07,68.173,8,,,,,,,,,,,,,,,,,,,vllm,,,0.0,1428.07,1.0,1.0,1.0,26.0,26.0,7.0,15.435,1.774,1.0,1.0,1.0,1.0,1.0,tp1pp1dp1etp1ep1,nvfp4,fp8,bfloat16,nvfp4,half,125.349,vllm,0.19.0,b300_sxm,1.0,1.0,1.0,1.0,1.0,tp1pp1dp1etp1ep1,nvfp4,fp8,bfloat16,nvfp4,half,139.311,vllm,0.19.0,b300_sxm,0.0,0.0,0.0,,0.0,vllm,True,8,11424.56,11424.56,11424.56,1428.07,68.173,MiniMax M2.7 NVFP4 / vllm / disagg,False
minimax,MiniMax M2.7 NVFP4,disagg,minimax/nvidia/MiniMax-M2.7-NVFP4_b300_sxm_auto_isl4000_osl1000_ttft2000_tpot30_671125/disagg/pareto.csv,nvidia/MiniMax-M2.7-NVFP4,4000,1000,0,176,11.078,,,116.62,14.632,14733.988,11.078,1.385,11077.72,1384.715,68.345,8,,,,,,,,,,,,,,,,,,,vllm,,,0.0,1384.715,1.0,1.0,4.0,44.0,176.0,1.0,15.435,12.041,1.0,1.0,1.0,1.0,1.0,tp1pp1dp1etp1ep1,nvfp4,fp8,bfloat16,nvfp4,half,125.349,vllm,0.19.0,b300_sxm,1.0,1.0,4.0,1.0,4.0,tp1pp1dp4etp1ep4,nvfp4,fp8,bfloat16,nvfp4,half,61.676,vllm,0.19.0,b300_sxm,0.0,0.0,0.0,,0.0,vllm,True,8,11077.72,11077.72,11077.72,1384.715,68.345,MiniMax M2.7 NVFP4 / vllm / disagg,False
minimax,MiniMax M2.7 NVFP4,disagg,minimax/nvidia/MiniMax-M2.7-NVFP4_b300_sxm_auto_isl4000_osl1000_ttft2000_tpot30_671125/disagg/pareto.csv,nvidia/MiniMax-M2.7-NVFP4,4000,1000,0,154,10.31,,,116.62,13.757,13859.863,10.31,1.289,10310.44,1288.805,72.689,8,,,,,,,,,,,,,,,,,,,vllm,,,0.0,1288.805,1.0,1.0,1.0,22.0,22.0,7.0,15.435,1.601,1.0,1.0,1.0,1.0,1.0,tp1pp1dp1etp1ep1,nvfp4,fp8,bfloat16,nvfp4,half,125.349,vllm,0.19.0,b300_sxm,1.0,1.0,1.0,1.0,1.0,tp1pp1dp1etp1ep1,nvfp4,fp8,bfloat16,nvfp4,half,136.946,vllm,0.19.0,b300_sxm,0.0,0.0,0.0,,0.0,vllm,True,8,10310.44,10310.44,10310.44,1288.805,72.689,MiniMax M2.7 NVFP4 / vllm / disagg,False
minimax,MiniMax M2.7 NVFP4,disagg,minimax/nvidia/MiniMax-M2.7-NVFP4_b300_sxm_auto_isl4000_osl1000_ttft2000_tpot30_671125/disagg/pareto.csv,nvidia/MiniMax-M2.7-NVFP4,4000,1000,0,132,9.188,,,116.62,13.229,13332.391,9.188,1.149,9188.04,1148.505,75.589,8,,,,,,,,,,,,,,,,,,,vllm,,,0.0,1148.505,1.0,1.0,2.0,44.0,44.0,3.0,15.435,3.329,1.0,1.0,1.0,1.0,1.0,tp1pp1dp1etp1ep1,nvfp4,fp8,bfloat16,nvfp4,half,125.349,vllm,0.19.0,b300_sxm,2.0,1.0,1.0,1.0,2.0,tp2pp1dp1etp1ep2,nvfp4,fp8,bfloat16,nvfp4,half,77.14,vllm,0.19.0,b300_sxm,0.0,0.0,0.0,,0.0,vllm,True,8,9188.04,9188.04,9188.04,1148.505,75.589,MiniMax M2.7 NVFP4 / vllm / disagg,False
minimax,MiniMax M2.7 NVFP4,disagg,minimax/nvidia/MiniMax-M2.7-NVFP4_b300_sxm_auto_isl4000_osl1000_ttft2000_tpot30_671125/disagg/pareto.csv,nvidia/MiniMax-M2.7-NVFP4,4000,1000,0,126,9.035,,,116.62,12.846,12949.774,9.035,1.129,9035.32,1129.415,77.847,8,,,,,,,,,,,,,,,,,,,vllm,,,0.0,1129.415,1.0,1.0,1.0,18.0,18.0,7.0,15.435,1.403,1.0,1.0,1.0,1.0,1.0,tp1pp1dp1etp1ep1,nvfp4,fp8,bfloat16,nvfp4,half,125.349,vllm,0.19.0,b300_sxm,1.0,1.0,1.0,1.0,1.0,tp1pp1dp1etp1ep1,nvfp4,fp8,bfloat16,nvfp4,half,134.581,vllm,0.19.0,b300_sxm,0.0,0.0,0.0,,0.0,vllm,True,8,9035.32,9035.32,9035.32,1129.415,77.847,MiniMax M2.7 NVFP4 / vllm / disagg,False
minimax,MiniMax M2.7 NVFP4,disagg,minimax/nvidia/MiniMax-M2.7-NVFP4_b300_sxm_auto_isl4000_osl1000_ttft2000_tpot30_671125/disagg/pareto.csv,nvidia/MiniMax-M2.7-NVFP4,4000,1000,0,120,8.862,,,116.62,12.468,12572.152,8.862,1.108,8862.36,1107.795,80.203,8,,,,,,,,,,,,,,,,,,,vllm,,,0.0,1107.795,1.0,1.0,2.0,40.0,40.0,3.0,15.435,3.211,1.0,1.0,1.0,1.0,1.0,tp1pp1dp1etp1ep1,nvfp4,fp8,bfloat16,nvfp4,half,125.349,vllm,0.19.0,b300_sxm,2.0,1.0,1.0,1.0,2.0,tp2pp1dp1etp1ep2,nvfp4,fp8,bfloat16,nvfp4,half,75.958,vllm,0.19.0,b300_sxm,0.0,0.0,0.0,,0.0,vllm,True,8,8862.36,8862.36,8862.36,1107.795,80.203,MiniMax M2.7 NVFP4 / vllm / disagg,False
minimax,MiniMax M2.7 NVFP4,disagg,minimax/nvidia/MiniMax-M2.7-NVFP4_b300_sxm_auto_isl4000_osl1000_ttft2000_tpot30_671125/disagg/pareto.csv,nvidia/MiniMax-M2.7-NVFP4,4000,1000,0,108,8.49,,,116.62,11.717,11821.903,8.49,1.061,8489.76,1061.22,85.348,8,,,,,,,,,,,,,,,,,,,vllm,,,0.0,1061.22,1.0,1.0,2.0,36.0,36.0,3.0,15.435,3.076,1.0,1.0,1.0,1.0,1.0,tp1pp1dp1etp1ep1,nvfp4,fp8,bfloat16,nvfp4,half,125.349,vllm,0.19.0,b300_sxm,2.0,1.0,1.0,1.0,2.0,tp2pp1dp1etp1ep2,nvfp4,fp8,bfloat16,nvfp4,half,74.775,vllm,0.19.0,b300_sxm,0.0,0.0,0.0,,0.0,vllm,True,8,8489.76,8489.76,8489.76,1061.22,85.348,MiniMax M2.7 NVFP4 / vllm / disagg,False
minimax,MiniMax M2.7 NVFP4,disagg,minimax/nvidia/MiniMax-M2.7-NVFP4_b300_sxm_auto_isl4000_osl1000_ttft2000_tpot30_671125/disagg/pareto.csv,nvidia/MiniMax-M2.7-NVFP4,4000,1000,0,96,8.09,,,116.62,10.927,11032.693,8.09,1.011,8089.56,1011.195,91.514,8,,,,,,,,,,,,,,,,,,,vllm,,,0.0,1011.195,1.0,1.0,2.0,32.0,32.0,3.0,15.435,2.931,1.0,1.0,1.0,1.0,1.0,tp1pp1dp1etp1ep1,nvfp4,fp8,bfloat16,nvfp4,half,125.349,vllm,0.19.0,b300_sxm,2.0,1.0,1.0,1.0,2.0,tp2pp1dp1etp1ep2,nvfp4,fp8,bfloat16,nvfp4,half,73.593,vllm,0.19.0,b300_sxm,0.0,0.0,0.0,,0.0,vllm,True,8,8089.56,8089.56,8089.56,1011.195,91.514,MiniMax M2.7 NVFP4 / vllm / disagg,False
minimax,MiniMax M2.7 NVFP4,disagg,minimax/nvidia/MiniMax-M2.7-NVFP4_b300_sxm_auto_isl4000_osl1000_ttft2000_tpot30_671125/disagg/pareto.csv,nvidia/MiniMax-M2.7-NVFP4,4000,1000,0,90,7.634,,,116.62,10.858,10963.762,7.634,0.954,7634.16,954.27,92.099,8,,,,,,,,,,,,,,,,,,,vllm,,,0.0,954.27,1.0,1.0,2.0,30.0,30.0,3.0,15.435,2.766,1.0,1.0,1.0,1.0,1.0,tp1pp1dp1etp1ep1,nvfp4,fp8,bfloat16,nvfp4,half,125.349,vllm,0.19.0,b300_sxm,2.0,1.0,1.0,2.0,1.0,tp2pp1dp1etp2ep1,nvfp4,fp8,bfloat16,nvfp4,half,73.001,vllm,0.19.0,b300_sxm,0.0,0.0,0.0,,0.0,vllm,True,8,7634.16,7634.16,7634.16,954.27,92.099,MiniMax M2.7 NVFP4 / vllm / disagg,False
minimax,MiniMax M2.7 NVFP4,disagg,minimax/nvidia/MiniMax-M2.7-NVFP4_b300_sxm_auto_isl4000_osl1000_ttft2000_tpot30_671125/disagg/pareto.csv,nvidia/MiniMax-M2.7-NVFP4,4000,1000,0,84,7.258,,,116.62,10.656,10761.964,7.258,0.907,7257.88,907.235,93.844,8,,,,,,,,,,,,,,,,,,,vllm,,,0.0,907.235,1.0,1.0,1.0,12.0,12.0,7.0,15.435,1.127,1.0,1.0,1.0,1.0,1.0,tp1pp1dp1etp1ep1,nvfp4,fp8,bfloat16,nvfp4,half,125.349,vllm,0.19.0,b300_sxm,1.0,1.0,1.0,1.0,1.0,tp1pp1dp1etp1ep1,nvfp4,fp8,bfloat16,nvfp4,half,131.033,vllm,0.19.0,b300_sxm,0.0,0.0,0.0,,0.0,vllm,True,8,7257.88,7257.88,7257.88,907.235,93.844,MiniMax M2.7 NVFP4 / vllm / disagg,False
minimax,MiniMax M2.7 NVFP4,disagg,minimax/nvidia/MiniMax-M2.7-NVFP4_b300_sxm_auto_isl4000_osl1000_ttft2000_tpot30_671125/disagg/pareto.csv,nvidia/MiniMax-M2.7-NVFP4,4000,1000,0,72,6.726,,,116.62,9.856,9962.764,6.726,0.841,6726.12,840.765,101.46,8,,,,,,,,,,,,,,,,,,,vllm,,,0.0,840.765,1.0,1.0,2.0,24.0,24.0,3.0,15.435,2.437,1.0,1.0,1.0,1.0,1.0,tp1pp1dp1etp1ep1,nvfp4,fp8,bfloat16,nvfp4,half,125.349,vllm,0.19.0,b300_sxm,2.0,1.0,1.0,1.0,2.0,tp2pp1dp1etp1ep2,nvfp4,fp8,bfloat16,nvfp4,half,71.228,vllm,0.19.0,b300_sxm,0.0,0.0,0.0,,0.0,vllm,True,8,6726.12,6726.12,6726.12,840.765,101.46,MiniMax M2.7 NVFP4 / vllm / disagg,False
minimax,MiniMax M2.7 NVFP4,disagg,minimax/nvidia/MiniMax-M2.7-NVFP4_b300_sxm_auto_isl4000_osl1000_ttft2000_tpot30_671125/disagg/pareto.csv,nvidia/MiniMax-M2.7-NVFP4,4000,1000,0,70,6.562,,,116.62,9.82,9926.8,6.562,0.82,6562.36,820.295,101.834,8,,,,,,,,,,,,,,,,,,,vllm,,,0.0,820.295,1.0,1.0,1.0,10.0,10.0,7.0,15.435,1.019,1.0,1.0,1.0,1.0,1.0,tp1pp1dp1etp1ep1,nvfp4,fp8,bfloat16,nvfp4,half,125.349,vllm,0.19.0,b300_sxm,1.0,1.0,1.0,1.0,1.0,tp1pp1dp1etp1ep1,nvfp4,fp8,bfloat16,nvfp4,half,129.85,vllm,0.19.0,b300_sxm,0.0,0.0,0.0,,0.0,vllm,True,8,6562.36,6562.36,6562.36,820.295,101.834,MiniMax M2.7 NVFP4 / vllm / disagg,False
minimax,MiniMax M2.7 NVFP4,disagg,minimax/nvidia/MiniMax-M2.7-NVFP4_b300_sxm_auto_isl4000_osl1000_ttft2000_tpot30_671125/disagg/pareto.csv,nvidia/MiniMax-M2.7-NVFP4,4000,1000,0,66,6.227,,,116.62,9.763,9869.857,6.227,0.778,6226.56,778.32,102.43,8,,,,,,,,,,,,,,,,,,,vllm,,,0.0,778.32,1.0,1.0,2.0,22.0,22.0,3.0,15.435,2.256,1.0,1.0,1.0,1.0,1.0,tp1pp1dp1etp1ep1,nvfp4,fp8,bfloat16,nvfp4,half,125.349,vllm,0.19.0,b300_sxm,2.0,1.0,1.0,2.0,1.0,tp2pp1dp1etp2ep1,nvfp4,fp8,bfloat16,nvfp4,half,70.636,vllm,0.19.0,b300_sxm,0.0,0.0,0.0,,0.0,vllm,True,8,6226.56,6226.56,6226.56,778.32,102.43,MiniMax M2.7 NVFP4 / vllm / disagg,False
minimax,MiniMax M2.7 NVFP4,disagg,minimax/nvidia/MiniMax-M2.7-NVFP4_b300_sxm_auto_isl4000_osl1000_ttft2000_tpot30_671125/disagg/pareto.csv,nvidia/MiniMax-M2.7-NVFP4,4000,1000,0,49,5.358,,,116.62,8.417,8525.203,5.358,0.67,5358.08,669.76,118.808,8,,,,,,,,,,,,,,,,,,,vllm,,,0.0,669.76,1.0,1.0,1.0,7.0,7.0,7.0,15.435,0.832,1.0,1.0,1.0,1.0,1.0,tp1pp1dp1etp1ep1,nvfp4,fp8,bfloat16,nvfp4,half,125.349,vllm,0.19.0,b300_sxm,1.0,1.0,1.0,1.0,1.0,tp1pp1dp1etp1ep1,nvfp4,fp8,bfloat16,nvfp4,half,128.076,vllm,0.19.0,b300_sxm,0.0,0.0,0.0,,0.0,vllm,True,8,5358.08,5358.08,5358.08,669.76,118.808,MiniMax M2.7 NVFP4 / vllm / disagg,False
minimax,MiniMax M2.7 NVFP4,disagg,minimax/nvidia/MiniMax-M2.7-NVFP4_b300_sxm_auto_isl4000_osl1000_ttft2000_tpot30_671125/disagg/pareto.csv,nvidia/MiniMax-M2.7-NVFP4,4000,1000,0,42,4.939,,,116.62,7.835,7943.785,4.939,0.617,4939.48,617.435,127.635,8,,,,,,,,,,,,,,,,,,,vllm,,,0.0,617.435,1.0,1.0,1.0,6.0,6.0,7.0,15.435,0.767,1.0,1.0,1.0,1.0,1.0,tp1pp1dp1etp1ep1,nvfp4,fp8,bfloat16,nvfp4,half,125.349,vllm,0.19.0,b300_sxm,1.0,1.0,1.0,1.0,1.0,tp1pp1dp1etp1ep1,nvfp4,fp8,bfloat16,nvfp4,half,127.485,vllm,0.19.0,b300_sxm,0.0,0.0,0.0,,0.0,vllm,True,8,4939.48,4939.48,4939.48,617.435,127.635,MiniMax M2.7 NVFP4 / vllm / disagg,False
minimax,MiniMax M2.7 NVFP4,disagg,minimax/nvidia/MiniMax-M2.7-NVFP4_b300_sxm_auto_isl4000_osl1000_ttft2000_tpot30_671125/disagg/pareto.csv,nvidia/MiniMax-M2.7-NVFP4,4000,1000,0,28,3.838,,,116.62,6.714,6823.906,3.838,0.48,3838.24,479.78,148.934,8,,,,,,,,,,,,,,,,,,,vllm,,,0.0,479.78,1.0,1.0,1.0,4.0,4.0,7.0,15.435,0.596,1.0,1.0,1.0,1.0,1.0,tp1pp1dp1etp1ep1,nvfp4,fp8,bfloat16,nvfp4,half,125.349,vllm,0.19.0,b300_sxm,1.0,1.0,1.0,1.0,1.0,tp1pp1dp1etp1ep1,nvfp4,fp8,bfloat16,nvfp4,half,126.303,vllm,0.19.0,b300_sxm,0.0,0.0,0.0,,0.0,vllm,True,8,3838.24,3838.24,3838.24,479.78,148.934,MiniMax M2.7 NVFP4 / vllm / disagg,False
minimax,MiniMax M2.7 NVFP4,disagg,minimax/nvidia/MiniMax-M2.7-NVFP4_b300_sxm_auto_isl4000_osl1000_ttft2000_tpot30_671125/disagg/pareto.csv,nvidia/MiniMax-M2.7-NVFP4,4000,1000,0,14,2.338,,,116.62,5.509,5620.111,2.338,0.292,2337.72,292.215,181.519,8,,,,,,,,,,,,,,,,,,,vllm,,,0.0,292.215,1.0,1.0,1.0,2.0,2.0,7.0,15.435,0.363,1.0,1.0,1.0,1.0,1.0,tp1pp1dp1etp1ep1,nvfp4,fp8,bfloat16,nvfp4,half,125.349,vllm,0.19.0,b300_sxm,1.0,1.0,1.0,1.0,1.0,tp1pp1dp1etp1ep1,nvfp4,fp8,bfloat16,nvfp4,half,125.12,vllm,0.19.0,b300_sxm,0.0,0.0,0.0,,0.0,vllm,True,8,2337.72,2337.72,2337.72,292.215,181.519,MiniMax M2.7 NVFP4 / vllm / disagg,False
minimax,MiniMax M2.7 NVFP4,disagg,minimax/nvidia/MiniMax-M2.7-NVFP4_b300_sxm_auto_isl4000_osl1000_ttft2000_tpot30_671125/disagg/pareto.csv,nvidia/MiniMax-M2.7-NVFP4,4000,1000,0,7,1.449,,,116.62,4.457,4569.163,1.449,0.181,1449.0,181.125,224.362,8,,,,,,,,,,,,,,,,,,,vllm,,,0.0,181.125,1.0,1.0,1.0,1.0,1.0,7.0,15.435,0.225,1.0,1.0,1.0,1.0,1.0,tp1pp1dp1etp1ep1,nvfp4,fp8,bfloat16,nvfp4,half,125.349,vllm,0.19.0,b300_sxm,1.0,1.0,1.0,1.0,1.0,tp1pp1dp1etp1ep1,nvfp4,fp8,bfloat16,nvfp4,half,124.529,vllm,0.19.0,b300_sxm,0.0,0.0,0.0,,0.0,vllm,True,8,1449.0,1449.0,1449.0,181.125,224.362,MiniMax M2.7 NVFP4 / vllm / disagg,False
